#VRML V2.0 utf8
# 3D model generated by easyeda2kicad.py (https://github.com/uPesy/easyeda2kicad.py)

Shape{
    appearance Appearance {
        material  Material 	{
            diffuseColor 0.7529411764705882 0.7529411764705882 0.7529411764705882
            specularColor 0.3764705882352941 0.3764705882352941 0.3764705882352941
            ambientIntensity 0.7529
            transparency 0.0
            shininess 0.5
        }
    }
    geometry IndexedFaceSet {
        ccw TRUE
        solid FALSE
        coord DEF co Coordinate {
            point [
                2.124 -2.1976 0.7663, 2.124 -2.1976 0.9055, 1.9665 -2.1976 0.7663, 1.9665 -2.1976 0.9055, 2.124 -1.9403 0.0, 2.124 -2.178 0.0, 1.9665 -1.9403 0.0, 1.9665 -2.178 0.0, 2.124 -2.1189 0.9843, 2.124 -0.8591 0.9843, 1.9665 -2.1189 0.9843, 1.9665 -0.8591 0.9843, 1.9665 -0.8591 0.0787, 2.124 -0.8591 0.0787, 1.9665 -1.7357 0.0394, 1.9665 -1.7483 0.0557, 1.9665 -2.1976 0.0197, 1.9665 -2.1976 0.4935, 1.9665 -1.8721 0.0394, 1.9665 -1.8596 0.0557, 1.9665 -0.9378 0.0, 1.9665 -1.7646 0.0682, 1.9665 -1.7836 0.0761, 1.9665 -2.1871 0.5329, 1.9665 -2.1746 0.5492, 1.9665 -1.8433 0.0682, 1.9665 -2.1878 0.0026, 1.9665 -2.1919 0.0058, 1.9665 -2.195 0.0098, 1.9665 -1.6676 0.0, 1.9665 -1.6839 0.0017, 1.9665 -1.6996 0.0068, 1.9665 -2.1236 0.603, 1.9665 -2.1194 0.6208, 1.9665 -1.8243 0.0761, 1.9665 -2.1194 0.6391, 1.9665 -1.8846 0.0231, 1.9665 -1.901 0.0105, 1.9665 -1.7138 0.015, 1.9665 -1.7261 0.0261, 1.9665 -2.1583 0.5617, 1.9665 -2.1436 0.5726, 1.9665 -2.1319 0.5867, 1.9665 -1.8039 0.0787, 1.9665 -2.1236 0.6569, 1.9665 -2.1319 0.6732, 1.9665 -2.1436 0.6872, 1.9665 -2.1583 0.6981, 1.9665 -2.195 0.5139, 1.9665 -1.9199 0.0027, 1.9665 -2.197 0.0146, 1.9665 -2.183 0.0007, 1.9665 -2.1959 0.7499, 1.9665 -2.1716 0.7078, 1.9665 -2.1908 0.7343, 1.9665 -2.1826 0.72, 2.124 -2.1976 0.4935, 2.124 -2.1976 0.0197, 2.124 -1.7836 0.0761, 2.124 -1.7646 0.0682, 2.124 -1.901 0.0105, 2.124 -1.8846 0.0231, 2.124 -1.8721 0.0394, 2.124 -0.9378 0.0, 2.124 -1.6676 0.0, 2.124 -1.6839 0.0017, 2.124 -2.1194 0.6391, 2.124 -2.1194 0.6208, 2.124 -1.8243 0.0761, 2.124 -2.195 0.0098, 2.124 -2.1919 0.0058, 2.124 -2.1878 0.0026, 2.124 -1.9199 0.0027, 2.124 -1.8596 0.0557, 2.124 -2.195 0.5139, 2.124 -1.8433 0.0682, 2.124 -2.1583 0.6981, 2.124 -2.1436 0.6872, 2.124 -2.1319 0.6732, 2.124 -2.1236 0.6569, 2.124 -1.7483 0.0557, 2.124 -1.7357 0.0394, 2.124 -1.7261 0.0261, 2.124 -2.197 0.0146, 2.124 -2.183 0.0007, 2.124 -2.1583 0.5617, 2.124 -2.1746 0.5492, 2.124 -2.1871 0.5329, 2.124 -1.8039 0.0787, 2.124 -2.1236 0.603, 2.124 -2.1319 0.5867, 2.124 -2.1436 0.5726, 2.124 -1.7138 0.015, 2.124 -1.6996 0.0068, 2.124 -2.1908 0.7343, 2.124 -2.1826 0.72, 2.124 -2.1716 0.7078, 2.124 -2.1959 0.7499, -2.128 -2.1976 0.9055, -2.128 -2.1976 0.7663, -1.9705 -2.1976 0.9055, -1.9705 -2.1976 0.7663, -2.128 -2.178 0.0, -2.128 -1.9403 0.0, -1.9705 -2.178 0.0, -1.9705 -1.9403 0.0, -2.128 -0.8591 0.9843, -2.128 -2.1189 0.9843, -1.9705 -0.8591 0.9843, -1.9705 -2.1189 0.9843, -1.9705 -0.8591 0.0787, -2.128 -0.8591 0.0787, -1.9705 -1.7836 0.0761, -1.9705 -1.7646 0.0682, -1.9705 -0.9378 0.0, -1.9705 -1.6676 0.0, -1.9705 -1.6839 0.0017, -1.9705 -1.7483 0.0557, -1.9705 -1.7357 0.0394, -1.9705 -1.7261 0.0261, -1.9705 -1.8721 0.0394, -1.9705 -1.8433 0.0682, -1.9705 -2.1583 0.5617, -1.9705 -2.1746 0.5492, -1.9705 -1.8243 0.0761, -1.9705 -2.1194 0.6391, -1.9705 -2.1194 0.6208, -1.9705 -1.7138 0.015, -1.9705 -1.6996 0.0068, -1.9705 -2.1919 0.0058, -1.9705 -2.1878 0.0026, -1.9705 -2.195 0.0098, -1.9705 -2.183 0.0007, -1.9705 -1.9199 0.0027, -1.9705 -1.901 0.0105, -1.9705 -1.8846 0.0231, -1.9705 -2.1871 0.5329, -1.9705 -2.195 0.5139, -1.9705 -1.8596 0.0557, -1.9705 -2.1976 0.4935, -1.9705 -2.1976 0.0197, -1.9705 -2.197 0.0146, -1.9705 -2.1583 0.6981, -1.9705 -2.1436 0.6872, -1.9705 -2.1319 0.6732, -1.9705 -2.1236 0.6569, -1.9705 -2.1236 0.603, -1.9705 -2.1319 0.5867, -1.9705 -2.1436 0.5726, -1.9705 -1.8039 0.0787, -1.9705 -2.1908 0.7343, -1.9705 -2.1826 0.72, -1.9705 -2.1716 0.7078, -1.9705 -2.1959 0.7499, -2.128 -2.1976 0.0197, -2.128 -2.1976 0.4935, -2.128 -1.8596 0.0557, -2.128 -1.8721 0.0394, -2.128 -1.7357 0.0394, -2.128 -1.7483 0.0557, -2.128 -2.197 0.0146, -2.128 -0.9378 0.0, -2.128 -2.1878 0.0026, -2.128 -2.1919 0.0058, -2.128 -2.195 0.0098, -2.128 -1.7646 0.0682, -2.128 -1.7836 0.0761, -2.128 -1.8433 0.0682, -2.128 -2.1436 0.5726, -2.128 -1.8243 0.0761, -2.128 -2.1319 0.5867, -2.128 -2.1236 0.603, -2.128 -2.1194 0.6208, -2.128 -2.1194 0.6391, -2.128 -2.195 0.5139, -2.128 -2.1871 0.5329, -2.128 -1.901 0.0105, -2.128 -1.9199 0.0027, -2.128 -1.8846 0.0231, -2.128 -2.183 0.0007, -2.128 -1.6676 0.0, -2.128 -1.6839 0.0017, -2.128 -1.6996 0.0068, -2.128 -1.7138 0.015, -2.128 -1.7261 0.0261, -2.128 -2.1236 0.6569, -2.128 -2.1319 0.6732, -2.128 -2.1746 0.5492, -2.128 -2.1583 0.5617, -2.128 -1.8039 0.0787, -2.128 -2.1716 0.7078, -2.128 -2.1826 0.72, -2.128 -2.1908 0.7343, -2.128 -2.1436 0.6872, -2.128 -2.1583 0.6981, -2.128 -2.1959 0.7499
            ]
        }
        coordIndex [
            0,1,2,-1,2,1,3,-1,4,5,6,-1,6,5,7,-1,8,9,10,-1,10,9,11,-1,12,11,13,-1,13,11,9,-1,14,15,11,-1,16,17,18,-1,18,17,19,-1,11,12,20,-1,15,21,11,-1,11,21,22,-1,11,22,10,-1,23,24,25,-1,26,27,28,-1,20,29,11,-1,11,29,30,-1,11,30,31,-1,32,33,34,-1,34,33,35,-1,18,36,37,-1,31,38,11,-1,11,38,39,-1,11,39,14,-1,24,40,25,-1,25,40,41,-1,25,41,34,-1,34,41,42,-1,34,42,32,-1,22,43,10,-1,10,43,34,-1,10,34,44,-1,44,34,35,-1,44,45,10,-1,10,45,46,-1,10,46,47,-1,19,17,25,-1,25,17,48,-1,25,48,23,-1,37,49,18,-1,18,49,6,-1,18,6,16,-1,16,6,7,-1,16,7,50,-1,50,7,28,-1,28,7,51,-1,28,51,26,-1,3,10,2,-1,2,10,47,-1,2,47,52,-1,52,47,53,-1,52,53,54,-1,54,53,55,-1,17,16,56,-1,56,16,57,-1,58,59,9,-1,60,61,62,-1,63,13,64,-1,64,13,9,-1,64,9,65,-1,66,67,68,-1,69,70,71,-1,60,62,72,-1,57,62,56,-1,56,62,73,-1,56,73,74,-1,74,73,75,-1,76,77,8,-1,8,77,78,-1,8,78,79,-1,59,80,9,-1,9,80,81,-1,9,81,82,-1,57,83,5,-1,5,83,69,-1,5,69,84,-1,84,69,71,-1,57,5,62,-1,62,5,4,-1,62,4,72,-1,85,86,75,-1,75,86,87,-1,75,87,74,-1,58,9,88,-1,88,9,8,-1,88,8,68,-1,68,8,79,-1,68,79,66,-1,67,89,68,-1,68,89,90,-1,68,90,75,-1,75,90,91,-1,75,91,85,-1,82,92,9,-1,9,92,93,-1,9,93,65,-1,94,95,96,-1,8,1,76,-1,76,1,0,-1,76,0,96,-1,96,0,97,-1,96,97,94,-1,29,20,64,-1,64,20,63,-1,10,3,8,-1,8,3,1,-1,20,12,63,-1,63,12,13,-1,7,5,84,-1,7,84,51,-1,51,84,71,-1,51,71,26,-1,26,71,70,-1,26,70,27,-1,27,70,69,-1,27,69,28,-1,28,69,83,-1,28,83,50,-1,50,83,57,-1,50,57,16,-1,14,81,15,-1,15,81,80,-1,15,80,21,-1,21,80,59,-1,21,59,22,-1,22,59,58,-1,22,58,43,-1,43,58,88,-1,43,88,34,-1,34,88,68,-1,34,68,25,-1,25,68,75,-1,25,75,19,-1,19,75,73,-1,19,73,18,-1,18,73,62,-1,40,85,41,-1,41,85,91,-1,41,91,42,-1,42,91,90,-1,42,90,32,-1,32,90,89,-1,32,89,33,-1,33,89,67,-1,33,67,35,-1,35,67,66,-1,35,66,44,-1,44,66,79,-1,44,79,45,-1,45,79,78,-1,45,78,46,-1,46,78,77,-1,46,77,47,-1,47,77,76,-1,47,76,96,-1,47,96,53,-1,53,96,95,-1,53,95,55,-1,55,95,94,-1,55,94,54,-1,54,94,97,-1,54,97,52,-1,52,97,0,-1,52,0,2,-1,17,56,74,-1,17,74,48,-1,48,74,87,-1,48,87,23,-1,23,87,86,-1,23,86,24,-1,24,86,85,-1,24,85,40,-1,18,62,61,-1,18,61,36,-1,36,61,60,-1,36,60,37,-1,37,60,72,-1,37,72,49,-1,49,72,4,-1,49,4,6,-1,29,64,65,-1,29,65,30,-1,30,65,93,-1,30,93,31,-1,31,93,92,-1,31,92,38,-1,38,92,82,-1,38,82,39,-1,39,82,81,-1,39,81,14,-1,98,99,100,-1,100,99,101,-1,102,103,104,-1,104,103,105,-1,106,107,108,-1,108,107,109,-1,108,110,106,-1,106,110,111,-1,112,113,108,-1,114,110,115,-1,115,110,108,-1,115,108,116,-1,113,117,108,-1,108,117,118,-1,108,118,119,-1,104,105,120,-1,121,122,123,-1,124,125,126,-1,119,127,108,-1,108,127,128,-1,108,128,116,-1,129,130,131,-1,131,130,132,-1,131,132,104,-1,105,133,120,-1,120,133,134,-1,120,134,135,-1,123,136,121,-1,121,136,137,-1,121,137,138,-1,138,137,139,-1,138,139,120,-1,120,139,140,-1,120,140,104,-1,104,140,141,-1,104,141,131,-1,142,143,109,-1,109,143,144,-1,109,144,145,-1,126,146,124,-1,124,146,147,-1,124,147,121,-1,121,147,148,-1,121,148,122,-1,112,108,149,-1,149,108,109,-1,149,109,124,-1,124,109,145,-1,124,145,125,-1,150,151,152,-1,109,100,142,-1,142,100,101,-1,142,101,152,-1,152,101,153,-1,152,153,150,-1,140,139,154,-1,154,139,155,-1,155,156,157,-1,158,159,106,-1,160,154,102,-1,99,98,107,-1,102,154,103,-1,106,111,161,-1,162,163,164,-1,159,165,106,-1,106,165,166,-1,106,166,107,-1,167,168,169,-1,169,168,170,-1,170,171,169,-1,169,171,172,-1,169,172,173,-1,156,155,167,-1,167,155,174,-1,167,174,175,-1,176,177,178,-1,178,177,103,-1,178,103,157,-1,157,103,154,-1,157,154,155,-1,160,102,164,-1,164,102,179,-1,164,179,162,-1,161,180,106,-1,106,180,181,-1,106,181,182,-1,182,183,106,-1,106,183,184,-1,106,184,158,-1,185,186,107,-1,175,187,167,-1,167,187,188,-1,167,188,168,-1,166,189,107,-1,107,189,169,-1,107,169,185,-1,185,169,173,-1,190,191,192,-1,186,193,107,-1,107,193,194,-1,107,194,99,-1,99,194,190,-1,99,190,195,-1,195,190,192,-1,114,115,161,-1,161,115,180,-1,100,109,98,-1,98,109,107,-1,110,114,111,-1,111,114,161,-1,140,154,160,-1,140,160,141,-1,141,160,164,-1,141,164,131,-1,131,164,163,-1,131,163,129,-1,129,163,162,-1,129,162,130,-1,130,162,179,-1,130,179,132,-1,132,179,102,-1,132,102,104,-1,120,157,138,-1,138,157,156,-1,138,156,121,-1,121,156,167,-1,121,167,124,-1,124,167,169,-1,124,169,149,-1,149,169,189,-1,149,189,112,-1,112,189,166,-1,112,166,113,-1,113,166,165,-1,113,165,117,-1,117,165,159,-1,117,159,118,-1,118,159,158,-1,142,194,143,-1,143,194,193,-1,143,193,144,-1,144,193,186,-1,144,186,145,-1,145,186,185,-1,145,185,125,-1,125,185,173,-1,125,173,126,-1,126,173,172,-1,126,172,146,-1,146,172,171,-1,146,171,147,-1,147,171,170,-1,147,170,148,-1,148,170,168,-1,148,168,122,-1,122,168,188,-1,101,99,195,-1,101,195,153,-1,153,195,192,-1,153,192,150,-1,150,192,191,-1,150,191,151,-1,151,191,190,-1,151,190,152,-1,152,190,194,-1,152,194,142,-1,122,188,187,-1,122,187,123,-1,123,187,175,-1,123,175,136,-1,136,175,174,-1,136,174,137,-1,137,174,155,-1,137,155,139,-1,105,103,177,-1,105,177,133,-1,133,177,176,-1,133,176,134,-1,134,176,178,-1,134,178,135,-1,135,178,157,-1,135,157,120,-1,118,158,184,-1,118,184,119,-1,119,184,183,-1,119,183,127,-1,127,183,182,-1,127,182,128,-1,128,182,181,-1,128,181,116,-1,116,181,180,-1,116,180,115,-1,
        ]
    }
}
Shape{
    appearance Appearance {
        material  Material 	{
            diffuseColor 0.8431372549019608 0.8156862745098039 0.7529411764705882
            specularColor 0.4235294117647059 0.40784313725490196 0.3764705882352941
            ambientIntensity 0.8167
            transparency 0.0
            shininess 0.5
        }
    }
    geometry IndexedFaceSet {
        ccw TRUE
        solid FALSE
        coord DEF co Coordinate {
            point [
                2.3602 0.3333 0.4506, 2.3602 0.3172 0.4487, 2.3602 0.3712 0.4479, 2.3602 0.4525 0.2996, 2.3602 0.4365 0.2977, 2.3602 0.4904 0.2969, 2.3602 0.2799 0.2787, 2.3602 0.2821 0.2812, 2.3602 0.2821 0.2969, 2.3602 0.1372 0.4691, 2.3602 0.1358 0.4729, 2.3602 0.1358 0.4479, 2.3602 0.1666 0.5439, 2.3602 0.1736 0.5447, 2.3602 0.1358 0.5447, 2.3602 0.1646 1.811, 2.3602 0.1646 2.0472, 2.3602 0.1358 2.0472, 2.3602 0.7551 0.6393, 2.3602 0.7551 1.811, 2.3602 0.4904 1.811, 2.3602 0.4459 0.4487, 2.3602 0.4362 0.4747, 2.3602 0.4013 0.4747, 2.3602 0.2388 0.297, 2.3602 0.2371 0.2969, 2.3602 0.2599 0.2969, 2.3602 0.3411 0.3929, 2.3602 0.3712 0.3929, 2.3602 0.3712 0.42, 2.3602 -0.0441 0.4697, 2.3602 -0.0257 0.4541, 2.3602 0.0385 0.5447, 2.3602 0.0385 0.4479, 2.3602 -0.1041 0.5342, 2.3602 -0.0816 0.5082, 2.3602 -0.0675 0.4808, 2.3602 -0.0642 0.4797, 2.3602 0.0385 2.0472, 2.3602 -1.7646 2.0472, 2.3602 -1.7646 1.6929, 2.3602 -0.3866 1.6929, 2.3602 -0.3866 1.2205, 2.3602 -2.237 1.2205, 2.3602 -2.237 0.9843, 2.3602 -1.4496 0.9843, 2.3602 -0.26 0.5537, 2.3602 -0.2288 0.5655, 2.3602 -0.1325 0.5536, 2.3602 -0.1194 0.5447, 2.3602 -0.2747 0.5447, 2.3602 -0.1961 0.5694, 2.3602 -0.1663 0.5661, 2.3602 -1.4496 0.5447, 2.3602 -1.4496 0.5118, 2.3602 -0.7409 0.5118, 2.3602 -0.2774 0.543, 2.3602 -0.7409 0.4479, 2.3602 -0.4228 0.4479, 2.3602 -0.4168 0.4613, 2.3602 -0.4006 0.4821, 2.3602 -0.3494 0.5113, 2.3602 -0.3227 0.5146, 2.3602 -0.2933 0.5294, 2.3602 -0.3149 0.5142, 2.3602 -0.3072 0.5133, 2.3602 -0.396 0.4865, 2.3602 -0.3745 0.5016, 2.3602 -0.3828 0.3132, 2.3602 -0.404 0.3312, 2.3602 -0.7409 0.2969, 2.3602 -0.3584 0.3013, 2.3602 -0.4194 0.3532, 2.3602 -0.4291 0.3784, 2.3602 -0.7409 0.42, 2.3602 -0.4324 0.405, 2.3602 -0.4322 0.4115, 2.3602 -0.4307 0.42, 2.3602 -0.4276 0.4369, 2.3602 -0.3498 0.2987, 2.3602 -0.3489 0.2969, 2.3602 -0.343 0.2842, 2.3602 -0.7409 0.2592, 2.3602 -0.3329 0.2717, 2.3602 -0.3197 0.2618, 2.3602 0.0385 0.0394, 2.3602 0.0385 0.2592, 2.3602 -0.2575 0.2592, 2.3602 -0.7409 0.0394, 2.3602 -0.3041 0.2552, 2.3602 -0.3135 0.2592, 2.3602 -0.2691 0.2547, 2.3602 -0.2855 0.2527, 2.3602 -0.2881 0.2527, 2.3602 0.0385 0.2969, 2.3602 -0.2221 0.2969, 2.3602 -0.2222 0.2966, 2.3602 -0.2302 0.2815, 2.3602 -0.2405 0.2699, 2.3602 -0.254 0.2605, 2.3602 -0.0036 0.4142, 2.3602 -0.0005 0.3921, 2.3602 0.0385 0.42, 2.3602 -0.1356 0.3368, 2.3602 -0.131 0.3386, 2.3602 -0.123 0.3772, 2.3602 -0.0256 0.3278, 2.3602 -0.044 0.3122, 2.3602 -0.2347 0.3657, 2.3602 -0.144 0.4131, 2.3602 -0.2466 0.3765, 2.3602 -0.2609 0.3842, 2.3602 -0.1398 0.3339, 2.3602 -0.0121 0.3465, 2.3602 -0.0428 0.3974, 2.3602 -0.046 0.4104, 2.3602 -0.0512 0.42, 2.3602 -0.3881 0.42, 2.3602 -0.0036 0.368, 2.3602 -0.1258 0.3393, 2.3602 -0.1251 0.3393, 2.3602 -0.1231 0.3388, 2.3602 -0.3841 0.3793, 2.3602 -0.376 0.3656, 2.3602 -0.3417 0.3586, 2.3602 -0.3639 0.3531, 2.3602 -0.3491 0.344, 2.3602 -0.3166 0.381, 2.3602 -0.3305 0.3714, 2.3602 -0.3897 0.4063, 2.3602 -0.3889 0.3958, 2.3602 -0.3017 0.3867, 2.3602 -0.2855 0.3887, 2.3602 -0.2773 0.3882, 2.3602 -0.1467 0.3183, 2.3602 -0.1466 0.321, 2.3602 -0.2178 0.3271, 2.3602 -0.1452 0.3261, 2.3602 -0.1426 0.3308, 2.3602 -0.0562 0.3556, 2.3602 -0.0488 0.3662, 2.3602 -0.0441 0.3782, 2.3602 -0.0425 0.3914, 2.3602 -0.1309 0.298, 2.3602 -0.1354 0.2997, 2.3602 -0.1398 0.3028, 2.3602 -0.1414 0.3044, 2.3602 -0.1443 0.3087, 2.3602 -0.1461 0.3133, 2.3602 -0.2182 0.3133, 2.3602 -0.2178 0.3204, 2.3602 -0.0646 0.3021, 2.3602 -0.0872 0.2973, 2.3602 -0.1271 0.2973, 2.3602 -0.1217 0.3386, 2.3602 -0.0912 0.3386, 2.3602 -0.0791 0.341, 2.3602 -0.0671 0.3465, 2.3602 -0.0571 0.3547, 2.3602 -0.1007 0.4442, 2.3602 -0.3819 0.4378, 2.3602 -0.3877 0.4227, 2.3602 -0.0953 0.4442, 2.3602 -0.0523 0.4221, 2.3602 -0.0601 0.4307, 2.3602 -0.0706 0.4381, 2.3602 -0.0824 0.4426, 2.3602 -0.1153 0.4849, 2.3602 -0.1306 0.5032, 2.3602 -0.2862 0.4639, 2.3602 -0.1323 0.5047, 2.3602 -0.1513 0.5179, 2.3602 -0.2758 0.4853, 2.3602 -0.3749 0.4479, 2.3602 -0.2909 0.4665, 2.3602 -0.1015 0.4479, 2.3602 -0.1049 0.4631, 2.3602 -0.3061 0.472, 2.3602 -0.322 0.474, 2.3602 -0.3291 0.4736, 2.3602 -0.2606 0.5034, 2.3602 -0.1725 0.526, 2.3602 -0.2425 0.5167, 2.3602 -0.1955 0.5288, 2.3602 -0.2204 0.5256, 2.3602 -0.3458 0.4697, 2.3602 -0.3609 0.4616, 2.3602 -0.3725 0.4513, 2.3602 -0.0212 0.4479, 2.3602 -0.0119 0.4349, 2.3602 -0.0059 0.42, 2.3602 0.3901 0.3819, 2.3602 0.4013 0.2969, 2.3602 0.4013 0.42, 2.3602 0.3901 0.3929, 2.3602 0.3874 0.3406, 2.3602 0.3874 0.3515, 2.3602 0.3712 0.3515, 2.3602 0.3712 0.3819, 2.3602 0.3534 0.3515, 2.3602 0.3534 0.3819, 2.3602 0.3534 0.3406, 2.3602 0.3534 0.3085, 2.3602 0.3712 0.3406, 2.3602 0.3712 0.3085, 2.3602 0.3923 0.3085, 2.3602 0.3923 0.2977, 2.3602 0.3712 0.2969, 2.3602 0.3712 0.2977, 2.3602 0.3411 0.2977, 2.3602 0.2941 0.3146, 2.3602 0.2955 0.309, 2.3602 0.2959 0.309, 2.3602 0.3282 0.3657, 2.3602 0.2821 0.42, 2.3602 0.3159 0.3657, 2.3602 0.2821 0.3491, 2.3602 0.2973 0.3145, 2.3602 0.2964 0.3113, 2.3602 0.2108 0.3124, 2.3602 0.1988 0.42, 2.3602 0.1988 0.2969, 2.3602 0.2152 0.3097, 2.3602 0.2164 0.3092, 2.3602 0.2164 0.3345, 2.3602 0.2143 0.3366, 2.3602 0.2127 0.339, 2.3602 0.2114 0.3427, 2.3602 0.2109 0.3473, 2.3602 0.2114 0.3516, 2.3602 0.2163 0.3345, 2.3602 0.2221 0.2969, 2.3602 0.2186 0.2973, 2.3602 0.2164 0.2969, 2.3602 0.2164 0.2981, 2.3602 0.2108 0.3001, 2.3602 0.2535 0.3642, 2.3602 0.2535 0.3526, 2.3602 0.2186 0.3618, 2.3602 0.222 0.3639, 2.3602 0.2164 0.42, 2.3602 0.2562 0.3114, 2.3602 0.2547 0.3076, 2.3602 0.2525 0.3045, 2.3602 0.2128 0.3554, 2.3602 0.215 0.3586, 2.3602 0.2164 0.3598, 2.3602 0.2285 0.3662, 2.3602 0.2374 0.3672, 2.3602 0.2599 0.42, 2.3602 0.2453 0.3666, 2.3602 0.2528 0.3274, 2.3602 0.255 0.3241, 2.3602 0.2563 0.3206, 2.3602 0.2568 0.3162, 2.3602 0.2491 0.3015, 2.3602 0.2454 0.2993, 2.3602 0.2362 0.3575, 2.3602 0.2327 0.3573, 2.3602 0.2232 0.3484, 2.3602 0.2295 0.3564, 2.3602 0.2268 0.355, 2.3602 0.2233 0.3468, 2.3602 0.2238 0.3449, 2.3602 0.2247 0.3433, 2.3602 0.2258 0.3421, 2.3602 0.23 0.3394, 2.3602 0.2443 0.3566, 2.3602 0.2374 0.3362, 2.3602 0.2511 0.354, 2.3602 0.242 0.3344, 2.3602 0.2499 0.3299, 2.3602 0.225 0.3534, 2.3602 0.224 0.3519, 2.3602 0.2234 0.3503, 2.3602 0.2226 0.3068, 2.3602 0.229 0.3276, 2.3602 0.2219 0.3308, 2.3602 0.2305 0.3058, 2.3602 0.231 0.3058, 2.3602 0.2368 0.3243, 2.3602 0.2371 0.3065, 2.3602 0.2445 0.315, 2.3602 0.2444 0.3165, 2.3602 0.2402 0.3076, 2.3602 0.2413 0.3083, 2.3602 0.2426 0.3095, 2.3602 0.2437 0.311, 2.3602 0.2443 0.3127, 2.3602 0.2439 0.3183, 2.3602 0.2429 0.3199, 2.3602 0.2415 0.3215, 2.3602 0.4233 0.5439, 2.3602 0.4595 0.4487, 2.3602 0.4904 0.4479, 2.3602 0.4013 0.4479, 2.3602 0.3966 0.4747, 2.3602 0.3874 0.4487, 2.3602 0.3738 0.4487, 2.3602 0.3712 0.5447, 2.3602 0.4013 0.5207, 2.3602 0.4013 0.5447, 2.3602 0.2599 0.5447, 2.3602 0.2709 0.5439, 2.3602 0.2821 0.5447, 2.3602 0.2709 0.533, 2.3602 0.2821 0.4479, 2.3602 0.2682 0.4916, 2.3602 0.2682 0.5025, 2.3602 0.2599 0.5025, 2.3602 0.2599 0.533, 2.3602 0.2342 0.5025, 2.3602 0.2342 0.533, 2.3602 0.2219 0.4487, 2.3602 0.2164 0.4479, 2.3602 0.2599 0.4479, 2.3602 0.2342 0.4916, 2.3602 0.2342 0.4596, 2.3602 0.2599 0.4916, 2.3602 0.2599 0.4596, 2.3602 0.2731 0.4596, 2.3602 0.2731 0.4487, 2.3602 0.2599 0.4487, 2.3602 0.2164 0.5447, 2.3602 0.2219 0.5439, 2.3602 0.2599 0.5439, 2.3602 0.4101 0.5439, 2.3602 0.4904 0.5447, 2.3602 0.9189 0.5447, 2.3602 0.9819 0.4479, 2.3602 0.9819 0.5084, 2.3602 1.0866 0.4479, 2.3602 0.9819 0.42, 2.3602 0.9819 0.2969, 2.3602 1.1349 0.42, 2.3602 1.3482 0.2969, 2.3602 0.1803 0.5455, 2.3602 0.1905 0.5447, 2.3602 0.1988 1.811, 2.3602 0.1988 0.5447, 2.3602 0.2164 1.811, 2.3602 0.2599 1.811, 2.3602 0.2821 1.811, 2.3602 0.3712 1.811, 2.3602 0.4013 1.811, 2.3602 0.1988 0.5305, 2.3602 0.1782 0.458, 2.3602 0.1842 0.4583, 2.3602 0.1537 0.5231, 2.3602 0.1492 0.5165, 2.3602 0.1445 0.4916, 2.3602 0.1461 0.4821, 2.3602 0.1947 0.4606, 2.3602 0.1988 0.4625, 2.3602 0.2018 0.5293, 2.3602 0.2028 0.4644, 2.3602 0.2028 0.5288, 2.3602 0.1804 0.5344, 2.3602 0.1764 0.5342, 2.3602 0.1544 0.5238, 2.3602 0.1682 0.5326, 2.3602 0.1607 0.5291, 2.3602 0.146 0.5082, 2.3602 0.1444 0.4952, 2.3602 0.1492 0.4744, 2.3602 0.1538 0.4681, 2.3602 0.1561 0.4658, 2.3602 0.1921 0.533, 2.3602 0.1625 0.4615, 2.3602 0.1694 0.459, 2.3602 0.1927 0.5445, 2.3602 0.1988 0.5428, 2.3602 0.2028 0.5416, 2.3602 0.1384 0.5225, 2.3602 0.1453 0.5315, 2.3602 0.1474 0.5335, 2.3602 0.1566 0.54, 2.3602 0.1301 0.5447, 2.3602 0.1339 0.5119, 2.3602 0.1358 0.5164, 2.3602 0.1334 0.4791, 2.3602 0.1301 0.4479, 2.3602 0.1315 0.4945, 2.3602 0.1317 0.4995, 2.3602 0.1594 0.4498, 2.3602 0.1505 0.4543, 2.3602 0.1438 0.4601, 2.3602 0.1429 0.461, 2.3602 0.1678 0.4479, 2.3602 0.1358 0.42, 2.3602 0.1695 0.4475, 2.3602 0.1765 0.4471, 2.3602 0.1849 0.4479, 2.3602 0.2028 0.4526, 2.3602 0.2012 0.4518, 2.3602 0.1988 0.4479, 2.3602 0.1988 0.451, 2.3602 0.191 0.4485, 2.3602 0.1448 0.33, 2.3602 0.1467 0.3493, 2.3602 0.1424 0.3266, 2.3602 0.1408 0.3224, 2.3602 0.1485 0.3332, 2.3602 0.1535 0.3358, 2.3602 0.1542 0.3541, 2.3602 0.1626 0.3381, 2.3602 0.173 0.3571, 2.3602 0.169 0.3575, 2.3602 0.1616 0.3567, 2.3602 0.1499 0.2986, 2.3602 0.1459 0.3014, 2.3602 0.1358 0.2969, 2.3602 0.1446 0.3028, 2.3602 0.1421 0.3064, 2.3602 0.1771 0.3666, 2.3602 0.1822 0.3651, 2.3602 0.1862 0.3629, 2.3602 0.1894 0.3599, 2.3602 0.1918 0.3561, 2.3602 0.1828 0.3082, 2.3602 0.1824 0.3082, 2.3602 0.1828 0.2977, 2.3602 0.1806 0.3053, 2.3602 0.1768 0.3013, 2.3602 0.1406 0.3105, 2.3602 0.1401 0.3159, 2.3602 0.1467 0.3609, 2.3602 0.1937 0.3507, 2.3602 0.1947 0.3414, 2.3602 0.1947 0.2977, 2.3602 0.1492 0.3624, 2.3602 0.1581 0.3658, 2.3602 0.1701 0.3672, 2.3602 0.1828 0.3409, 2.3602 0.1823 0.3462, 2.3602 0.1811 0.3504, 2.3602 0.1797 0.3529, 2.3602 0.1779 0.3548, 2.3602 0.1758 0.3561, 2.3602 0.1681 0.2969, 2.3602 0.1678 0.2968, 2.3602 0.1988 0.2592, 2.3602 0.1358 0.2592, 2.3602 0.1616 0.2961, 2.3602 0.1547 0.2969, 2.3602 0.1545 0.2969, 2.3602 0.2821 0.3171, 2.3602 0.263 0.3657, 2.3602 0.2763 0.3657, 2.3602 0.2892 0.2969, 2.3602 0.2896 0.2978, 2.3602 0.2821 0.2812, 2.3602 0.2844 0.2855, 2.3602 0.2599 0.2592, 2.3602 0.2654 0.2666, 2.3602 0.2654 0.2772, 2.3602 0.2293 0.2961, 2.3602 0.2164 0.2592, 2.3602 0.2679 0.2764, 2.3602 0.2722 0.2759, 2.3602 0.2821 0.2678, 2.3602 0.2779 0.2662, 2.3602 0.2821 0.2592, 2.3602 0.2731 0.2656, 2.3602 0.2705 0.2657, 2.3602 0.2751 0.2762, 2.3602 0.2777 0.2772, 2.3602 0.2974 0.2874, 2.3602 0.292 0.2769, 2.3602 0.3712 0.2592, 2.3602 0.3011 0.2969, 2.3602 0.2876 0.2716, 2.3602 0.2868 0.2709, 2.3602 0.2826 0.268, 2.3602 1.385 0.0394, 2.3602 1.385 0.2592, 2.3602 0.9819 0.0394, 2.3602 0.9819 0.2592, 2.3602 0.4904 0.0394, 2.3602 0.4904 0.2592, 2.3602 0.4013 0.0394, 2.3602 0.4013 0.2592, 2.3602 0.3712 0.0394, 2.3602 0.2821 0.0394, 2.3602 0.2599 0.0394, 2.3602 0.2164 0.0394, 2.3602 0.1988 0.0394, 2.3602 0.1358 0.0394, 2.3602 0.1726 0.2985, 2.3602 1.385 0.2756, 2.3602 0.0774 0.3929, 2.3602 0.0774 0.2977, 2.3602 0.1301 0.2969, 2.3602 0.1301 0.2592, 2.3602 0.1301 0.0394, 2.3602 0.1265 0.3929, 2.3602 0.1301 0.42, 2.3602 0.1265 0.3819, 2.3602 0.1286 0.3085, 2.3602 0.1286 0.2977, 2.3602 0.0897 0.3406, 2.3602 0.0897 0.3085, 2.3602 0.1238 0.3406, 2.3602 0.1238 0.3515, 2.3602 0.0897 0.3515, 2.3602 0.0897 0.3819, 2.3602 0.4103 0.2977, 2.3602 0.4103 0.3929, 2.3602 0.4374 0.3929, 2.3602 0.4904 0.42, 2.3602 0.452 0.3913, 2.3602 0.4635 0.3871, 2.3602 0.4847 0.3278, 2.3602 0.4796 0.3181, 2.3602 0.4734 0.3803, 2.3602 0.4768 0.3769, 2.3602 0.4827 0.3686, 2.3602 0.4734 0.311, 2.3602 0.4634 0.3038, 2.3602 0.4862 0.3595, 2.3602 0.4878 0.3465, 2.3602 0.4873 0.3386, 2.3602 0.5067 0.2977, 2.3602 0.4931 0.2977, 2.3602 0.5652 0.2977, 2.3602 0.5554 0.3237, 2.3602 0.5158 0.3237, 2.3602 0.5293 0.3929, 2.3602 0.5425 0.3929, 2.3602 0.5787 0.2977, 2.3602 0.0897 0.5439, 2.3602 0.0774 0.4487, 2.3602 0.0774 0.5439, 2.3602 0.0897 0.4596, 2.3602 0.1276 0.4596, 2.3602 0.1276 0.4487, 2.3602 0.3328 0.5423, 2.3602 0.3442 0.5381, 2.3602 0.3182 0.5439, 2.3602 0.2911 0.4487, 2.3602 0.2911 0.5439, 2.3602 0.3654 0.4788, 2.3602 0.3604 0.4691, 2.3602 0.3542 0.5313, 2.3602 0.3576 0.528, 2.3602 0.3635 0.5197, 2.3602 0.3542 0.462, 2.3602 0.3442 0.4549, 2.3602 0.367 0.5106, 2.3602 0.3686 0.4975, 2.3602 0.3681 0.4897, 2.3602 0.1301 2.0472, 1.0413 0.7551 1.4173, -2.3642 0.7551 1.811, 1.7697 0.7551 1.1024, 1.3169 0.7551 1.1024, 1.3169 0.7551 1.4173, 1.9665 0.7551 0.6393, -1.3209 0.7551 0.2362, -1.2815 0.7551 0.2362, -1.2815 0.7551 0.0602, 0.2539 0.7551 1.4173, 0.5295 0.7551 1.4173, 0.5295 0.7551 1.1024, 1.0413 0.7551 1.1024, -1.3209 0.7551 0.6299, -1.9705 0.7551 0.0394, -1.0846 0.7551 0.0602, 1.9665 0.7551 0.0394, -0.2972 0.7551 0.0602, -0.2972 0.7551 0.2362, -0.2579 0.7551 0.2362, 1.0413 0.7551 0.2362, 1.0807 0.7551 0.2362, 1.0807 0.7551 0.0602, -0.5335 0.7551 1.4173, -0.5335 0.7551 1.1024, -1.0453 0.7551 1.1024, 0.2539 0.7551 0.2362, 0.2933 0.7551 0.2362, 0.2933 0.7551 0.0602, -0.4941 0.7551 0.2362, -0.4941 0.7551 0.0602, -0.5335 0.7551 0.2362, -1.0453 0.7551 0.2362, -0.5335 0.7551 0.6299, -1.0453 0.7551 0.6299, -1.0453 0.7551 1.4173, -1.3209 0.7551 1.4173, -0.2579 0.7551 0.6299, 0.2539 0.7551 0.6299, -0.2579 0.7551 1.4173, -0.2579 0.7551 1.1024, 0.2539 0.7551 1.1024, 1.3169 0.7551 0.2362, 1.3169 0.7551 0.6299, 1.7697 0.7551 0.6299, -1.9705 0.7551 0.6393, -1.7736 0.7551 1.1024, -1.7736 0.7551 0.6299, 1.2776 0.7551 0.0602, 0.5295 0.7551 0.2362, 0.5295 0.7551 0.6299, 1.0413 0.7551 0.6299, -2.3642 0.7551 0.6393, -1.3209 0.7551 1.1024, 0.4902 0.7551 0.0602, 0.4902 0.7551 0.2362, 1.2776 0.7551 0.2362, -1.0846 0.7551 0.2362, 1.0413 0.5583 0.6299, 0.5295 0.5583 0.6299, 0.5295 0.5583 0.789, 0.4902 0.5583 0.789, 0.4902 0.5583 0.9843, 0.5295 0.5583 0.9843, 1.0413 0.5583 0.789, 1.0807 0.5583 0.9843, 1.0807 0.5583 0.789, 1.0413 0.5583 0.9843, 0.5295 0.5583 1.1024, 1.0413 0.5583 1.1024, -1.7736 0.5583 1.1024, -1.3209 0.5583 1.1024, -1.7736 0.5583 0.6299, -1.3209 0.5583 0.9843, -1.3209 0.5583 0.6299, -1.3209 0.5583 0.789, -1.2815 0.5583 0.789, -1.2815 0.5583 0.9843, -0.5335 0.5583 0.6299, -1.0453 0.5583 0.6299, -1.0453 0.5583 0.789, -1.0846 0.5583 0.789, -1.0846 0.5583 0.9843, -1.0453 0.5583 0.9843, -0.5335 0.5583 0.789, -0.4941 0.5583 0.9843, -0.4941 0.5583 0.789, -0.5335 0.5583 0.9843, -1.0453 0.5583 1.1024, -0.5335 0.5583 1.1024, 0.2539 0.5583 0.6299, -0.2579 0.5583 0.6299, -0.2579 0.5583 0.789, -0.2972 0.5583 0.789, -0.2972 0.5583 0.9843, -0.2579 0.5583 0.9843, 0.2539 0.5583 0.789, 0.2933 0.5583 0.9843, 0.2933 0.5583 0.789, 0.2539 0.5583 0.9843, -0.2579 0.5583 1.1024, 0.2539 0.5583 1.1024, 1.3169 0.5583 1.1024, 1.7697 0.5583 1.1024, -1.9705 -2.237 1.2205, -1.8524 -2.237 0.1575, -1.8524 -2.237 1.9291, -1.1831 -2.237 1.6929, -1.1831 -2.237 1.811, -1.498 -2.237 1.6929, -1.3799 -2.237 1.811, -1.498 -2.237 1.9291, -1.3799 -2.237 2.0472, -1.9705 -2.237 2.0472, -1.1831 -2.237 0.0394, -1.1831 -2.237 0.1575, -1.9705 -2.237 0.0394, -1.9705 -2.237 0.9843, -2.3642 -2.237 0.9843, -2.3642 -2.237 1.2205, -1.9705 -1.7646 2.0472, -1.3799 0.1646 2.0472, -2.3642 -1.7646 2.0472, -2.3642 0.1646 2.0472, 1.9665 1.385 0.0394, 2.3602 1.385 0.1279, 1.9665 1.385 0.2756, 2.3602 1.385 0.1807, 2.3602 1.0834 0.4497, 2.3602 0.9476 0.5281, 2.3602 1.1826 0.3924, 2.3602 1.2504 0.3533, 1.376 -2.237 2.0472, 1.9665 -2.237 2.0472, 1.9665 -1.7646 2.0472, 1.376 0.1646 2.0472, 2.3602 0.0245 2.0472, 2.3602 0.153 2.0472, 2.3602 0.161 2.0472, -2.3642 -1.7646 1.6929, -2.3642 -0.3866 1.6929, -2.3642 -0.3866 1.2205, -2.3642 0.1646 1.811, -2.3642 -0.7409 0.5118, -2.3642 -1.4496 0.5118, -2.3642 -1.4496 0.9843, -2.3642 -0.7409 0.0394, -2.3642 1.385 0.0394, -2.3642 1.385 0.2756, -1.1831 -1.6465 0.0394, -1.9705 -0.7409 0.0394, -1.9705 1.385 0.0394, 2.3602 1.0834 0.0394, 1.9665 -2.237 0.0394, 1.1791 -2.237 0.0394, 1.9665 -0.7409 0.0394, 1.1791 -1.6465 0.0394, 2.3602 0.6581 0.0394, 2.3602 0.5331 0.0394, 2.3602 0.4909 0.0394, 2.3602 0.366 0.0394, 2.3602 0.3349 0.0394, 2.3602 0.2739 0.0394, 2.3602 0.0245 0.0394, 2.3602 0.2492 0.0394, 2.3602 0.161 0.0394, 2.3602 0.153 0.0394, 1.8484 -2.237 0.1575, 1.1791 -2.237 0.1575, 1.9665 -2.237 0.9843, 1.8484 -2.237 1.9291, 1.1791 -2.237 1.811, 1.1791 -2.237 1.6929, 1.376 -2.237 1.811, 1.4941 -2.237 1.6929, 1.4941 -2.237 1.9291, 1.9665 -2.237 1.2205, -1.9705 1.385 0.2756, 1.9665 -1.7646 1.6929, 1.9665 -0.3866 1.6929, 1.9665 -0.3866 1.2205, 1.9665 -0.7409 0.9843, 2.1634 -0.7409 0.9843, 2.1634 -1.4496 0.9843, 2.3602 -1.4496 0.5281, 2.1634 -1.4496 0.5118, 2.1634 -0.7409 0.5118, 2.3602 -0.7409 0.1279, 2.3602 -0.7409 0.1807, 2.3602 -0.7409 0.3533, 2.3602 -0.7409 0.3924, -1.9705 -0.3866 1.2205, -1.9705 -0.3866 1.6929, -1.9705 -1.7646 1.6929
            ]
        }
        coordIndex [
            0,1,2,-1,3,4,5,-1,6,7,8,-1,9,10,11,-1,12,13,14,-1,15,16,17,-1,18,19,20,-1,21,22,23,-1,24,25,26,-1,27,28,29,-1,30,31,32,-1,32,31,33,-1,32,34,35,-1,35,36,32,-1,32,36,37,-1,32,37,30,-1,38,39,40,-1,41,42,32,-1,43,44,45,-1,46,47,42,-1,42,48,32,-1,32,48,49,-1,32,49,34,-1,43,45,42,-1,42,45,50,-1,42,50,46,-1,47,51,42,-1,42,51,52,-1,42,52,48,-1,53,54,55,-1,45,53,50,-1,50,53,55,-1,50,55,56,-1,57,58,55,-1,55,58,59,-1,55,59,60,-1,55,61,56,-1,56,61,62,-1,56,62,63,-1,63,62,64,-1,63,64,65,-1,60,66,55,-1,55,66,67,-1,55,67,61,-1,68,69,70,-1,68,70,71,-1,69,72,70,-1,70,72,73,-1,70,73,74,-1,74,73,75,-1,75,76,74,-1,74,76,77,-1,74,77,57,-1,57,77,78,-1,57,78,58,-1,79,71,80,-1,80,71,70,-1,80,70,81,-1,81,70,82,-1,81,82,83,-1,83,82,84,-1,85,86,87,-1,88,89,82,-1,82,89,90,-1,82,90,84,-1,87,91,85,-1,85,91,92,-1,85,92,88,-1,88,92,93,-1,88,93,89,-1,94,95,86,-1,86,95,96,-1,86,96,97,-1,97,98,86,-1,86,98,99,-1,86,99,87,-1,100,101,102,-1,103,104,105,-1,106,107,94,-1,108,109,110,-1,110,109,111,-1,103,105,112,-1,106,94,113,-1,114,115,109,-1,109,115,116,-1,109,116,117,-1,102,101,94,-1,94,101,118,-1,94,118,113,-1,104,119,105,-1,105,119,120,-1,105,120,121,-1,122,123,124,-1,124,123,125,-1,124,125,126,-1,127,117,128,-1,128,117,129,-1,128,129,124,-1,124,129,130,-1,124,130,122,-1,127,131,117,-1,117,131,132,-1,117,132,109,-1,109,132,133,-1,109,133,111,-1,134,135,136,-1,136,135,137,-1,136,137,105,-1,105,137,138,-1,105,138,112,-1,139,140,105,-1,105,140,141,-1,105,141,109,-1,109,141,142,-1,109,142,114,-1,143,144,95,-1,95,144,145,-1,95,145,146,-1,146,147,95,-1,95,147,148,-1,95,148,149,-1,149,148,134,-1,149,134,150,-1,150,134,136,-1,107,151,94,-1,94,151,152,-1,94,152,95,-1,95,152,153,-1,95,153,143,-1,121,154,105,-1,105,154,155,-1,105,155,156,-1,156,157,105,-1,105,157,158,-1,105,158,139,-1,159,160,161,-1,161,117,159,-1,159,117,116,-1,159,116,162,-1,162,116,163,-1,163,164,162,-1,162,164,165,-1,162,165,166,-1,167,168,169,-1,168,170,169,-1,169,170,171,-1,169,171,172,-1,173,169,174,-1,160,159,173,-1,173,159,175,-1,173,175,169,-1,169,175,176,-1,169,176,167,-1,174,177,173,-1,173,177,178,-1,173,178,179,-1,172,171,180,-1,180,171,181,-1,180,181,182,-1,182,181,183,-1,182,183,184,-1,185,186,179,-1,179,186,187,-1,179,187,173,-1,31,188,33,-1,33,188,189,-1,33,189,102,-1,102,189,190,-1,102,190,100,-1,191,192,193,-1,29,28,193,-1,193,28,194,-1,193,194,191,-1,195,192,196,-1,196,192,191,-1,196,191,197,-1,197,191,198,-1,197,198,199,-1,199,198,200,-1,201,202,203,-1,203,202,204,-1,203,204,195,-1,195,204,205,-1,195,205,192,-1,192,205,206,-1,192,206,207,-1,207,206,208,-1,207,208,209,-1,210,211,212,-1,213,214,215,-1,215,214,216,-1,215,216,217,-1,217,216,210,-1,217,210,218,-1,218,210,212,-1,219,220,221,-1,222,223,224,-1,225,226,219,-1,226,227,219,-1,219,227,228,-1,219,228,220,-1,220,228,229,-1,222,224,219,-1,219,224,230,-1,219,230,225,-1,231,232,233,-1,233,232,234,-1,233,234,221,-1,221,234,235,-1,221,235,219,-1,236,237,26,-1,238,239,240,-1,241,242,26,-1,26,242,243,-1,229,244,220,-1,220,244,245,-1,220,245,240,-1,240,245,246,-1,240,246,238,-1,239,247,240,-1,240,247,248,-1,240,248,249,-1,249,248,250,-1,249,250,236,-1,251,252,237,-1,237,252,253,-1,237,253,26,-1,26,253,254,-1,26,254,241,-1,243,255,26,-1,26,255,256,-1,26,256,24,-1,257,258,259,-1,259,258,260,-1,259,260,261,-1,259,262,257,-1,257,262,263,-1,257,263,264,-1,264,265,257,-1,257,265,266,-1,257,266,267,-1,267,266,268,-1,267,268,269,-1,269,268,270,-1,269,270,237,-1,237,270,271,-1,237,271,251,-1,272,273,261,-1,261,273,274,-1,261,274,259,-1,275,276,223,-1,223,276,277,-1,223,277,224,-1,275,278,276,-1,276,278,279,-1,276,279,280,-1,280,279,281,-1,280,282,283,-1,281,284,280,-1,280,284,285,-1,280,285,286,-1,286,287,280,-1,280,287,288,-1,280,288,282,-1,283,289,280,-1,280,289,290,-1,280,290,291,-1,292,293,294,-1,294,293,21,-1,294,21,295,-1,295,21,23,-1,23,296,295,-1,295,296,297,-1,295,297,2,-1,2,297,298,-1,2,298,299,-1,299,298,300,-1,299,300,301,-1,302,303,304,-1,304,303,305,-1,304,305,306,-1,307,306,308,-1,308,306,305,-1,308,305,309,-1,309,305,310,-1,309,310,311,-1,311,310,312,-1,313,314,315,-1,316,317,318,-1,318,317,319,-1,318,319,307,-1,307,319,320,-1,307,320,306,-1,306,320,321,-1,306,321,315,-1,315,321,322,-1,315,322,313,-1,323,324,302,-1,302,324,325,-1,302,325,303,-1,300,326,301,-1,301,326,292,-1,301,292,327,-1,327,292,294,-1,327,294,328,-1,328,294,329,-1,328,329,330,-1,330,329,331,-1,332,333,334,-1,334,333,335,-1,15,336,337,-1,15,337,338,-1,338,337,339,-1,338,339,340,-1,340,339,323,-1,340,323,341,-1,341,323,302,-1,341,302,342,-1,342,302,304,-1,342,304,343,-1,328,18,327,-1,327,18,20,-1,327,20,301,-1,301,20,344,-1,301,344,299,-1,299,344,343,-1,345,346,347,-1,345,348,349,-1,345,350,351,-1,347,352,345,-1,345,352,353,-1,345,353,354,-1,354,353,355,-1,354,355,356,-1,356,355,314,-1,356,314,323,-1,323,314,313,-1,323,313,324,-1,357,358,359,-1,359,358,360,-1,359,360,361,-1,349,362,345,-1,345,362,363,-1,345,363,350,-1,351,364,345,-1,345,364,365,-1,345,365,366,-1,348,345,359,-1,359,345,367,-1,359,367,357,-1,366,368,345,-1,345,368,369,-1,345,369,346,-1,337,370,339,-1,339,370,371,-1,339,371,323,-1,323,371,372,-1,323,372,356,-1,14,373,374,-1,374,375,14,-1,14,375,376,-1,14,376,12,-1,377,378,14,-1,14,378,379,-1,14,379,373,-1,10,380,381,-1,381,380,382,-1,381,382,377,-1,377,382,383,-1,377,383,378,-1,11,384,385,-1,385,386,11,-1,11,386,387,-1,11,387,9,-1,384,11,388,-1,388,11,389,-1,388,389,390,-1,390,389,391,-1,391,389,220,-1,391,220,392,-1,355,393,314,-1,314,393,394,-1,314,394,395,-1,395,394,396,-1,395,396,397,-1,398,399,400,-1,400,399,401,-1,398,402,399,-1,399,402,403,-1,399,403,404,-1,404,403,405,-1,406,407,405,-1,405,407,408,-1,405,408,404,-1,409,410,411,-1,411,410,412,-1,411,412,413,-1,414,415,220,-1,415,416,220,-1,220,416,417,-1,220,417,418,-1,419,420,421,-1,421,420,422,-1,421,422,423,-1,413,424,411,-1,411,424,425,-1,411,425,389,-1,389,425,401,-1,389,401,426,-1,426,401,399,-1,418,427,220,-1,220,427,428,-1,220,428,221,-1,221,428,429,-1,221,429,421,-1,426,430,389,-1,389,430,431,-1,389,431,220,-1,220,431,432,-1,220,432,414,-1,433,434,405,-1,405,434,435,-1,405,435,436,-1,436,437,405,-1,405,437,438,-1,405,438,406,-1,439,440,441,-1,441,440,442,-1,440,443,442,-1,442,443,444,-1,442,444,411,-1,411,444,445,-1,411,445,409,-1,446,447,26,-1,236,26,249,-1,249,26,447,-1,249,447,214,-1,214,447,448,-1,214,448,216,-1,26,8,446,-1,446,8,449,-1,446,449,450,-1,7,451,8,-1,8,451,452,-1,8,452,449,-1,453,454,455,-1,456,457,25,-1,25,457,453,-1,25,453,26,-1,26,453,455,-1,26,455,8,-1,8,455,458,-1,8,458,459,-1,460,461,462,-1,462,461,463,-1,462,463,453,-1,453,463,464,-1,453,464,454,-1,459,465,8,-1,8,465,466,-1,8,466,6,-1,467,468,469,-1,467,469,470,-1,468,471,469,-1,469,471,472,-1,469,472,462,-1,462,472,473,-1,462,473,460,-1,474,475,476,-1,476,475,477,-1,476,477,478,-1,478,477,479,-1,478,479,480,-1,480,479,481,-1,480,481,482,-1,482,481,469,-1,482,469,483,-1,483,469,462,-1,483,462,484,-1,484,462,453,-1,484,453,485,-1,485,453,457,-1,485,457,486,-1,486,457,441,-1,486,441,487,-1,487,441,442,-1,456,231,457,-1,457,231,233,-1,457,233,441,-1,441,233,221,-1,441,221,439,-1,439,221,421,-1,439,421,488,-1,488,421,423,-1,29,214,27,-1,27,214,213,-1,27,213,209,-1,209,213,470,-1,209,470,207,-1,207,470,469,-1,207,469,192,-1,192,469,481,-1,192,481,5,-1,5,481,479,-1,5,479,333,-1,333,479,477,-1,333,477,335,-1,335,477,475,-1,335,475,489,-1,490,102,491,-1,491,102,94,-1,491,94,492,-1,492,94,86,-1,492,86,493,-1,493,86,85,-1,493,85,494,-1,490,495,496,-1,495,497,496,-1,496,497,498,-1,496,498,492,-1,492,498,499,-1,492,499,491,-1,500,501,502,-1,502,501,498,-1,502,498,503,-1,503,498,497,-1,503,497,504,-1,504,497,505,-1,5,4,192,-1,192,4,506,-1,192,506,193,-1,506,507,193,-1,193,507,508,-1,193,508,509,-1,509,508,510,-1,509,510,511,-1,5,512,513,-1,511,514,509,-1,509,514,515,-1,509,515,516,-1,513,517,5,-1,5,517,518,-1,5,518,3,-1,516,519,509,-1,509,519,520,-1,509,520,5,-1,5,520,521,-1,5,521,512,-1,522,523,5,-1,524,525,526,-1,5,523,509,-1,509,523,527,-1,509,527,528,-1,526,522,524,-1,524,522,5,-1,524,5,529,-1,529,5,333,-1,529,333,528,-1,528,333,332,-1,528,332,509,-1,10,381,11,-1,11,381,496,-1,11,496,389,-1,389,496,492,-1,389,492,411,-1,411,492,493,-1,411,493,442,-1,442,493,494,-1,442,494,487,-1,334,331,332,-1,332,331,329,-1,332,329,509,-1,509,329,294,-1,509,294,193,-1,193,294,295,-1,193,295,29,-1,29,295,2,-1,29,2,214,-1,214,2,306,-1,214,306,249,-1,249,306,315,-1,249,315,240,-1,240,315,314,-1,240,314,220,-1,220,314,395,-1,220,395,392,-1,392,395,397,-1,530,377,32,-1,490,496,102,-1,102,496,381,-1,102,381,33,-1,33,381,531,-1,33,531,32,-1,32,531,532,-1,32,532,530,-1,530,533,377,-1,377,533,534,-1,377,534,381,-1,381,534,535,-1,381,535,531,-1,536,537,299,-1,343,304,299,-1,299,304,538,-1,299,538,536,-1,2,1,306,-1,306,1,539,-1,306,539,304,-1,304,539,540,-1,304,540,538,-1,2,541,542,-1,537,543,299,-1,299,543,544,-1,299,544,545,-1,542,546,2,-1,2,546,547,-1,2,547,0,-1,545,548,299,-1,299,548,549,-1,299,549,2,-1,2,549,550,-1,2,550,541,-1,40,41,38,-1,38,41,32,-1,38,32,551,-1,551,32,377,-1,551,377,17,-1,17,377,14,-1,17,14,15,-1,15,14,13,-1,15,13,336,-1,552,553,19,-1,554,555,556,-1,19,18,557,-1,558,559,560,-1,561,553,562,-1,562,553,552,-1,562,552,563,-1,563,552,564,-1,565,558,566,-1,558,560,566,-1,566,560,567,-1,566,567,568,-1,569,570,571,-1,572,573,574,-1,575,576,577,-1,578,579,580,-1,581,582,583,-1,583,582,584,-1,583,584,585,-1,585,584,586,-1,587,588,553,-1,571,589,590,-1,577,587,575,-1,575,587,553,-1,575,553,591,-1,591,553,561,-1,591,561,592,-1,592,561,593,-1,594,595,596,-1,597,598,566,-1,566,598,599,-1,566,599,565,-1,574,600,568,-1,601,602,603,-1,597,604,598,-1,598,604,553,-1,598,553,605,-1,605,553,588,-1,606,607,601,-1,603,572,601,-1,601,572,574,-1,601,574,606,-1,606,574,568,-1,606,568,580,-1,600,608,594,-1,600,594,568,-1,568,594,596,-1,568,596,557,-1,557,596,554,-1,557,554,19,-1,19,554,556,-1,19,556,552,-1,609,584,567,-1,567,584,582,-1,567,582,568,-1,568,582,569,-1,568,569,580,-1,580,569,571,-1,580,571,578,-1,578,571,590,-1,610,611,612,-1,613,614,612,-1,612,614,615,-1,612,615,610,-1,610,615,616,-1,617,618,619,-1,619,618,616,-1,616,615,619,-1,619,615,620,-1,619,620,621,-1,622,623,624,-1,624,623,625,-1,626,624,627,-1,627,624,625,-1,627,625,628,-1,628,625,629,-1,630,631,632,-1,633,634,632,-1,632,634,635,-1,632,635,630,-1,630,635,636,-1,637,638,639,-1,639,638,636,-1,636,635,639,-1,639,635,640,-1,639,640,641,-1,642,643,644,-1,645,646,644,-1,644,646,647,-1,644,647,642,-1,642,647,648,-1,649,650,651,-1,651,650,648,-1,648,647,651,-1,651,647,652,-1,651,652,653,-1,563,564,620,-1,620,564,621,-1,653,652,593,-1,593,652,592,-1,555,554,654,-1,654,554,655,-1,603,602,610,-1,610,602,611,-1,590,589,642,-1,642,589,643,-1,585,586,630,-1,630,586,631,-1,565,599,626,-1,626,599,624,-1,641,640,576,-1,576,640,577,-1,656,657,658,-1,659,660,661,-1,661,660,662,-1,661,662,663,-1,663,662,664,-1,663,664,658,-1,658,664,665,-1,658,665,656,-1,666,667,668,-1,668,667,657,-1,668,657,669,-1,669,657,656,-1,669,656,670,-1,670,656,671,-1,665,664,672,-1,672,664,673,-1,672,673,674,-1,674,673,675,-1,474,676,677,-1,677,676,678,-1,677,678,679,-1,679,678,489,-1,680,678,681,-1,681,678,557,-1,681,557,18,-1,680,682,678,-1,678,682,683,-1,678,683,489,-1,684,685,686,-1,684,686,687,-1,687,686,39,-1,687,39,688,-1,688,689,687,-1,687,689,690,-1,687,690,16,-1,691,674,692,-1,692,674,675,-1,692,675,693,-1,693,675,694,-1,693,694,553,-1,695,696,697,-1,670,671,697,-1,697,671,693,-1,697,693,695,-1,695,693,553,-1,695,553,698,-1,698,553,604,-1,698,604,699,-1,699,604,700,-1,666,668,701,-1,701,668,702,-1,699,703,566,-1,676,474,704,-1,705,706,707,-1,707,706,708,-1,676,704,568,-1,568,704,709,-1,568,709,710,-1,710,711,568,-1,568,711,712,-1,568,712,566,-1,566,712,713,-1,566,713,714,-1,708,701,707,-1,707,701,702,-1,707,702,566,-1,566,702,698,-1,566,698,699,-1,715,88,707,-1,714,716,566,-1,566,716,717,-1,566,717,707,-1,707,717,718,-1,707,718,715,-1,719,720,706,-1,706,705,719,-1,719,705,721,-1,719,721,722,-1,723,724,725,-1,725,724,726,-1,725,726,684,-1,684,726,727,-1,684,727,685,-1,685,727,722,-1,685,722,728,-1,728,722,721,-1,728,721,43,-1,43,721,44,-1,703,699,729,-1,729,699,700,-1,729,700,597,-1,597,700,604,-1,686,730,39,-1,39,730,40,-1,730,731,40,-1,40,731,41,-1,731,732,41,-1,41,732,42,-1,732,728,42,-1,42,728,43,-1,686,685,730,-1,730,685,728,-1,730,728,731,-1,731,728,732,-1,733,734,735,-1,45,44,735,-1,735,44,721,-1,735,721,733,-1,45,735,736,-1,736,735,737,-1,736,737,54,-1,738,55,737,-1,737,55,54,-1,707,88,739,-1,734,733,738,-1,738,733,707,-1,739,740,707,-1,707,740,741,-1,707,741,738,-1,738,741,742,-1,738,742,55,-1,721,705,733,-1,733,705,707,-1,656,743,671,-1,671,743,693,-1,743,744,693,-1,693,744,692,-1,744,745,692,-1,692,745,691,-1,745,672,691,-1,691,672,674,-1,744,743,745,-1,745,743,656,-1,745,656,672,-1,672,656,665,-1,
        ]
    }
}
Shape{
    appearance Appearance {
        material  Material 	{
            diffuseColor 1.0 0.9098039215686274 0.8745098039215686
            specularColor 0.5019607843137255 0.4549019607843137 0.4392156862745098
            ambientIntensity 0.9327
            transparency 0.0
            shininess 0.5
        }
    }
    geometry IndexedFaceSet {
        ccw TRUE
        solid FALSE
        coord DEF co Coordinate {
            point [
                -2.3642 -0.7409 0.5118, -2.3642 -0.7409 0.0394, -2.1673 -0.7409 0.5118, -1.9705 -0.7409 0.0394, -2.1673 -0.7409 0.9843, -1.9705 -0.7409 0.9843
            ]
        }
        coordIndex [
            0,1,2,-1,2,1,3,-1,2,3,4,-1,4,3,5,-1,
        ]
    }
}
Shape{
    appearance Appearance {
        material  Material 	{
            diffuseColor 0.8431372549019608 0.8156862745098039 0.7529411764705882
            specularColor 0.4235294117647059 0.40784313725490196 0.3764705882352941
            ambientIntensity 0.8167
            transparency 0.0
            shininess 0.5
        }
    }
    geometry IndexedFaceSet {
        ccw TRUE
        solid FALSE
        coord DEF co Coordinate {
            point [
                -2.3642 -1.4496 0.5118, -2.3642 -0.7409 0.5118, -2.1673 -1.4496 0.5118, -2.1673 -0.7409 0.5118, -2.3642 -1.4496 0.9843, -2.1673 -1.4496 0.9843
            ]
        }
        coordIndex [
            0,1,2,-1,2,1,3,-1,4,0,5,-1,5,0,2,-1,
        ]
    }
}
Shape{
    appearance Appearance {
        material  Material 	{
            diffuseColor 1.0 0.9098039215686274 0.8745098039215686
            specularColor 0.5019607843137255 0.4549019607843137 0.4392156862745098
            ambientIntensity 0.9327
            transparency 0.0
            shininess 0.5
        }
    }
    geometry IndexedFaceSet {
        ccw TRUE
        solid FALSE
        coord DEF co Coordinate {
            point [
                -2.1673 -0.7409 0.9843, -1.9705 -0.7409 0.9843, -2.1673 -1.4496 0.9843, -1.9705 -2.237 0.9843, -2.3642 -1.4496 0.9843, -2.3642 -2.237 0.9843
            ]
        }
        coordIndex [
            0,1,2,-1,2,1,3,-1,2,3,4,-1,4,3,5,-1,
        ]
    }
}
Shape{
    appearance Appearance {
        material  Material 	{
            diffuseColor 0.8431372549019608 0.8156862745098039 0.7529411764705882
            specularColor 0.4235294117647059 0.40784313725490196 0.3764705882352941
            ambientIntensity 0.8167
            transparency 0.0
            shininess 0.5
        }
    }
    geometry IndexedFaceSet {
        ccw TRUE
        solid FALSE
        coord DEF co Coordinate {
            point [
                -1.9705 -0.7409 0.0394, -1.9705 -2.237 0.0394, -1.9705 -0.7409 0.9843, -1.9705 -2.237 0.9843, -2.1673 -0.7409 0.9843, -2.1673 -1.4496 0.9843, -2.1673 -0.7409 0.5118, -2.1673 -1.4496 0.5118, 2.1634 -1.4496 0.9843, 2.1634 -0.7409 0.9843, 2.1634 -1.4496 0.5118, 2.1634 -0.7409 0.5118, 1.9665 0.7551 0.0394, 1.9665 0.7551 0.6393, 1.9665 1.385 0.0394, 1.9665 1.385 0.2756, -1.9705 1.385 0.0394, -1.9705 1.385 0.2756, -1.9705 0.7551 0.0394, -1.9705 0.7551 0.6393, -1.3799 0.1646 2.0472, -1.3799 -2.237 2.0472, -1.3799 0.1646 1.811, -1.3799 -2.237 1.811, 1.376 0.1646 1.811, 1.376 -2.237 1.811, 1.376 0.1646 2.0472, 1.376 -2.237 2.0472, 0.8839 -0.5047 1.811, 0.8839 -1.0559 1.811, 1.1791 -1.0559 1.811, -2.3642 0.7551 1.811, -2.3642 0.1646 1.811, -0.8878 -1.0559 1.811, -1.1831 -1.0559 1.811, -1.1831 -2.237 1.811, 1.1791 -2.237 1.811, -0.8878 -0.5047 1.811, 2.3602 0.1646 1.811, 2.3602 0.2492 1.811, 2.3602 0.2739 1.811, 2.3602 0.3349 1.811, 2.3602 0.366 1.811, 2.3602 0.4909 1.811, 2.3602 0.5331 1.811, 2.3602 0.6581 1.811, 2.3602 0.7551 1.811, -1.7736 -2.1583 1.8504, -1.7736 -0.0323 1.8504, -1.5768 -2.1583 1.8504, -1.5768 -0.0323 1.8504, -1.5768 -2.1583 1.6142, -1.5768 -0.0323 1.6142, -1.2618 -2.1583 1.6142, -1.2618 -0.9772 1.6142, 1.2579 -0.9772 1.6142, 1.5728 -0.0323 1.6142, 1.2579 -2.1583 1.6142, 1.5728 -2.1583 1.6142, 1.5728 -2.1583 1.8504, 1.5728 -0.0323 1.8504, 1.7697 -2.1583 1.8504, 1.7697 -0.0323 1.8504, 1.7697 -2.1583 0.2362, 1.7697 -0.0323 0.2362, 1.2579 -2.1583 0.2362, 1.2579 -1.5677 0.2362, -1.2618 -1.5677 0.2362, -1.7736 -0.0323 0.2362, -1.2618 -2.1583 0.2362, -1.7736 -2.1583 0.2362, -0.2972 -0.0323 0.7874, -0.4941 -0.0323 0.7874, -1.0846 -0.0323 0.9843, -1.2815 -0.0323 0.9843, -1.2815 -0.0323 0.7874, -1.0846 -0.0323 0.7874, 0.2933 -0.0323 0.9843, 0.4902 -0.0323 0.9843, 0.2933 -0.0323 0.7874, -0.2972 -0.0323 0.9843, -0.4941 -0.0323 0.9843, 1.2776 -0.0323 0.9843, 1.2776 -0.0323 0.7874, 1.0807 -0.0323 0.7874, 1.0807 -0.0323 0.9843, 0.4902 -0.0323 0.7874, 1.1791 -1.0559 1.6929, -1.1831 -1.0559 1.6929, -1.1831 -2.237 1.6929, 1.1791 -2.237 1.6929, -1.1831 -2.237 0.1575, -1.1831 -2.237 0.0394, -1.1831 -1.6465 0.1575, -1.1831 -1.6465 0.0394, 1.1791 -1.6465 0.1575, 1.1791 -1.6465 0.0394, 1.1791 -2.237 0.1575, 1.1791 -2.237 0.0394, -1.7736 0.5583 1.1024, -1.7736 0.5583 0.6299, -1.7736 0.7551 1.1024, -1.7736 0.7551 0.6299, 1.3169 0.5583 0.6299, 1.7697 0.5583 0.6299, 1.3169 0.7551 0.6299, 1.7697 0.7551 0.6299, 1.7697 0.5583 1.1024, 1.7697 0.7551 1.1024, -1.3209 0.5583 1.1024, -1.3209 0.7551 1.1024, 1.3169 0.5583 0.9843, 1.3169 0.5583 1.1024, 1.3169 0.5583 0.789, 1.2776 0.5583 0.789, 1.2776 0.5583 0.9843, -1.0453 0.4402 1.1024, -1.0453 0.2039 1.1024, -1.0453 0.2039 1.4173, -1.0453 0.7551 1.4173, -1.0453 0.7551 1.1024, -1.0453 0.5583 1.1024, -1.0453 0.5583 0.9843, -1.3209 0.2039 1.4173, -1.3209 0.7551 1.4173, -1.3209 0.4402 1.1024, -1.3209 0.5583 0.9843, -1.3209 0.2039 1.1024, -1.3209 0.7551 0.2362, -1.3209 0.7551 0.6299, -1.3209 0.2039 0.2362, -1.3209 0.5583 0.6299, -1.3209 0.5583 0.789, -1.3209 0.2827 0.6299, -1.3209 0.2039 0.6299, -1.0453 0.7551 0.2362, -1.0846 0.7551 0.2362, -1.0846 0.6762 0.2362, -1.2815 0.7551 0.2362, -1.2815 0.6762 0.2362, -1.0453 0.2039 0.2362, -1.0453 0.2827 0.6299, -1.0453 0.5583 0.789, -1.0453 0.5583 0.6299, -1.0453 0.2039 0.6299, -1.0453 0.7551 0.6299, -1.2815 0.5583 0.9843, -1.0846 0.5583 0.9843, -1.2815 0.5583 0.789, -1.2815 0.5554 0.7874, -1.0846 0.5583 0.789, -1.0846 0.5554 0.7874, -0.5335 0.7551 0.2362, -0.5335 0.7551 0.6299, -0.5335 0.2039 0.2362, -0.5335 0.5583 0.6299, -0.5335 0.5583 0.789, -0.5335 0.2827 0.6299, -0.5335 0.2039 0.6299, -0.2579 0.7551 0.2362, -0.2972 0.7551 0.2362, -0.2972 0.6762 0.2362, -0.4941 0.7551 0.2362, -0.4941 0.6762 0.2362, -0.2579 0.2039 0.2362, -0.2579 0.2827 0.6299, -0.2579 0.5583 0.789, -0.2579 0.5583 0.6299, -0.2579 0.2039 0.6299, -0.2579 0.7551 0.6299, 1.3169 0.4402 1.1024, 1.3169 0.2039 1.1024, 1.3169 0.2039 1.4173, 1.3169 0.7551 1.4173, 1.3169 0.7551 1.1024, 1.0413 0.2039 1.4173, 1.0413 0.7551 1.4173, 1.0413 0.4402 1.1024, 1.0413 0.5583 0.9843, 1.0413 0.5583 1.1024, 1.0413 0.2039 1.1024, 1.0413 0.7551 1.1024, -0.2579 0.4402 1.1024, -0.2579 0.2039 1.1024, -0.2579 0.2039 1.4173, -0.2579 0.7551 1.4173, -0.2579 0.7551 1.1024, -0.2579 0.5583 1.1024, -0.2579 0.5583 0.9843, -0.5335 0.2039 1.4173, -0.5335 0.7551 1.4173, -0.5335 0.4402 1.1024, -0.5335 0.5583 0.9843, -0.5335 0.5583 1.1024, -0.5335 0.2039 1.1024, -0.5335 0.7551 1.1024, 0.2539 0.7551 0.2362, 0.2539 0.7551 0.6299, 0.2539 0.2039 0.2362, 0.2539 0.5583 0.6299, 0.2539 0.5583 0.789, 0.2539 0.2827 0.6299, 0.2539 0.2039 0.6299, 0.5295 0.7551 0.2362, 0.4902 0.7551 0.2362, 0.4902 0.6762 0.2362, 0.2933 0.7551 0.2362, 0.2933 0.6762 0.2362, 0.5295 0.2039 0.2362, 0.5295 0.2827 0.6299, 0.5295 0.5583 0.789, 0.5295 0.5583 0.6299, 0.5295 0.2039 0.6299, 0.5295 0.7551 0.6299, 0.5295 0.4402 1.1024, 0.5295 0.2039 1.1024, 0.5295 0.2039 1.4173, 0.5295 0.7551 1.4173, 0.5295 0.7551 1.1024, 0.5295 0.5583 1.1024, 0.5295 0.5583 0.9843, 0.2539 0.2039 1.4173, 0.2539 0.7551 1.4173, 0.2539 0.4402 1.1024, 0.2539 0.5583 0.9843, 0.2539 0.5583 1.1024, 0.2539 0.2039 1.1024, 0.2539 0.7551 1.1024, 1.0413 0.7551 0.2362, 1.0413 0.7551 0.6299, 1.0413 0.2039 0.2362, 1.0413 0.5583 0.6299, 1.0413 0.5583 0.789, 1.0413 0.2827 0.6299, 1.0413 0.2039 0.6299, 1.3169 0.7551 0.2362, 1.2776 0.7551 0.2362, 1.2776 0.6762 0.2362, 1.0807 0.7551 0.2362, 1.0807 0.6762 0.2362, 1.3169 0.2039 0.2362, 1.3169 0.2827 0.6299, 1.3169 0.2039 0.6299, -0.4941 0.5583 0.9843, -0.2972 0.5583 0.9843, 0.2933 0.5583 0.9843, 0.4902 0.5583 0.9843, 1.0807 0.5583 0.9843, -0.4941 0.5583 0.789, -0.4941 0.5554 0.7874, -0.2972 0.5583 0.789, -0.2972 0.5554 0.7874, 0.2933 0.5583 0.789, 0.2933 0.5554 0.7874, 0.4902 0.5583 0.789, 0.4902 0.5554 0.7874, 1.0807 0.5583 0.789, 1.0807 0.5554 0.7874, 1.2776 0.5554 0.7874
            ]
        }
        coordIndex [
            0,1,2,-1,2,1,3,-1,4,5,6,-1,6,5,7,-1,8,9,10,-1,10,9,11,-1,12,13,14,-1,14,13,15,-1,16,17,18,-1,18,17,19,-1,20,21,22,-1,22,21,23,-1,24,25,26,-1,26,25,27,-1,28,29,30,-1,31,32,22,-1,33,22,34,-1,34,22,23,-1,34,23,35,-1,36,25,30,-1,30,25,24,-1,30,24,28,-1,28,24,22,-1,28,22,37,-1,37,22,33,-1,24,38,39,-1,24,39,22,-1,22,39,40,-1,22,40,41,-1,41,42,22,-1,22,42,43,-1,22,43,44,-1,44,45,22,-1,22,45,46,-1,22,46,31,-1,47,48,49,-1,49,48,50,-1,49,50,51,-1,51,50,52,-1,53,51,54,-1,54,51,52,-1,54,52,55,-1,55,52,56,-1,55,56,57,-1,57,56,58,-1,58,56,59,-1,59,56,60,-1,59,60,61,-1,61,60,62,-1,61,62,63,-1,63,62,64,-1,65,63,66,-1,66,63,64,-1,66,64,67,-1,67,64,68,-1,67,68,69,-1,69,68,70,-1,70,68,47,-1,47,68,48,-1,64,71,72,-1,50,48,52,-1,52,48,68,-1,73,56,74,-1,74,56,52,-1,74,52,75,-1,75,52,68,-1,75,68,76,-1,77,78,56,-1,79,77,80,-1,80,77,56,-1,80,56,81,-1,81,56,73,-1,81,73,72,-1,72,73,76,-1,72,76,64,-1,64,76,68,-1,82,83,64,-1,64,83,84,-1,62,60,56,-1,64,62,82,-1,82,62,56,-1,82,56,85,-1,85,56,78,-1,85,78,84,-1,84,78,86,-1,84,86,64,-1,64,86,79,-1,64,79,71,-1,71,79,80,-1,87,30,29,-1,87,29,88,-1,88,29,33,-1,88,33,34,-1,88,34,89,-1,89,34,35,-1,90,36,87,-1,87,36,30,-1,91,92,93,-1,93,92,94,-1,93,94,95,-1,95,94,96,-1,95,96,97,-1,97,96,98,-1,99,100,101,-1,101,100,102,-1,103,104,105,-1,105,104,106,-1,104,107,106,-1,106,107,108,-1,109,99,110,-1,110,99,101,-1,111,112,107,-1,104,103,113,-1,114,115,113,-1,113,115,111,-1,113,111,104,-1,104,111,107,-1,116,117,118,-1,119,120,118,-1,118,120,121,-1,118,121,116,-1,116,121,122,-1,118,123,119,-1,119,123,124,-1,125,126,109,-1,127,125,123,-1,123,125,109,-1,123,109,124,-1,124,109,110,-1,125,127,116,-1,116,127,117,-1,127,123,117,-1,117,123,118,-1,128,129,130,-1,130,129,131,-1,131,132,130,-1,130,132,133,-1,130,133,134,-1,135,136,137,-1,138,128,139,-1,139,128,130,-1,139,130,137,-1,137,130,140,-1,137,140,135,-1,141,142,143,-1,144,141,140,-1,140,141,143,-1,140,143,135,-1,135,143,145,-1,141,144,133,-1,133,144,134,-1,144,140,134,-1,134,140,130,-1,126,125,146,-1,146,125,116,-1,146,116,147,-1,147,116,122,-1,132,148,149,-1,150,142,151,-1,151,142,141,-1,151,141,149,-1,149,141,133,-1,149,133,132,-1,152,153,154,-1,154,153,155,-1,155,156,154,-1,154,156,157,-1,154,157,158,-1,159,160,161,-1,162,152,163,-1,163,152,154,-1,163,154,161,-1,161,154,164,-1,161,164,159,-1,165,166,167,-1,168,165,164,-1,164,165,167,-1,164,167,159,-1,159,167,169,-1,165,168,157,-1,157,168,158,-1,168,164,158,-1,158,164,154,-1,170,171,172,-1,173,174,172,-1,172,174,112,-1,172,112,170,-1,170,112,111,-1,172,175,173,-1,173,175,176,-1,177,178,179,-1,180,177,175,-1,175,177,179,-1,175,179,176,-1,176,179,181,-1,177,180,170,-1,170,180,171,-1,180,175,171,-1,171,175,172,-1,182,183,184,-1,185,186,184,-1,184,186,187,-1,184,187,182,-1,182,187,188,-1,184,189,185,-1,185,189,190,-1,191,192,193,-1,194,191,189,-1,189,191,193,-1,189,193,190,-1,190,193,195,-1,191,194,182,-1,182,194,183,-1,194,189,183,-1,183,189,184,-1,196,197,198,-1,198,197,199,-1,199,200,198,-1,198,200,201,-1,198,201,202,-1,203,204,205,-1,206,196,207,-1,207,196,198,-1,207,198,205,-1,205,198,208,-1,205,208,203,-1,209,210,211,-1,212,209,208,-1,208,209,211,-1,208,211,203,-1,203,211,213,-1,209,212,201,-1,201,212,202,-1,212,208,202,-1,202,208,198,-1,214,215,216,-1,217,218,216,-1,216,218,219,-1,216,219,214,-1,214,219,220,-1,216,221,217,-1,217,221,222,-1,223,224,225,-1,226,223,221,-1,221,223,225,-1,221,225,222,-1,222,225,227,-1,223,226,214,-1,214,226,215,-1,226,221,215,-1,215,221,216,-1,228,229,230,-1,230,229,231,-1,231,232,230,-1,230,232,233,-1,230,233,234,-1,235,236,237,-1,238,228,239,-1,239,228,230,-1,239,230,237,-1,237,230,240,-1,237,240,235,-1,241,113,103,-1,242,241,240,-1,240,241,103,-1,240,103,235,-1,235,103,105,-1,241,242,233,-1,233,242,234,-1,242,240,234,-1,234,240,230,-1,192,191,243,-1,243,191,182,-1,243,182,244,-1,244,182,188,-1,224,223,245,-1,245,223,214,-1,245,214,246,-1,246,214,220,-1,178,177,247,-1,247,177,170,-1,247,170,115,-1,115,170,111,-1,156,248,249,-1,250,166,251,-1,251,166,165,-1,251,165,249,-1,249,165,157,-1,249,157,156,-1,200,252,253,-1,254,210,255,-1,255,210,209,-1,255,209,253,-1,253,209,201,-1,253,201,200,-1,232,256,257,-1,114,113,258,-1,258,113,241,-1,258,241,257,-1,257,241,233,-1,257,233,232,-1,
        ]
    }
}
Shape{
    appearance Appearance {
        material  Material 	{
            diffuseColor 0.7529411764705882 0.7529411764705882 0.7529411764705882
            specularColor 0.3764705882352941 0.3764705882352941 0.3764705882352941
            ambientIntensity 0.7529
            transparency 0.0
            shininess 0.5
        }
    }
    geometry IndexedFaceSet {
        ccw TRUE
        solid FALSE
        coord DEF co Coordinate {
            point [
                0.4902 1.7 0.0, 0.4902 0.9126 0.0, 0.2933 1.7 0.0, 0.2933 0.9126 0.0, 0.365 1.8968 0.0716, 0.365 1.8968 0.1252, 0.4185 1.8968 0.0716, 0.4185 1.8968 0.1252, 0.2933 1.7 0.1969, 0.2933 0.9126 0.1969, 0.4902 1.7 0.1969, 0.4902 0.9126 0.1969, 0.4902 0.9026 0.1981, 0.2933 0.9026 0.1981, 0.4902 0.8933 0.2019, 0.2933 0.8933 0.2019, 0.4902 0.8852 0.2079, 0.2933 0.8852 0.2079, 0.4902 0.879 0.2157, 0.2933 0.879 0.2157, 0.4902 0.8749 0.2249, 0.2933 0.8749 0.2249, 0.4902 0.8733 0.2348, 0.2933 0.8733 0.2348, 0.4902 0.855 0.7563, 0.2933 0.855 0.7563, 0.2933 0.8453 0.8158, 0.4902 0.8453 0.8158, 0.2933 0.8207 0.8709, 0.4902 0.8207 0.8709, 0.2933 0.7831 0.918, 0.4902 0.7831 0.918, 0.2933 0.7347 0.954, 0.4902 0.7347 0.954, 0.2933 0.6788 0.9766, 0.4902 0.6788 0.9766, 0.2933 0.619 0.9843, 0.4902 0.619 0.9843, 0.4902 0.619 0.7874, 0.2933 0.619 0.7874, 0.4902 0.6289 0.7861, 0.2933 0.6289 0.7861, 0.4902 0.6383 0.7824, 0.2933 0.6383 0.7824, 0.4902 0.6463 0.7764, 0.2933 0.6463 0.7764, 0.4902 0.6526 0.7685, 0.2933 0.6526 0.7685, 0.4902 0.6567 0.7593, 0.2933 0.6567 0.7593, 0.4902 0.6583 0.7494, 0.2933 0.6583 0.7494, 0.4902 0.7551 0.2362, 0.4902 0.5583 0.789, 0.4902 0.5554 0.7874, 0.4902 0.7551 0.0602, 0.4902 0.8557 0.007, 0.4902 0.8022 0.0274, 0.4902 0.6762 0.2362, 0.4902 0.5583 0.9843, 0.2933 0.5554 0.7874, 0.2933 0.5583 0.789, 0.2933 0.7551 0.2362, 0.2933 0.7551 0.0602, 0.2933 0.8557 0.007, 0.2933 0.8022 0.0274, 0.2933 0.5583 0.9843, 0.2933 0.6762 0.2362, 0.4902 -1.3495 0.9843, 0.4902 -0.0323 0.9843, 0.2933 -1.3495 0.9843, 0.2933 -0.0323 0.9843, 0.2933 -1.3495 0.7874, 0.2933 -0.0323 0.7874, 0.4902 -1.3495 0.7874, 0.4902 -0.0323 0.7874, 0.365 -1.5464 0.9126, 0.365 -1.5464 0.859, 0.4185 -1.5464 0.9126, 0.4185 -1.5464 0.859
            ]
        }
        coordIndex [
            0,1,2,-1,2,1,3,-1,4,5,6,-1,6,5,7,-1,8,9,10,-1,10,9,11,-1,11,9,12,-1,12,9,13,-1,12,13,14,-1,14,13,15,-1,14,15,16,-1,16,15,17,-1,16,17,18,-1,18,17,19,-1,18,19,20,-1,20,19,21,-1,20,21,22,-1,22,21,23,-1,24,22,25,-1,25,22,23,-1,24,25,26,-1,24,26,27,-1,27,26,28,-1,27,28,29,-1,29,28,30,-1,29,30,31,-1,31,30,32,-1,31,32,33,-1,33,32,34,-1,33,34,35,-1,35,34,36,-1,35,36,37,-1,38,39,40,-1,40,39,41,-1,40,41,42,-1,42,41,43,-1,42,43,44,-1,44,43,45,-1,44,45,46,-1,46,45,47,-1,46,47,48,-1,48,47,49,-1,48,49,50,-1,50,49,51,-1,22,24,52,-1,53,54,38,-1,55,18,52,-1,52,18,20,-1,52,20,22,-1,0,10,1,-1,1,10,11,-1,1,11,56,-1,56,11,12,-1,56,12,57,-1,57,12,14,-1,57,14,55,-1,55,14,16,-1,55,16,18,-1,58,52,50,-1,50,52,24,-1,50,24,48,-1,48,24,27,-1,48,27,46,-1,46,27,29,-1,46,29,44,-1,44,29,31,-1,44,31,42,-1,42,31,33,-1,42,33,40,-1,40,33,35,-1,40,35,38,-1,38,35,37,-1,38,37,53,-1,53,37,59,-1,39,60,61,-1,25,23,62,-1,62,23,21,-1,62,21,63,-1,8,2,9,-1,9,2,3,-1,9,3,13,-1,13,3,64,-1,13,64,15,-1,15,64,65,-1,15,65,17,-1,17,65,63,-1,17,63,19,-1,19,63,21,-1,61,66,39,-1,39,66,36,-1,39,36,41,-1,41,36,34,-1,41,34,43,-1,43,34,32,-1,43,32,45,-1,45,32,30,-1,45,30,47,-1,47,30,28,-1,47,28,49,-1,49,28,26,-1,49,26,51,-1,51,26,25,-1,51,25,67,-1,67,25,62,-1,39,38,60,-1,60,38,54,-1,59,37,66,-1,66,37,36,-1,58,50,67,-1,67,50,51,-1,55,63,65,-1,55,65,57,-1,57,65,64,-1,57,64,56,-1,56,64,3,-1,56,3,1,-1,68,69,70,-1,70,69,71,-1,72,73,74,-1,74,73,75,-1,74,75,68,-1,68,75,69,-1,70,71,72,-1,72,71,73,-1,76,77,78,-1,78,77,79,-1,10,7,8,-1,8,7,5,-1,0,6,10,-1,10,6,7,-1,4,2,5,-1,5,2,8,-1,2,4,0,-1,0,4,6,-1,74,79,72,-1,72,79,77,-1,68,78,74,-1,74,78,79,-1,76,70,77,-1,77,70,72,-1,70,76,68,-1,68,76,78,-1,
        ]
    }
}
Shape{
    appearance Appearance {
        material  Material 	{
            diffuseColor 0.8431372549019608 0.8156862745098039 0.7529411764705882
            specularColor 0.4235294117647059 0.40784313725490196 0.3764705882352941
            ambientIntensity 0.8167
            transparency 0.0
            shininess 0.5
        }
    }
    geometry IndexedFaceSet {
        ccw TRUE
        solid FALSE
        coord DEF co Coordinate {
            point [
                0.8839 -0.5047 1.9685, 0.8839 -0.5047 1.811, -0.8878 -0.5047 1.9685, -0.8878 -0.5047 1.811, 0.8839 -0.6228 1.9685, -0.8878 -0.6228 1.9685, 0.8839 -1.0559 1.811, -0.8878 -1.0559 1.811
            ]
        }
        coordIndex [
            0,1,2,-1,2,1,3,-1,4,0,5,-1,5,0,2,-1,6,4,7,-1,7,4,5,-1,0,4,1,-1,1,4,6,-1,5,2,7,-1,7,2,3,-1,
        ]
    }
}
Shape{
    appearance Appearance {
        material  Material 	{
            diffuseColor 0.7529411764705882 0.7529411764705882 0.7529411764705882
            specularColor 0.3764705882352941 0.3764705882352941 0.3764705882352941
            ambientIntensity 0.7529
            transparency 0.0
            shininess 0.5
        }
    }
    geometry IndexedFaceSet {
        ccw TRUE
        solid FALSE
        coord DEF co Coordinate {
            point [
                -0.2972 1.7 0.0, -0.2972 0.9126 0.0, -0.4941 1.7 0.0, -0.4941 0.9126 0.0, -0.4224 1.8968 0.0716, -0.4224 1.8968 0.1252, -0.3689 1.8968 0.0716, -0.3689 1.8968 0.1252, -0.4941 1.7 0.1969, -0.4941 0.9126 0.1969, -0.2972 1.7 0.1969, -0.2972 0.9126 0.1969, -0.2972 0.9026 0.1981, -0.4941 0.9026 0.1981, -0.2972 0.8933 0.2019, -0.4941 0.8933 0.2019, -0.2972 0.8852 0.2079, -0.4941 0.8852 0.2079, -0.2972 0.879 0.2157, -0.4941 0.879 0.2157, -0.2972 0.8749 0.2249, -0.4941 0.8749 0.2249, -0.2972 0.8733 0.2348, -0.4941 0.8733 0.2348, -0.2972 0.855 0.7563, -0.4941 0.855 0.7563, -0.4941 0.8453 0.8158, -0.2972 0.8453 0.8158, -0.4941 0.8207 0.8709, -0.2972 0.8207 0.8709, -0.4941 0.7831 0.918, -0.2972 0.7831 0.918, -0.4941 0.7347 0.954, -0.2972 0.7347 0.954, -0.4941 0.6788 0.9766, -0.2972 0.6788 0.9766, -0.4941 0.619 0.9843, -0.2972 0.619 0.9843, -0.2972 0.619 0.7874, -0.4941 0.619 0.7874, -0.2972 0.6289 0.7861, -0.4941 0.6289 0.7861, -0.2972 0.6383 0.7824, -0.4941 0.6383 0.7824, -0.2972 0.6463 0.7764, -0.4941 0.6463 0.7764, -0.2972 0.6526 0.7685, -0.4941 0.6526 0.7685, -0.2972 0.6567 0.7593, -0.4941 0.6567 0.7593, -0.2972 0.6583 0.7494, -0.4941 0.6583 0.7494, -0.2972 0.7551 0.2362, -0.2972 0.5583 0.789, -0.2972 0.5554 0.7874, -0.2972 0.7551 0.0602, -0.2972 0.8557 0.007, -0.2972 0.8022 0.0274, -0.2972 0.6762 0.2362, -0.2972 0.5583 0.9843, -0.4941 0.5554 0.7874, -0.4941 0.5583 0.789, -0.4941 0.7551 0.2362, -0.4941 0.7551 0.0602, -0.4941 0.8557 0.007, -0.4941 0.8022 0.0274, -0.4941 0.5583 0.9843, -0.4941 0.6762 0.2362, -0.2972 -1.3495 0.9843, -0.2972 -0.0323 0.9843, -0.4941 -1.3495 0.9843, -0.4941 -0.0323 0.9843, -0.4941 -1.3495 0.7874, -0.4941 -0.0323 0.7874, -0.2972 -1.3495 0.7874, -0.2972 -0.0323 0.7874, -0.4224 -1.5464 0.9126, -0.4224 -1.5464 0.859, -0.3689 -1.5464 0.9126, -0.3689 -1.5464 0.859, -1.0846 1.7 0.0, -1.0846 0.9126 0.0, -1.2815 1.7 0.0, -1.2815 0.9126 0.0, -1.2098 1.8968 0.0716, -1.2098 1.8968 0.1252, -1.1563 1.8968 0.0716, -1.1563 1.8968 0.1252, -1.2815 1.7 0.1969, -1.2815 0.9126 0.1969, -1.0846 1.7 0.1969, -1.0846 0.9126 0.1969, -1.0846 0.9026 0.1981, -1.2815 0.9026 0.1981, -1.0846 0.8933 0.2019, -1.2815 0.8933 0.2019, -1.0846 0.8852 0.2079, -1.2815 0.8852 0.2079, -1.0846 0.879 0.2157, -1.2815 0.879 0.2157, -1.0846 0.8749 0.2249, -1.2815 0.8749 0.2249, -1.0846 0.8733 0.2348, -1.2815 0.8733 0.2348, -1.0846 0.855 0.7563, -1.2815 0.855 0.7563, -1.2815 0.8453 0.8158, -1.0846 0.8453 0.8158, -1.2815 0.8207 0.8709, -1.0846 0.8207 0.8709, -1.2815 0.7831 0.918, -1.0846 0.7831 0.918, -1.2815 0.7347 0.954, -1.0846 0.7347 0.954, -1.2815 0.6788 0.9766, -1.0846 0.6788 0.9766, -1.2815 0.619 0.9843, -1.0846 0.619 0.9843, -1.0846 0.619 0.7874, -1.2815 0.619 0.7874, -1.0846 0.6289 0.7861, -1.2815 0.6289 0.7861, -1.0846 0.6383 0.7824, -1.2815 0.6383 0.7824, -1.0846 0.6463 0.7764, -1.2815 0.6463 0.7764, -1.0846 0.6526 0.7685, -1.2815 0.6526 0.7685, -1.0846 0.6567 0.7593, -1.2815 0.6567 0.7593, -1.0846 0.6583 0.7494, -1.2815 0.6583 0.7494, -1.0846 0.7551 0.2362, -1.0846 0.5583 0.789, -1.0846 0.5554 0.7874, -1.0846 0.7551 0.0602, -1.0846 0.8557 0.007, -1.0846 0.8022 0.0274, -1.0846 0.6762 0.2362, -1.0846 0.5583 0.9843, -1.2815 0.5554 0.7874, -1.2815 0.5583 0.789, -1.2815 0.7551 0.2362, -1.2815 0.7551 0.0602, -1.2815 0.8557 0.007, -1.2815 0.8022 0.0274, -1.2815 0.5583 0.9843, -1.2815 0.6762 0.2362, -1.0846 -1.3495 0.9843, -1.0846 -0.0323 0.9843, -1.2815 -1.3495 0.9843, -1.2815 -0.0323 0.9843, -1.2815 -1.3495 0.7874, -1.2815 -0.0323 0.7874, -1.0846 -1.3495 0.7874, -1.0846 -0.0323 0.7874, -1.2098 -1.5464 0.9126, -1.2098 -1.5464 0.859, -1.1563 -1.5464 0.9126, -1.1563 -1.5464 0.859, 1.2776 1.7 0.0, 1.2776 0.9126 0.0, 1.0807 1.7 0.0, 1.0807 0.9126 0.0, 1.1524 1.8968 0.0716, 1.1524 1.8968 0.1252, 1.2059 1.8968 0.0716, 1.2059 1.8968 0.1252, 1.0807 1.7 0.1969, 1.0807 0.9126 0.1969, 1.2776 1.7 0.1969, 1.2776 0.9126 0.1969, 1.2776 0.9026 0.1981, 1.0807 0.9026 0.1981, 1.2776 0.8933 0.2019, 1.0807 0.8933 0.2019, 1.2776 0.8852 0.2079, 1.0807 0.8852 0.2079, 1.2776 0.879 0.2157, 1.0807 0.879 0.2157, 1.2776 0.8749 0.2249, 1.0807 0.8749 0.2249, 1.2776 0.8733 0.2348, 1.0807 0.8733 0.2348, 1.2776 0.855 0.7563, 1.0807 0.855 0.7563, 1.0807 0.8453 0.8158, 1.2776 0.8453 0.8158, 1.0807 0.8207 0.8709, 1.2776 0.8207 0.8709, 1.0807 0.7831 0.918, 1.2776 0.7831 0.918, 1.0807 0.7347 0.954, 1.2776 0.7347 0.954, 1.0807 0.6788 0.9766, 1.2776 0.6788 0.9766, 1.0807 0.619 0.9843, 1.2776 0.619 0.9843, 1.2776 0.619 0.7874, 1.0807 0.619 0.7874, 1.2776 0.6289 0.7861, 1.0807 0.6289 0.7861, 1.2776 0.6383 0.7824, 1.0807 0.6383 0.7824, 1.2776 0.6463 0.7764, 1.0807 0.6463 0.7764, 1.2776 0.6526 0.7685, 1.0807 0.6526 0.7685, 1.2776 0.6567 0.7593, 1.0807 0.6567 0.7593, 1.2776 0.6583 0.7494, 1.0807 0.6583 0.7494, 1.2776 0.7551 0.2362, 1.2776 0.5583 0.789, 1.2776 0.5554 0.7874, 1.2776 0.7551 0.0602, 1.2776 0.8557 0.007, 1.2776 0.8022 0.0274, 1.2776 0.6762 0.2362, 1.2776 0.5583 0.9843, 1.0807 0.5554 0.7874, 1.0807 0.5583 0.789, 1.0807 0.7551 0.2362, 1.0807 0.7551 0.0602, 1.0807 0.8557 0.007, 1.0807 0.8022 0.0274, 1.0807 0.5583 0.9843, 1.0807 0.6762 0.2362, 1.2776 -1.3495 0.9843, 1.2776 -0.0323 0.9843, 1.0807 -1.3495 0.9843, 1.0807 -0.0323 0.9843, 1.0807 -1.3495 0.7874, 1.0807 -0.0323 0.7874, 1.2776 -1.3495 0.7874, 1.2776 -0.0323 0.7874, 1.1524 -1.5464 0.9126, 1.1524 -1.5464 0.859, 1.2059 -1.5464 0.9126, 1.2059 -1.5464 0.859
            ]
        }
        coordIndex [
            0,1,2,-1,2,1,3,-1,4,5,6,-1,6,5,7,-1,8,9,10,-1,10,9,11,-1,11,9,12,-1,12,9,13,-1,12,13,14,-1,14,13,15,-1,14,15,16,-1,16,15,17,-1,16,17,18,-1,18,17,19,-1,18,19,20,-1,20,19,21,-1,20,21,22,-1,22,21,23,-1,24,22,25,-1,25,22,23,-1,24,25,26,-1,24,26,27,-1,27,26,28,-1,27,28,29,-1,29,28,30,-1,29,30,31,-1,31,30,32,-1,31,32,33,-1,33,32,34,-1,33,34,35,-1,35,34,36,-1,35,36,37,-1,38,39,40,-1,40,39,41,-1,40,41,42,-1,42,41,43,-1,42,43,44,-1,44,43,45,-1,44,45,46,-1,46,45,47,-1,46,47,48,-1,48,47,49,-1,48,49,50,-1,50,49,51,-1,22,24,52,-1,53,54,38,-1,55,18,52,-1,52,18,20,-1,52,20,22,-1,0,10,1,-1,1,10,11,-1,1,11,56,-1,56,11,12,-1,56,12,57,-1,57,12,14,-1,57,14,55,-1,55,14,16,-1,55,16,18,-1,58,52,50,-1,50,52,24,-1,50,24,48,-1,48,24,27,-1,48,27,46,-1,46,27,29,-1,46,29,44,-1,44,29,31,-1,44,31,42,-1,42,31,33,-1,42,33,40,-1,40,33,35,-1,40,35,38,-1,38,35,37,-1,38,37,53,-1,53,37,59,-1,39,60,61,-1,25,23,62,-1,62,23,21,-1,62,21,63,-1,8,2,9,-1,9,2,3,-1,9,3,13,-1,13,3,64,-1,13,64,15,-1,15,64,65,-1,15,65,17,-1,17,65,63,-1,17,63,19,-1,19,63,21,-1,61,66,39,-1,39,66,36,-1,39,36,41,-1,41,36,34,-1,41,34,43,-1,43,34,32,-1,43,32,45,-1,45,32,30,-1,45,30,47,-1,47,30,28,-1,47,28,49,-1,49,28,26,-1,49,26,51,-1,51,26,25,-1,51,25,67,-1,67,25,62,-1,39,38,60,-1,60,38,54,-1,59,37,66,-1,66,37,36,-1,58,50,67,-1,67,50,51,-1,55,63,65,-1,55,65,57,-1,57,65,64,-1,57,64,56,-1,56,64,3,-1,56,3,1,-1,68,69,70,-1,70,69,71,-1,72,73,74,-1,74,73,75,-1,74,75,68,-1,68,75,69,-1,70,71,72,-1,72,71,73,-1,76,77,78,-1,78,77,79,-1,80,81,82,-1,82,81,83,-1,84,85,86,-1,86,85,87,-1,88,89,90,-1,90,89,91,-1,91,89,92,-1,92,89,93,-1,92,93,94,-1,94,93,95,-1,94,95,96,-1,96,95,97,-1,96,97,98,-1,98,97,99,-1,98,99,100,-1,100,99,101,-1,100,101,102,-1,102,101,103,-1,104,102,105,-1,105,102,103,-1,104,105,106,-1,104,106,107,-1,107,106,108,-1,107,108,109,-1,109,108,110,-1,109,110,111,-1,111,110,112,-1,111,112,113,-1,113,112,114,-1,113,114,115,-1,115,114,116,-1,115,116,117,-1,118,119,120,-1,120,119,121,-1,120,121,122,-1,122,121,123,-1,122,123,124,-1,124,123,125,-1,124,125,126,-1,126,125,127,-1,126,127,128,-1,128,127,129,-1,128,129,130,-1,130,129,131,-1,102,104,132,-1,133,134,118,-1,135,98,132,-1,132,98,100,-1,132,100,102,-1,80,90,81,-1,81,90,91,-1,81,91,136,-1,136,91,92,-1,136,92,137,-1,137,92,94,-1,137,94,135,-1,135,94,96,-1,135,96,98,-1,138,132,130,-1,130,132,104,-1,130,104,128,-1,128,104,107,-1,128,107,126,-1,126,107,109,-1,126,109,124,-1,124,109,111,-1,124,111,122,-1,122,111,113,-1,122,113,120,-1,120,113,115,-1,120,115,118,-1,118,115,117,-1,118,117,133,-1,133,117,139,-1,119,140,141,-1,105,103,142,-1,142,103,101,-1,142,101,143,-1,88,82,89,-1,89,82,83,-1,89,83,93,-1,93,83,144,-1,93,144,95,-1,95,144,145,-1,95,145,97,-1,97,145,143,-1,97,143,99,-1,99,143,101,-1,141,146,119,-1,119,146,116,-1,119,116,121,-1,121,116,114,-1,121,114,123,-1,123,114,112,-1,123,112,125,-1,125,112,110,-1,125,110,127,-1,127,110,108,-1,127,108,129,-1,129,108,106,-1,129,106,131,-1,131,106,105,-1,131,105,147,-1,147,105,142,-1,119,118,140,-1,140,118,134,-1,139,117,146,-1,146,117,116,-1,138,130,147,-1,147,130,131,-1,135,143,145,-1,135,145,137,-1,137,145,144,-1,137,144,136,-1,136,144,83,-1,136,83,81,-1,148,149,150,-1,150,149,151,-1,152,153,154,-1,154,153,155,-1,154,155,148,-1,148,155,149,-1,150,151,152,-1,152,151,153,-1,156,157,158,-1,158,157,159,-1,160,161,162,-1,162,161,163,-1,164,165,166,-1,166,165,167,-1,168,169,170,-1,170,169,171,-1,171,169,172,-1,172,169,173,-1,172,173,174,-1,174,173,175,-1,174,175,176,-1,176,175,177,-1,176,177,178,-1,178,177,179,-1,178,179,180,-1,180,179,181,-1,180,181,182,-1,182,181,183,-1,184,182,185,-1,185,182,183,-1,184,185,186,-1,184,186,187,-1,187,186,188,-1,187,188,189,-1,189,188,190,-1,189,190,191,-1,191,190,192,-1,191,192,193,-1,193,192,194,-1,193,194,195,-1,195,194,196,-1,195,196,197,-1,198,199,200,-1,200,199,201,-1,200,201,202,-1,202,201,203,-1,202,203,204,-1,204,203,205,-1,204,205,206,-1,206,205,207,-1,206,207,208,-1,208,207,209,-1,208,209,210,-1,210,209,211,-1,182,184,212,-1,213,214,198,-1,215,178,212,-1,212,178,180,-1,212,180,182,-1,160,170,161,-1,161,170,171,-1,161,171,216,-1,216,171,172,-1,216,172,217,-1,217,172,174,-1,217,174,215,-1,215,174,176,-1,215,176,178,-1,218,212,210,-1,210,212,184,-1,210,184,208,-1,208,184,187,-1,208,187,206,-1,206,187,189,-1,206,189,204,-1,204,189,191,-1,204,191,202,-1,202,191,193,-1,202,193,200,-1,200,193,195,-1,200,195,198,-1,198,195,197,-1,198,197,213,-1,213,197,219,-1,199,220,221,-1,185,183,222,-1,222,183,181,-1,222,181,223,-1,168,162,169,-1,169,162,163,-1,169,163,173,-1,173,163,224,-1,173,224,175,-1,175,224,225,-1,175,225,177,-1,177,225,223,-1,177,223,179,-1,179,223,181,-1,221,226,199,-1,199,226,196,-1,199,196,201,-1,201,196,194,-1,201,194,203,-1,203,194,192,-1,203,192,205,-1,205,192,190,-1,205,190,207,-1,207,190,188,-1,207,188,209,-1,209,188,186,-1,209,186,211,-1,211,186,185,-1,211,185,227,-1,227,185,222,-1,199,198,220,-1,220,198,214,-1,219,197,226,-1,226,197,196,-1,218,210,227,-1,227,210,211,-1,215,223,225,-1,215,225,217,-1,217,225,224,-1,217,224,216,-1,216,224,163,-1,216,163,161,-1,228,229,230,-1,230,229,231,-1,232,233,234,-1,234,233,235,-1,234,235,228,-1,228,235,229,-1,230,231,232,-1,232,231,233,-1,236,237,238,-1,238,237,239,-1,10,7,8,-1,8,7,5,-1,0,6,10,-1,10,6,7,-1,4,2,5,-1,5,2,8,-1,2,4,0,-1,0,4,6,-1,74,79,72,-1,72,79,77,-1,68,78,74,-1,74,78,79,-1,76,70,77,-1,77,70,72,-1,70,76,68,-1,68,76,78,-1,90,87,88,-1,88,87,85,-1,80,86,90,-1,90,86,87,-1,84,82,85,-1,85,82,88,-1,82,84,80,-1,80,84,86,-1,154,159,152,-1,152,159,157,-1,148,158,154,-1,154,158,159,-1,156,150,157,-1,157,150,152,-1,150,156,148,-1,148,156,158,-1,170,167,168,-1,168,167,165,-1,160,166,170,-1,170,166,167,-1,164,162,165,-1,165,162,168,-1,162,164,160,-1,160,164,166,-1,234,239,232,-1,232,239,237,-1,228,238,234,-1,234,238,239,-1,236,230,237,-1,237,230,232,-1,230,236,228,-1,228,236,238,-1,
        ]
    }
}
Shape{
    appearance Appearance {
        material  Material 	{
            diffuseColor 0.8431372549019608 0.8156862745098039 0.7529411764705882
            specularColor 0.4235294117647059 0.40784313725490196 0.3764705882352941
            ambientIntensity 0.8167
            transparency 0.0
            shininess 0.5
        }
    }
    geometry IndexedFaceSet {
        ccw TRUE
        solid FALSE
        coord DEF co Coordinate {
            point [
                2.3602 0.1646 1.811, 1.376 0.1646 1.811, 2.3602 0.1646 2.0472, 1.376 0.1646 2.0472, -2.3642 0.1646 2.0472, -1.3799 0.1646 2.0472, -2.3642 0.1646 1.811, -1.3799 0.1646 1.811
            ]
        }
        coordIndex [
            0,1,2,-1,2,1,3,-1,4,5,6,-1,6,5,7,-1,
        ]
    }
}
Shape{
    appearance Appearance {
        material  Material 	{
            diffuseColor 0.0 0.0 0.0
            specularColor 0.0 0.0 0.0
            ambientIntensity 0.0
            transparency 0.0
            shininess 0.5
        }
    }
    geometry IndexedFaceSet {
        ccw TRUE
        solid FALSE
        coord DEF co Coordinate {
            point [
                2.3642 0.1276 0.4596, 2.3642 0.1276 0.4487, 2.3602 0.1276 0.4596, 2.3602 0.1276 0.4487, 2.3642 0.0897 0.4596, 2.3602 0.0897 0.4596, 2.3642 0.0897 0.5439, 2.3602 0.0897 0.5439, 2.3642 0.0774 0.5439, 2.3602 0.0774 0.5439, 2.3642 0.0774 0.4487, 2.3602 0.0774 0.4487, 2.3642 0.191 0.4485, 2.3642 0.1765 0.4471, 2.3602 0.1765 0.4471, 2.3602 0.1849 0.4479, 2.3602 0.191 0.4485, 2.3642 0.2012 0.4518, 2.3602 0.1988 0.451, 2.3602 0.2012 0.4518, 2.3602 0.2028 0.4526, 2.3642 0.2028 0.4526, 2.3642 0.2028 0.4644, 2.3602 0.2028 0.4644, 2.3642 0.1947 0.4606, 2.3602 0.1988 0.4625, 2.3602 0.1947 0.4606, 2.3602 0.1842 0.4583, 2.3642 0.1842 0.4583, 2.3602 0.1782 0.458, 2.3642 0.1782 0.458, 2.3602 0.1694 0.459, 2.3642 0.1694 0.459, 2.3602 0.1625 0.4615, 2.3642 0.1625 0.4615, 2.3602 0.1561 0.4658, 2.3642 0.1561 0.4658, 2.3602 0.1538 0.4681, 2.3642 0.1538 0.4681, 2.3602 0.1492 0.4744, 2.3642 0.1492 0.4744, 2.3602 0.1461 0.4821, 2.3642 0.1461 0.4821, 2.3602 0.1445 0.4916, 2.3642 0.1445 0.4916, 2.3602 0.1444 0.4952, 2.3642 0.1444 0.4952, 2.3602 0.146 0.5082, 2.3642 0.146 0.5082, 2.3602 0.1492 0.5165, 2.3642 0.1492 0.5165, 2.3602 0.1537 0.5231, 2.3642 0.1537 0.5231, 2.3602 0.1544 0.5238, 2.3642 0.1544 0.5238, 2.3602 0.1607 0.5291, 2.3642 0.1607 0.5291, 2.3602 0.1682 0.5326, 2.3642 0.1682 0.5326, 2.3602 0.1764 0.5342, 2.3642 0.1764 0.5342, 2.3602 0.1804 0.5344, 2.3642 0.1804 0.5344, 2.3602 0.1921 0.533, 2.3602 0.1988 0.5305, 2.3642 0.2018 0.5293, 2.3642 0.1921 0.533, 2.3602 0.2018 0.5293, 2.3602 0.2028 0.5288, 2.3642 0.2028 0.5288, 2.3642 0.2028 0.5416, 2.3602 0.2028 0.5416, 2.3602 0.1988 0.5428, 2.3642 0.1927 0.5445, 2.3602 0.1803 0.5455, 2.3642 0.1803 0.5455, 2.3602 0.1905 0.5447, 2.3602 0.1927 0.5445, 2.3602 0.1736 0.5447, 2.3642 0.1666 0.5439, 2.3602 0.1666 0.5439, 2.3602 0.1566 0.54, 2.3642 0.1566 0.54, 2.3602 0.1474 0.5335, 2.3642 0.1474 0.5335, 2.3602 0.1453 0.5315, 2.3642 0.1453 0.5315, 2.3602 0.1384 0.5225, 2.3602 0.1358 0.5164, 2.3642 0.1339 0.5119, 2.3642 0.1384 0.5225, 2.3602 0.1339 0.5119, 2.3602 0.1317 0.4995, 2.3642 0.1317 0.4995, 2.3602 0.1315 0.4945, 2.3642 0.1315 0.4945, 2.3602 0.1334 0.4791, 2.3602 0.1358 0.4729, 2.3642 0.1372 0.4691, 2.3642 0.1334 0.4791, 2.3602 0.1372 0.4691, 2.3602 0.1429 0.461, 2.3642 0.1429 0.461, 2.3602 0.1438 0.4601, 2.3642 0.1438 0.4601, 2.3642 0.1695 0.4475, 2.3602 0.1505 0.4543, 2.3642 0.1505 0.4543, 2.3602 0.1594 0.4498, 2.3642 0.1594 0.4498, 2.3602 0.1678 0.4479, 2.3602 0.1695 0.4475, 2.3642 0.2731 0.4596, 2.3642 0.2731 0.4487, 2.3602 0.2731 0.4596, 2.3602 0.2731 0.4487, 2.3602 0.2342 0.4596, 2.3642 0.2342 0.4596, 2.3602 0.2599 0.4596, 2.3642 0.2342 0.4916, 2.3602 0.2342 0.4916, 2.3642 0.2682 0.4916, 2.3602 0.2599 0.4916, 2.3602 0.2682 0.4916, 2.3642 0.2682 0.5025, 2.3602 0.2682 0.5025, 2.3602 0.2342 0.5025, 2.3642 0.2342 0.5025, 2.3602 0.2599 0.5025, 2.3642 0.2342 0.533, 2.3602 0.2342 0.533, 2.3642 0.2709 0.533, 2.3602 0.2599 0.533, 2.3602 0.2709 0.533, 2.3642 0.2709 0.5439, 2.3602 0.2709 0.5439, 2.3602 0.2219 0.5439, 2.3642 0.2219 0.5439, 2.3602 0.2599 0.5439, 2.3642 0.2219 0.4487, 2.3602 0.2219 0.4487, 2.3602 0.2599 0.4487, 2.3642 0.3503 0.4754, 2.3642 0.3455 0.4695, 2.3642 0.3542 0.462, 2.3642 0.3443 0.4684, 2.3642 0.3442 0.4549, 2.3642 0.3381 0.4641, 2.3642 0.3333 0.4506, 2.3642 0.3303 0.4611, 2.3642 0.3172 0.4487, 2.3642 0.3172 0.4596, 2.3642 0.2911 0.4487, 2.3642 0.3033 0.4596, 2.3642 0.2911 0.5439, 2.3642 0.3033 0.533, 2.3642 0.3182 0.5439, 2.3642 0.3177 0.533, 2.3642 0.3328 0.5423, 2.3642 0.3303 0.5315, 2.3642 0.3442 0.5381, 2.3642 0.3385 0.5285, 2.3642 0.3542 0.5313, 2.3642 0.3452 0.524, 2.3642 0.3576 0.528, 2.3642 0.3487 0.5203, 2.3642 0.3635 0.5197, 2.3642 0.3522 0.5147, 2.3642 0.367 0.5106, 2.3642 0.3547 0.5073, 2.3642 0.3686 0.4975, 2.3642 0.3556 0.4972, 2.3642 0.3681 0.4897, 2.3642 0.3553 0.4913, 2.3642 0.3654 0.4788, 2.3642 0.3535 0.4825, 2.3642 0.3604 0.4691, 2.3602 0.3172 0.4487, 2.3602 0.2911 0.4487, 2.3602 0.3333 0.4506, 2.3602 0.3442 0.4549, 2.3602 0.3542 0.462, 2.3602 0.3604 0.4691, 2.3602 0.3654 0.4788, 2.3602 0.3681 0.4897, 2.3602 0.3686 0.4975, 2.3602 0.367 0.5106, 2.3602 0.3635 0.5197, 2.3602 0.3576 0.528, 2.3602 0.3542 0.5313, 2.3602 0.3442 0.5381, 2.3602 0.3328 0.5423, 2.3602 0.3182 0.5439, 2.3602 0.2911 0.5439, 2.3602 0.3177 0.533, 2.3602 0.3033 0.533, 2.3602 0.3033 0.4596, 2.3602 0.3172 0.4596, 2.3602 0.3455 0.4695, 2.3602 0.3443 0.4684, 2.3602 0.3381 0.4641, 2.3602 0.3303 0.4611, 2.3602 0.3556 0.4972, 2.3602 0.3553 0.4913, 2.3602 0.3535 0.4825, 2.3602 0.3503 0.4754, 2.3602 0.3452 0.524, 2.3602 0.3487 0.5203, 2.3602 0.3522 0.5147, 2.3602 0.3547 0.5073, 2.3602 0.3303 0.5315, 2.3602 0.3385 0.5285
            ]
        }
        coordIndex [
            0,1,2,-1,2,1,3,-1,4,0,5,-1,5,0,2,-1,6,4,7,-1,7,4,5,-1,8,6,9,-1,9,6,7,-1,10,8,11,-1,11,8,9,-1,1,10,3,-1,3,10,11,-1,6,8,4,-1,4,8,10,-1,4,10,0,-1,0,10,1,-1,12,13,14,-1,14,15,12,-1,12,15,16,-1,12,16,17,-1,17,16,18,-1,18,19,17,-1,17,19,20,-1,17,20,21,-1,22,21,23,-1,23,21,20,-1,22,23,24,-1,24,23,25,-1,25,26,24,-1,24,26,27,-1,24,27,28,-1,28,27,29,-1,28,29,30,-1,30,29,31,-1,30,31,32,-1,32,31,33,-1,32,33,34,-1,34,33,35,-1,34,35,36,-1,36,35,37,-1,36,37,38,-1,38,37,39,-1,38,39,40,-1,40,39,41,-1,40,41,42,-1,42,41,43,-1,42,43,44,-1,44,43,45,-1,44,45,46,-1,46,45,47,-1,46,47,48,-1,48,47,49,-1,48,49,50,-1,50,49,51,-1,50,51,52,-1,52,51,53,-1,52,53,54,-1,54,53,55,-1,54,55,56,-1,56,55,57,-1,56,57,58,-1,58,57,59,-1,58,59,60,-1,60,59,61,-1,60,61,62,-1,62,61,63,-1,64,65,63,-1,63,65,66,-1,63,66,62,-1,64,67,65,-1,65,67,68,-1,65,68,69,-1,70,69,71,-1,71,69,68,-1,70,71,72,-1,70,72,73,-1,74,75,76,-1,76,75,73,-1,76,73,77,-1,77,73,72,-1,75,74,78,-1,75,78,79,-1,78,80,79,-1,79,80,81,-1,79,81,82,-1,82,81,83,-1,82,83,84,-1,84,83,85,-1,84,85,86,-1,86,85,87,-1,88,89,87,-1,87,89,90,-1,87,90,86,-1,88,91,89,-1,89,91,92,-1,89,92,93,-1,93,92,94,-1,93,94,95,-1,95,94,96,-1,97,98,96,-1,96,98,99,-1,96,99,95,-1,97,100,98,-1,98,100,101,-1,98,101,102,-1,102,101,103,-1,102,103,104,-1,14,13,105,-1,104,103,106,-1,104,106,107,-1,107,106,108,-1,107,108,109,-1,109,108,110,-1,109,110,105,-1,105,110,111,-1,105,111,14,-1,48,50,90,-1,56,58,79,-1,90,50,86,-1,79,58,75,-1,79,82,56,-1,56,82,84,-1,56,84,54,-1,54,84,86,-1,54,86,52,-1,52,86,50,-1,58,60,75,-1,75,60,62,-1,75,62,73,-1,73,62,66,-1,73,66,70,-1,70,66,65,-1,70,65,69,-1,95,46,93,-1,93,46,48,-1,93,48,89,-1,89,48,90,-1,21,22,17,-1,17,22,24,-1,17,24,12,-1,12,24,28,-1,12,28,13,-1,13,28,30,-1,13,30,105,-1,105,30,32,-1,105,32,109,-1,109,32,34,-1,109,34,107,-1,107,34,36,-1,107,36,104,-1,104,36,38,-1,104,38,102,-1,102,38,40,-1,102,40,98,-1,98,40,99,-1,99,40,42,-1,99,42,95,-1,95,42,44,-1,95,44,46,-1,112,113,114,-1,114,113,115,-1,116,117,118,-1,118,117,112,-1,118,112,114,-1,119,117,120,-1,120,117,116,-1,119,120,121,-1,121,120,122,-1,121,122,123,-1,124,121,125,-1,125,121,123,-1,126,127,128,-1,128,127,124,-1,128,124,125,-1,129,127,130,-1,130,127,126,-1,129,130,131,-1,131,130,132,-1,131,132,133,-1,134,131,135,-1,135,131,133,-1,136,137,138,-1,138,137,134,-1,138,134,135,-1,139,137,140,-1,140,137,136,-1,115,113,141,-1,141,113,139,-1,141,139,140,-1,139,113,112,-1,112,117,139,-1,139,117,119,-1,139,119,137,-1,131,134,129,-1,129,134,137,-1,129,137,127,-1,127,137,119,-1,127,119,124,-1,124,119,121,-1,142,143,144,-1,144,143,145,-1,144,145,146,-1,146,145,147,-1,146,147,148,-1,148,147,149,-1,148,149,150,-1,150,149,151,-1,150,151,152,-1,152,151,153,-1,152,153,154,-1,154,153,155,-1,154,155,156,-1,156,155,157,-1,156,157,158,-1,158,157,159,-1,158,159,160,-1,160,159,161,-1,160,161,162,-1,162,161,163,-1,162,163,164,-1,164,163,165,-1,164,165,166,-1,166,165,167,-1,166,167,168,-1,168,167,169,-1,168,169,170,-1,170,169,171,-1,170,171,172,-1,172,171,173,-1,172,173,174,-1,174,173,175,-1,174,175,176,-1,176,175,142,-1,176,142,144,-1,150,152,177,-1,177,152,178,-1,150,177,179,-1,150,179,148,-1,148,179,180,-1,148,180,146,-1,146,180,181,-1,146,181,144,-1,144,181,182,-1,144,182,176,-1,176,182,183,-1,176,183,174,-1,174,183,184,-1,174,184,172,-1,172,184,185,-1,172,185,170,-1,170,185,186,-1,170,186,168,-1,168,186,187,-1,168,187,166,-1,166,187,188,-1,166,188,164,-1,164,188,189,-1,164,189,162,-1,162,189,190,-1,162,190,160,-1,160,190,191,-1,160,191,158,-1,158,191,192,-1,158,192,156,-1,154,156,193,-1,193,156,192,-1,152,154,178,-1,178,154,193,-1,157,155,194,-1,194,155,195,-1,155,153,195,-1,195,153,196,-1,153,151,196,-1,196,151,197,-1,143,198,199,-1,143,199,145,-1,145,199,200,-1,145,200,147,-1,147,200,201,-1,147,201,149,-1,149,201,197,-1,149,197,151,-1,171,202,203,-1,171,203,173,-1,173,203,204,-1,173,204,175,-1,175,204,205,-1,175,205,142,-1,142,205,198,-1,142,198,143,-1,163,206,207,-1,163,207,165,-1,165,207,208,-1,165,208,167,-1,167,208,209,-1,167,209,169,-1,169,209,202,-1,169,202,171,-1,157,194,210,-1,157,210,159,-1,159,210,211,-1,159,211,161,-1,161,211,206,-1,161,206,163,-1,
        ]
    }
}
Shape{
    appearance Appearance {
        material  Material 	{
            diffuseColor 0.8431372549019608 0.8156862745098039 0.7529411764705882
            specularColor 0.4235294117647059 0.40784313725490196 0.3764705882352941
            ambientIntensity 0.8167
            transparency 0.0
            shininess 0.5
        }
    }
    geometry IndexedFaceSet {
        ccw TRUE
        solid FALSE
        coord DEF co Coordinate {
            point [
                2.3602 0.3033 0.533, 2.3602 0.3033 0.4596, 2.3602 0.3177 0.533, 2.3602 0.3172 0.4596, 2.3602 0.3303 0.4611, 2.3602 0.3381 0.4641, 2.3602 0.3443 0.4684, 2.3602 0.3556 0.4972, 2.3602 0.3452 0.524, 2.3602 0.3385 0.5285, 2.3602 0.3455 0.4695, 2.3602 0.3503 0.4754, 2.3602 0.3535 0.4825, 2.3602 0.3487 0.5203, 2.3602 0.3547 0.5073, 2.3602 0.3522 0.5147, 2.3602 0.3553 0.4913, 2.3602 0.3303 0.5315
            ]
        }
        coordIndex [
            0,1,2,-1,2,1,3,-1,3,4,2,-1,2,4,5,-1,2,5,6,-1,7,8,9,-1,6,10,2,-1,2,10,11,-1,2,11,12,-1,8,7,13,-1,13,7,14,-1,13,14,15,-1,12,16,2,-1,2,16,7,-1,2,7,17,-1,17,7,9,-1,
        ]
    }
}
Shape{
    appearance Appearance {
        material  Material 	{
            diffuseColor 0.0 0.0 0.0
            specularColor 0.0 0.0 0.0
            ambientIntensity 0.0
            transparency 0.0
            shininess 0.5
        }
    }
    geometry IndexedFaceSet {
        ccw TRUE
        solid FALSE
        coord DEF co Coordinate {
            point [
                2.3642 0.4005 0.4855, 2.3642 0.3966 0.4747, 2.3642 0.4324 0.4855, 2.3642 0.4362 0.4747, 2.3642 0.4147 0.5251, 2.3642 0.4101 0.5439, 2.3642 0.3738 0.4487, 2.3642 0.3874 0.4487, 2.3642 0.4155 0.5279, 2.3642 0.4163 0.5317, 2.3642 0.4233 0.5439, 2.3642 0.4166 0.5317, 2.3642 0.4173 0.5277, 2.3642 0.418 0.5251, 2.3642 0.4595 0.4487, 2.3642 0.4459 0.4487, 2.3602 0.4233 0.5439, 2.3602 0.4595 0.4487, 2.3602 0.4101 0.5439, 2.3602 0.3738 0.4487, 2.3602 0.4013 0.5207, 2.3602 0.3874 0.4487, 2.3602 0.3966 0.4747, 2.3602 0.4362 0.4747, 2.3602 0.4013 0.4747, 2.3602 0.4459 0.4487, 2.3602 0.4005 0.4855, 2.3602 0.4324 0.4855, 2.3602 0.418 0.5251, 2.3602 0.4166 0.5317, 2.3602 0.4173 0.5277, 2.3602 0.4163 0.5317, 2.3602 0.4147 0.5251, 2.3602 0.4155 0.5279
            ]
        }
        coordIndex [
            0,1,2,-1,2,1,3,-1,4,5,0,-1,0,5,6,-1,0,6,1,-1,1,6,7,-1,4,8,5,-1,5,8,9,-1,5,9,10,-1,10,9,11,-1,10,11,12,-1,12,13,10,-1,10,13,2,-1,10,2,14,-1,14,2,3,-1,14,3,15,-1,10,14,16,-1,16,14,17,-1,5,10,18,-1,18,10,16,-1,19,6,20,-1,20,6,5,-1,20,5,18,-1,7,6,21,-1,21,6,19,-1,1,7,22,-1,22,7,21,-1,23,3,24,-1,24,3,1,-1,24,1,22,-1,15,3,25,-1,25,3,23,-1,14,15,17,-1,17,15,25,-1,0,2,26,-1,26,2,27,-1,2,13,27,-1,27,13,28,-1,11,29,30,-1,11,30,12,-1,12,30,28,-1,12,28,13,-1,11,9,29,-1,29,9,31,-1,4,32,33,-1,4,33,8,-1,8,33,31,-1,8,31,9,-1,4,0,32,-1,32,0,26,-1,
        ]
    }
}
Shape{
    appearance Appearance {
        material  Material 	{
            diffuseColor 0.8431372549019608 0.8156862745098039 0.7529411764705882
            specularColor 0.4235294117647059 0.40784313725490196 0.3764705882352941
            ambientIntensity 0.8167
            transparency 0.0
            shininess 0.5
        }
    }
    geometry IndexedFaceSet {
        ccw TRUE
        solid FALSE
        coord DEF co Coordinate {
            point [
                2.3602 0.4166 0.5317, 2.3602 0.4163 0.5317, 2.3602 0.4173 0.5277, 2.3602 0.4155 0.5279, 2.3602 0.418 0.5251, 2.3602 0.4147 0.5251, 2.3602 0.4324 0.4855, 2.3602 0.4005 0.4855
            ]
        }
        coordIndex [
            0,1,2,-1,2,1,3,-1,2,3,4,-1,4,3,5,-1,4,5,6,-1,6,5,7,-1,
        ]
    }
}
Shape{
    appearance Appearance {
        material  Material 	{
            diffuseColor 0.0 0.0 0.0
            specularColor 0.0 0.0 0.0
            ambientIntensity 0.0
            transparency 0.0
            shininess 0.5
        }
    }
    geometry IndexedFaceSet {
        ccw TRUE
        solid FALSE
        coord DEF co Coordinate {
            point [
                2.3642 0.1286 0.3085, 2.3642 0.1286 0.2977, 2.3602 0.1286 0.3085, 2.3602 0.1286 0.2977, 2.3642 0.0897 0.3085, 2.3602 0.0897 0.3085, 2.3642 0.0897 0.3406, 2.3602 0.0897 0.3406, 2.3642 0.1238 0.3406, 2.3602 0.1238 0.3406, 2.3642 0.1238 0.3515, 2.3602 0.1238 0.3515, 2.3642 0.0897 0.3515, 2.3602 0.0897 0.3515, 2.3642 0.0897 0.3819, 2.3602 0.0897 0.3819, 2.3642 0.1265 0.3819, 2.3602 0.1265 0.3819, 2.3642 0.1265 0.3929, 2.3602 0.1265 0.3929, 2.3642 0.0774 0.3929, 2.3602 0.0774 0.3929, 2.3642 0.0774 0.2977, 2.3602 0.0774 0.2977, 2.3642 0.1824 0.3082, 2.3642 0.1828 0.3082, 2.3642 0.182 0.3192, 2.3642 0.1828 0.3245, 2.3642 0.1947 0.3414, 2.3642 0.1828 0.3253, 2.3642 0.1828 0.3318, 2.3642 0.1828 0.2977, 2.3642 0.1947 0.2977, 2.3642 0.1568 0.3266, 2.3642 0.1597 0.328, 2.3642 0.1535 0.3358, 2.3642 0.1802 0.3149, 2.3642 0.1777 0.3114, 2.3642 0.1806 0.3053, 2.3642 0.1762 0.3099, 2.3642 0.1768 0.3013, 2.3642 0.1728 0.3077, 2.3642 0.1726 0.2985, 2.3642 0.1692 0.3063, 2.3642 0.1678 0.2968, 2.3642 0.1647 0.3058, 2.3642 0.1616 0.2961, 2.3642 0.1607 0.3063, 2.3642 0.1545 0.2969, 2.3642 0.158 0.3073, 2.3642 0.1499 0.2986, 2.3642 0.1556 0.3089, 2.3642 0.1459 0.3014, 2.3642 0.1546 0.3099, 2.3642 0.1626 0.3381, 2.3642 0.1668 0.3296, 2.3642 0.1828 0.3409, 2.3642 0.1553 0.3255, 2.3642 0.1485 0.3332, 2.3642 0.1539 0.3237, 2.3642 0.1448 0.33, 2.3642 0.1528 0.3215, 2.3642 0.1424 0.3266, 2.3642 0.1522 0.3187, 2.3642 0.1408 0.3224, 2.3642 0.1521 0.3168, 2.3642 0.1401 0.3159, 2.3642 0.1525 0.3141, 2.3642 0.1406 0.3105, 2.3642 0.1532 0.3119, 2.3642 0.1421 0.3064, 2.3642 0.1446 0.3028, 2.3642 0.1467 0.3609, 2.3642 0.1467 0.3493, 2.3642 0.1492 0.3624, 2.3642 0.1542 0.3541, 2.3642 0.1581 0.3658, 2.3642 0.1616 0.3567, 2.3642 0.1701 0.3672, 2.3642 0.169 0.3575, 2.3642 0.1771 0.3666, 2.3642 0.173 0.3571, 2.3642 0.1822 0.3651, 2.3642 0.1758 0.3561, 2.3642 0.1862 0.3629, 2.3642 0.1779 0.3548, 2.3642 0.1894 0.3599, 2.3642 0.1797 0.3529, 2.3642 0.1918 0.3561, 2.3642 0.1811 0.3504, 2.3642 0.1937 0.3507, 2.3642 0.1823 0.3462, 2.3602 0.1701 0.3672, 2.3602 0.1581 0.3658, 2.3602 0.1492 0.3624, 2.3602 0.1467 0.3609, 2.3602 0.1467 0.3493, 2.3602 0.1542 0.3541, 2.3602 0.1616 0.3567, 2.3602 0.169 0.3575, 2.3602 0.173 0.3571, 2.3602 0.1758 0.3561, 2.3602 0.1779 0.3548, 2.3602 0.1797 0.3529, 2.3602 0.1811 0.3504, 2.3602 0.1823 0.3462, 2.3602 0.1828 0.3409, 2.3602 0.1626 0.3381, 2.3602 0.1535 0.3358, 2.3602 0.1485 0.3332, 2.3602 0.1448 0.33, 2.3602 0.1424 0.3266, 2.3602 0.1408 0.3224, 2.3602 0.1401 0.3159, 2.3602 0.1406 0.3105, 2.3602 0.1421 0.3064, 2.3602 0.1446 0.3028, 2.3602 0.1459 0.3014, 2.3602 0.1616 0.2961, 2.3602 0.1547 0.2969, 2.3602 0.1545 0.2969, 2.3602 0.1499 0.2986, 2.3602 0.1678 0.2968, 2.3602 0.1681 0.2969, 2.3602 0.1726 0.2985, 2.3602 0.1768 0.3013, 2.3602 0.1806 0.3053, 2.3602 0.1824 0.3082, 2.3602 0.1828 0.3082, 2.3602 0.1828 0.2977, 2.3602 0.1947 0.2977, 2.3602 0.1947 0.3414, 2.3602 0.1937 0.3507, 2.3602 0.1918 0.3561, 2.3602 0.1894 0.3599, 2.3602 0.1862 0.3629, 2.3602 0.1822 0.3651, 2.3602 0.1771 0.3666, 2.3602 0.1553 0.3255, 2.3602 0.1568 0.3266, 2.3602 0.1597 0.328, 2.3602 0.1668 0.3296, 2.3602 0.1521 0.3168, 2.3602 0.1522 0.3187, 2.3602 0.1528 0.3215, 2.3602 0.1539 0.3237, 2.3602 0.1556 0.3089, 2.3602 0.1546 0.3099, 2.3602 0.1532 0.3119, 2.3602 0.1525 0.3141, 2.3602 0.1647 0.3058, 2.3602 0.1607 0.3063, 2.3602 0.158 0.3073, 2.3602 0.1777 0.3114, 2.3602 0.1762 0.3099, 2.3602 0.1728 0.3077, 2.3602 0.1692 0.3063, 2.3602 0.1828 0.3253, 2.3602 0.1828 0.3245, 2.3602 0.182 0.3192, 2.3602 0.1802 0.3149, 2.3602 0.1828 0.3318
            ]
        }
        coordIndex [
            0,1,2,-1,2,1,3,-1,4,0,5,-1,5,0,2,-1,6,4,7,-1,7,4,5,-1,8,6,9,-1,9,6,7,-1,10,8,11,-1,11,8,9,-1,12,10,13,-1,13,10,11,-1,14,12,15,-1,15,12,13,-1,16,14,17,-1,17,14,15,-1,18,16,19,-1,19,16,17,-1,20,18,21,-1,21,18,19,-1,22,20,23,-1,23,20,21,-1,1,22,3,-1,3,22,23,-1,22,1,0,-1,0,4,22,-1,22,4,6,-1,22,6,20,-1,16,18,14,-1,14,18,20,-1,14,20,12,-1,12,20,6,-1,12,6,10,-1,10,6,8,-1,24,25,26,-1,27,28,29,-1,29,28,30,-1,31,32,25,-1,25,32,28,-1,25,28,26,-1,26,28,27,-1,33,34,35,-1,26,36,24,-1,24,36,37,-1,24,37,38,-1,38,37,39,-1,38,39,40,-1,40,39,41,-1,40,41,42,-1,42,41,43,-1,42,43,44,-1,44,43,45,-1,44,45,46,-1,46,45,47,-1,46,47,48,-1,48,47,49,-1,48,49,50,-1,50,49,51,-1,50,51,52,-1,52,51,53,-1,35,34,54,-1,54,34,55,-1,54,55,56,-1,33,35,57,-1,57,35,58,-1,57,58,59,-1,59,58,60,-1,59,60,61,-1,61,60,62,-1,61,62,63,-1,63,62,64,-1,63,64,65,-1,65,64,66,-1,65,66,67,-1,67,66,68,-1,67,68,69,-1,69,68,70,-1,69,70,53,-1,53,70,71,-1,53,71,52,-1,72,73,74,-1,74,73,75,-1,74,75,76,-1,76,75,77,-1,76,77,78,-1,78,77,79,-1,78,79,80,-1,80,79,81,-1,80,81,82,-1,82,81,83,-1,82,83,84,-1,84,83,85,-1,84,85,86,-1,86,85,87,-1,86,87,88,-1,88,87,89,-1,88,89,90,-1,90,89,91,-1,90,91,28,-1,28,91,56,-1,28,56,30,-1,30,56,55,-1,78,92,93,-1,78,93,76,-1,76,93,94,-1,76,94,74,-1,74,94,95,-1,74,95,72,-1,73,72,96,-1,96,72,95,-1,73,96,97,-1,73,97,75,-1,75,97,98,-1,75,98,77,-1,77,98,99,-1,77,99,79,-1,79,99,100,-1,79,100,81,-1,81,100,101,-1,81,101,83,-1,83,101,102,-1,83,102,85,-1,85,102,103,-1,85,103,87,-1,87,103,104,-1,87,104,89,-1,89,104,105,-1,89,105,91,-1,91,105,106,-1,91,106,56,-1,54,56,107,-1,107,56,106,-1,54,107,108,-1,54,108,35,-1,35,108,109,-1,35,109,58,-1,58,109,110,-1,58,110,60,-1,60,110,111,-1,60,111,62,-1,62,111,112,-1,62,112,64,-1,64,112,113,-1,64,113,66,-1,66,113,114,-1,66,114,68,-1,68,114,115,-1,68,115,70,-1,70,115,116,-1,70,116,71,-1,71,116,117,-1,71,117,52,-1,118,46,119,-1,119,46,48,-1,119,48,120,-1,120,48,50,-1,120,50,121,-1,121,50,52,-1,121,52,117,-1,46,118,122,-1,46,122,44,-1,44,122,123,-1,44,123,42,-1,123,124,42,-1,42,124,125,-1,42,125,40,-1,40,125,126,-1,40,126,38,-1,38,126,127,-1,38,127,24,-1,25,24,128,-1,128,24,127,-1,31,25,129,-1,129,25,128,-1,32,31,130,-1,130,31,129,-1,28,32,131,-1,131,32,130,-1,28,131,132,-1,28,132,90,-1,90,132,133,-1,90,133,88,-1,88,133,134,-1,88,134,86,-1,86,134,135,-1,86,135,84,-1,84,135,136,-1,84,136,82,-1,82,136,137,-1,82,137,80,-1,80,137,92,-1,80,92,78,-1,57,138,139,-1,57,139,33,-1,33,139,140,-1,33,140,34,-1,34,140,141,-1,34,141,55,-1,65,142,143,-1,65,143,63,-1,63,143,144,-1,63,144,61,-1,61,144,145,-1,61,145,59,-1,59,145,138,-1,59,138,57,-1,51,146,147,-1,51,147,53,-1,53,147,148,-1,53,148,69,-1,69,148,149,-1,69,149,67,-1,67,149,142,-1,67,142,65,-1,45,150,151,-1,45,151,47,-1,47,151,152,-1,47,152,49,-1,49,152,146,-1,49,146,51,-1,37,153,154,-1,37,154,39,-1,39,154,155,-1,39,155,41,-1,41,155,156,-1,41,156,43,-1,43,156,150,-1,43,150,45,-1,29,157,158,-1,29,158,27,-1,27,158,159,-1,27,159,26,-1,26,159,160,-1,26,160,36,-1,36,160,153,-1,36,153,37,-1,29,30,157,-1,157,30,161,-1,30,55,161,-1,161,55,141,-1,
        ]
    }
}
Shape{
    appearance Appearance {
        material  Material 	{
            diffuseColor 0.8431372549019608 0.8156862745098039 0.7529411764705882
            specularColor 0.4235294117647059 0.40784313725490196 0.3764705882352941
            ambientIntensity 0.8167
            transparency 0.0
            shininess 0.5
        }
    }
    geometry IndexedFaceSet {
        ccw TRUE
        solid FALSE
        coord DEF co Coordinate {
            point [
                2.3602 0.1828 0.3245, 2.3602 0.1828 0.3253, 2.3602 0.1553 0.3255, 2.3602 0.1828 0.3318, 2.3602 0.1668 0.3296, 2.3602 0.1597 0.328, 2.3602 0.1568 0.3266, 2.3602 0.182 0.3192, 2.3602 0.1539 0.3237, 2.3602 0.1802 0.3149, 2.3602 0.1546 0.3099, 2.3602 0.1556 0.3089, 2.3602 0.1762 0.3099, 2.3602 0.1532 0.3119, 2.3602 0.1728 0.3077, 2.3602 0.1692 0.3063, 2.3602 0.1647 0.3058, 2.3602 0.1528 0.3215, 2.3602 0.1522 0.3187, 2.3602 0.1777 0.3114, 2.3602 0.1521 0.3168, 2.3602 0.1525 0.3141, 2.3602 0.158 0.3073, 2.3602 0.1607 0.3063
            ]
        }
        coordIndex [
            0,1,2,-1,1,3,4,-1,4,5,1,-1,1,5,6,-1,1,6,2,-1,0,2,7,-1,7,2,8,-1,7,8,9,-1,10,11,12,-1,10,12,13,-1,14,12,15,-1,15,12,16,-1,8,17,9,-1,9,17,18,-1,9,18,19,-1,19,18,20,-1,19,20,12,-1,12,20,21,-1,12,21,13,-1,11,22,12,-1,12,22,23,-1,12,23,16,-1,
        ]
    }
}
Shape{
    appearance Appearance {
        material  Material 	{
            diffuseColor 0.0 0.0 0.0
            specularColor 0.0 0.0 0.0
            ambientIntensity 0.0
            transparency 0.0
            shininess 0.5
        }
    }
    geometry IndexedFaceSet {
        ccw TRUE
        solid FALSE
        coord DEF co Coordinate {
            point [
                2.3602 0.2108 0.3124, 2.3642 0.2108 0.3124, 2.3642 0.2152 0.3097, 2.3642 0.2305 0.3058, 2.3602 0.2305 0.3058, 2.3602 0.2226 0.3068, 2.3642 0.2226 0.3068, 2.3602 0.2164 0.3092, 2.3602 0.2152 0.3097, 2.3642 0.2108 0.3001, 2.3602 0.2108 0.3001, 2.3642 0.2186 0.2973, 2.3602 0.2164 0.2981, 2.3602 0.2293 0.2961, 2.3642 0.2293 0.2961, 2.3602 0.2221 0.2969, 2.3602 0.2186 0.2973, 2.3602 0.2371 0.2969, 2.3642 0.2388 0.297, 2.3602 0.2388 0.297, 2.3602 0.2454 0.2993, 2.3642 0.2454 0.2993, 2.3602 0.2491 0.3015, 2.3642 0.2491 0.3015, 2.3602 0.2525 0.3045, 2.3642 0.2525 0.3045, 2.3602 0.2547 0.3076, 2.3642 0.2547 0.3076, 2.3602 0.2562 0.3114, 2.3642 0.2562 0.3114, 2.3602 0.2568 0.3162, 2.3642 0.2568 0.3162, 2.3602 0.2563 0.3206, 2.3642 0.2563 0.3206, 2.3602 0.255 0.3241, 2.3642 0.255 0.3241, 2.3602 0.2528 0.3274, 2.3642 0.2528 0.3274, 2.3602 0.2499 0.3299, 2.3642 0.2499 0.3299, 2.3602 0.242 0.3344, 2.3642 0.242 0.3344, 2.3602 0.2374 0.3362, 2.3642 0.2374 0.3362, 2.3602 0.23 0.3394, 2.3642 0.23 0.3394, 2.3602 0.2258 0.3421, 2.3642 0.2258 0.3421, 2.3602 0.2247 0.3433, 2.3642 0.2247 0.3433, 2.3602 0.2238 0.3449, 2.3642 0.2238 0.3449, 2.3602 0.2233 0.3468, 2.3642 0.2233 0.3468, 2.3602 0.2232 0.3484, 2.3642 0.2232 0.3484, 2.3602 0.2234 0.3503, 2.3642 0.2234 0.3503, 2.3602 0.224 0.3519, 2.3642 0.224 0.3519, 2.3602 0.225 0.3534, 2.3642 0.225 0.3534, 2.3602 0.2268 0.355, 2.3642 0.2268 0.355, 2.3602 0.2295 0.3564, 2.3642 0.2295 0.3564, 2.3602 0.2327 0.3573, 2.3642 0.2327 0.3573, 2.3602 0.2362 0.3575, 2.3642 0.2362 0.3575, 2.3602 0.2443 0.3566, 2.3642 0.2443 0.3566, 2.3602 0.2511 0.354, 2.3642 0.2511 0.354, 2.3602 0.2535 0.3526, 2.3642 0.2535 0.3526, 2.3642 0.2535 0.3642, 2.3602 0.2535 0.3642, 2.3602 0.2453 0.3666, 2.3642 0.2453 0.3666, 2.3602 0.2374 0.3672, 2.3642 0.2374 0.3672, 2.3602 0.2285 0.3662, 2.3642 0.2285 0.3662, 2.3602 0.222 0.3639, 2.3642 0.222 0.3639, 2.3602 0.2186 0.3618, 2.3642 0.2186 0.3618, 2.3602 0.2164 0.3598, 2.3642 0.215 0.3586, 2.3602 0.215 0.3586, 2.3602 0.2128 0.3554, 2.3642 0.2128 0.3554, 2.3602 0.2114 0.3516, 2.3642 0.2114 0.3516, 2.3602 0.2109 0.3473, 2.3642 0.2109 0.3473, 2.3602 0.2114 0.3427, 2.3642 0.2114 0.3427, 2.3602 0.2127 0.339, 2.3642 0.2127 0.339, 2.3602 0.2143 0.3366, 2.3642 0.2143 0.3366, 2.3602 0.229 0.3276, 2.3642 0.229 0.3276, 2.3642 0.2219 0.3308, 2.3602 0.2163 0.3345, 2.3642 0.2163 0.3345, 2.3602 0.2164 0.3345, 2.3602 0.2219 0.3308, 2.3602 0.2368 0.3243, 2.3642 0.2368 0.3243, 2.3602 0.2415 0.3215, 2.3642 0.2415 0.3215, 2.3602 0.2429 0.3199, 2.3642 0.2429 0.3199, 2.3602 0.2439 0.3183, 2.3642 0.2439 0.3183, 2.3602 0.2444 0.3165, 2.3642 0.2444 0.3165, 2.3602 0.2445 0.315, 2.3642 0.2445 0.315, 2.3602 0.2443 0.3127, 2.3642 0.2443 0.3127, 2.3602 0.2437 0.311, 2.3642 0.2437 0.311, 2.3602 0.2426 0.3095, 2.3642 0.2426 0.3095, 2.3602 0.2413 0.3083, 2.3642 0.2413 0.3083, 2.3602 0.2402 0.3076, 2.3642 0.2402 0.3076, 2.3602 0.2371 0.3065, 2.3642 0.2371 0.3065, 2.3602 0.231 0.3058, 2.3642 0.231 0.3058, 2.3642 0.3159 0.3657, 2.3642 0.3282 0.3657, 2.3602 0.3159 0.3657, 2.3602 0.3282 0.3657, 2.3642 0.2973 0.3145, 2.3602 0.2973 0.3145, 2.3602 0.2964 0.3113, 2.3642 0.2964 0.3113, 2.3602 0.2959 0.309, 2.3642 0.2959 0.309, 2.3642 0.2955 0.309, 2.3602 0.2955 0.309, 2.3642 0.2941 0.3146, 2.3602 0.2941 0.3146, 2.3602 0.2763 0.3657, 2.3642 0.2763 0.3657, 2.3602 0.2821 0.3491, 2.3642 0.263 0.3657, 2.3602 0.263 0.3657, 2.3602 0.2896 0.2978, 2.3642 0.2896 0.2978, 2.3602 0.2821 0.3171, 2.3602 0.2844 0.2855, 2.3642 0.2844 0.2855, 2.3602 0.2892 0.2969, 2.3602 0.2821 0.2812, 2.3602 0.2821 0.2812, 2.3642 0.2799 0.2787, 2.3642 0.2821 0.2812, 2.3602 0.2799 0.2787, 2.3602 0.2777 0.2772, 2.3642 0.2777 0.2772, 2.3602 0.2751 0.2762, 2.3642 0.2751 0.2762, 2.3602 0.2722 0.2759, 2.3642 0.2722 0.2759, 2.3602 0.2679 0.2764, 2.3642 0.2679 0.2764, 2.3602 0.2654 0.2772, 2.3642 0.2654 0.2772, 2.3642 0.2654 0.2666, 2.3602 0.2654 0.2666, 2.3602 0.2705 0.2657, 2.3642 0.2705 0.2657, 2.3602 0.2731 0.2656, 2.3642 0.2731 0.2656, 2.3602 0.2779 0.2662, 2.3642 0.2779 0.2662, 2.3602 0.2821 0.2678, 2.3642 0.2826 0.268, 2.3602 0.2826 0.268, 2.3602 0.2868 0.2709, 2.3642 0.2868 0.2709, 2.3602 0.2876 0.2716, 2.3642 0.2876 0.2716, 2.3602 0.292 0.2769, 2.3642 0.292 0.2769, 2.3602 0.2974 0.2874, 2.3642 0.2974 0.2874, 2.3602 0.3011 0.2969, 2.3642 0.3923 0.3085, 2.3642 0.3923 0.2977, 2.3602 0.3923 0.3085, 2.3602 0.3923 0.2977, 2.3602 0.3534 0.3085, 2.3642 0.3534 0.3085, 2.3602 0.3712 0.3085, 2.3642 0.3534 0.3406, 2.3602 0.3534 0.3406, 2.3602 0.3874 0.3406, 2.3642 0.3874 0.3406, 2.3602 0.3712 0.3406, 2.3642 0.3874 0.3515, 2.3602 0.3874 0.3515, 2.3602 0.3534 0.3515, 2.3642 0.3534 0.3515, 2.3602 0.3712 0.3515, 2.3642 0.3534 0.3819, 2.3602 0.3534 0.3819, 2.3602 0.3901 0.3819, 2.3642 0.3901 0.3819, 2.3602 0.3712 0.3819, 2.3642 0.3901 0.3929, 2.3602 0.3901 0.3929, 2.3602 0.3411 0.3929, 2.3642 0.3411 0.3929, 2.3602 0.3712 0.3929, 2.3642 0.3411 0.2977, 2.3602 0.3411 0.2977, 2.3602 0.3712 0.2977, 2.3642 0.4695 0.3244, 2.3642 0.4647 0.3185, 2.3642 0.4734 0.311, 2.3642 0.4635 0.3174, 2.3642 0.4634 0.3038, 2.3642 0.4574 0.3131, 2.3642 0.4525 0.2996, 2.3642 0.4495 0.3101, 2.3642 0.4365 0.2977, 2.3642 0.4364 0.3085, 2.3642 0.4103 0.2977, 2.3642 0.4226 0.3085, 2.3642 0.4103 0.3929, 2.3642 0.4226 0.3819, 2.3642 0.4374 0.3929, 2.3642 0.437 0.3819, 2.3642 0.452 0.3913, 2.3642 0.4496 0.3805, 2.3642 0.4635 0.3871, 2.3642 0.4578 0.3774, 2.3642 0.4734 0.3803, 2.3642 0.4644 0.373, 2.3642 0.4768 0.3769, 2.3642 0.4679 0.3693, 2.3642 0.4827 0.3686, 2.3642 0.4714 0.3637, 2.3642 0.4862 0.3595, 2.3642 0.4739 0.3563, 2.3642 0.4878 0.3465, 2.3642 0.4749 0.3461, 2.3642 0.4873 0.3386, 2.3642 0.4746 0.3402, 2.3642 0.4847 0.3278, 2.3642 0.4727 0.3315, 2.3642 0.4796 0.3181, 2.3602 0.4365 0.2977, 2.3602 0.4103 0.2977, 2.3602 0.4525 0.2996, 2.3602 0.4634 0.3038, 2.3602 0.4734 0.311, 2.3602 0.4796 0.3181, 2.3602 0.4847 0.3278, 2.3602 0.4873 0.3386, 2.3602 0.4878 0.3465, 2.3602 0.4862 0.3595, 2.3602 0.4827 0.3686, 2.3602 0.4768 0.3769, 2.3602 0.4734 0.3803, 2.3602 0.4635 0.3871, 2.3602 0.452 0.3913, 2.3602 0.4374 0.3929, 2.3602 0.4103 0.3929, 2.3602 0.437 0.3819, 2.3602 0.4226 0.3819, 2.3602 0.4226 0.3085, 2.3602 0.4364 0.3085, 2.3602 0.4647 0.3185, 2.3602 0.4635 0.3174, 2.3602 0.4574 0.3131, 2.3602 0.4495 0.3101, 2.3602 0.4749 0.3461, 2.3602 0.4746 0.3402, 2.3602 0.4727 0.3315, 2.3602 0.4695 0.3244, 2.3602 0.4644 0.373, 2.3602 0.4679 0.3693, 2.3602 0.4714 0.3637, 2.3602 0.4739 0.3563, 2.3602 0.4496 0.3805, 2.3602 0.4578 0.3774
            ]
        }
        coordIndex [
            0,1,2,-1,3,4,5,-1,3,5,6,-1,6,5,7,-1,6,7,2,-1,2,7,8,-1,2,8,0,-1,9,1,10,-1,10,1,0,-1,9,10,11,-1,11,10,12,-1,13,14,15,-1,15,14,11,-1,15,11,16,-1,16,11,12,-1,13,17,14,-1,14,17,18,-1,17,19,18,-1,18,19,20,-1,18,20,21,-1,21,20,22,-1,21,22,23,-1,23,22,24,-1,23,24,25,-1,25,24,26,-1,25,26,27,-1,27,26,28,-1,27,28,29,-1,29,28,30,-1,29,30,31,-1,31,30,32,-1,31,32,33,-1,33,32,34,-1,33,34,35,-1,35,34,36,-1,35,36,37,-1,37,36,38,-1,37,38,39,-1,39,38,40,-1,39,40,41,-1,41,40,42,-1,41,42,43,-1,43,42,44,-1,43,44,45,-1,45,44,46,-1,45,46,47,-1,47,46,48,-1,47,48,49,-1,49,48,50,-1,49,50,51,-1,51,50,52,-1,51,52,53,-1,53,52,54,-1,53,54,55,-1,55,54,56,-1,55,56,57,-1,57,56,58,-1,57,58,59,-1,59,58,60,-1,59,60,61,-1,61,60,62,-1,61,62,63,-1,63,62,64,-1,63,64,65,-1,65,64,66,-1,65,66,67,-1,67,66,68,-1,67,68,69,-1,69,68,70,-1,69,70,71,-1,71,70,72,-1,71,72,73,-1,73,72,74,-1,73,74,75,-1,76,75,77,-1,77,75,74,-1,76,77,78,-1,76,78,79,-1,79,78,80,-1,79,80,81,-1,81,80,82,-1,81,82,83,-1,83,82,84,-1,83,84,85,-1,85,84,86,-1,85,86,87,-1,86,88,87,-1,87,88,89,-1,88,90,89,-1,89,90,91,-1,89,91,92,-1,92,91,93,-1,92,93,94,-1,94,93,95,-1,94,95,96,-1,96,95,97,-1,96,97,98,-1,98,97,99,-1,98,99,100,-1,100,99,101,-1,100,101,102,-1,103,104,105,-1,102,101,106,-1,102,106,107,-1,107,106,108,-1,107,108,105,-1,105,108,109,-1,105,109,103,-1,104,103,110,-1,104,110,111,-1,111,110,112,-1,111,112,113,-1,113,112,114,-1,113,114,115,-1,115,114,116,-1,115,116,117,-1,117,116,118,-1,117,118,119,-1,119,118,120,-1,119,120,121,-1,121,120,122,-1,121,122,123,-1,123,122,124,-1,123,124,125,-1,125,124,126,-1,125,126,127,-1,127,126,128,-1,127,128,129,-1,129,128,130,-1,129,130,131,-1,131,130,132,-1,131,132,133,-1,133,132,134,-1,133,134,135,-1,135,134,4,-1,135,4,3,-1,61,63,85,-1,85,63,83,-1,111,43,104,-1,104,43,45,-1,21,23,127,-1,127,23,25,-1,127,25,125,-1,125,25,27,-1,125,27,123,-1,123,27,29,-1,123,29,121,-1,121,29,31,-1,121,31,119,-1,119,31,33,-1,119,33,117,-1,117,33,35,-1,117,35,115,-1,115,35,37,-1,115,37,113,-1,113,37,39,-1,113,39,111,-1,111,39,41,-1,111,41,43,-1,14,3,11,-1,11,3,6,-1,11,6,9,-1,9,6,2,-1,9,2,1,-1,63,65,83,-1,83,65,67,-1,83,67,81,-1,81,67,69,-1,81,69,79,-1,79,69,71,-1,79,71,76,-1,76,71,73,-1,76,73,75,-1,127,129,21,-1,21,129,131,-1,21,131,18,-1,18,131,133,-1,18,133,14,-1,14,133,135,-1,14,135,3,-1,85,87,61,-1,61,87,89,-1,61,89,59,-1,59,89,92,-1,59,92,57,-1,57,92,94,-1,57,94,55,-1,55,94,96,-1,55,96,53,-1,53,96,98,-1,53,98,51,-1,51,98,100,-1,51,100,49,-1,49,100,102,-1,49,102,47,-1,47,102,107,-1,47,107,45,-1,45,107,105,-1,45,105,104,-1,136,137,138,-1,138,137,139,-1,140,136,141,-1,141,136,138,-1,140,141,142,-1,140,142,143,-1,143,142,144,-1,143,144,145,-1,146,145,147,-1,147,145,144,-1,148,146,149,-1,149,146,147,-1,150,151,152,-1,152,151,148,-1,152,148,149,-1,153,151,154,-1,154,151,150,-1,155,156,157,-1,157,156,153,-1,157,153,154,-1,158,159,160,-1,160,159,156,-1,160,156,155,-1,159,158,161,-1,162,163,161,-1,161,163,164,-1,161,164,159,-1,162,165,163,-1,163,165,166,-1,163,166,167,-1,167,166,168,-1,167,168,169,-1,169,168,170,-1,169,170,171,-1,171,170,172,-1,171,172,173,-1,173,172,174,-1,173,174,175,-1,176,175,177,-1,177,175,174,-1,176,177,178,-1,176,178,179,-1,179,178,180,-1,179,180,181,-1,181,180,182,-1,181,182,183,-1,183,182,184,-1,183,184,185,-1,184,186,185,-1,185,186,187,-1,185,187,188,-1,188,187,189,-1,188,189,190,-1,190,189,191,-1,190,191,192,-1,192,191,193,-1,192,193,194,-1,139,137,195,-1,195,137,194,-1,195,194,193,-1,143,145,194,-1,137,136,194,-1,194,136,140,-1,194,140,143,-1,151,153,148,-1,148,153,156,-1,148,156,146,-1,175,176,173,-1,173,176,179,-1,173,179,171,-1,171,179,181,-1,171,181,169,-1,169,181,183,-1,169,183,167,-1,167,183,185,-1,167,185,163,-1,192,164,190,-1,190,164,163,-1,190,163,188,-1,188,163,185,-1,145,146,194,-1,194,146,156,-1,194,156,192,-1,192,156,159,-1,192,159,164,-1,196,197,198,-1,198,197,199,-1,200,201,202,-1,202,201,196,-1,202,196,198,-1,203,201,204,-1,204,201,200,-1,205,206,207,-1,207,206,203,-1,207,203,204,-1,208,206,209,-1,209,206,205,-1,210,211,212,-1,212,211,208,-1,212,208,209,-1,213,211,214,-1,214,211,210,-1,215,216,217,-1,217,216,213,-1,217,213,214,-1,218,216,219,-1,219,216,215,-1,220,221,222,-1,222,221,218,-1,222,218,219,-1,223,221,224,-1,224,221,220,-1,199,197,225,-1,225,197,223,-1,225,223,224,-1,223,197,196,-1,196,201,223,-1,223,201,203,-1,223,203,221,-1,216,218,213,-1,213,218,221,-1,213,221,211,-1,211,221,203,-1,211,203,208,-1,208,203,206,-1,226,227,228,-1,228,227,229,-1,228,229,230,-1,230,229,231,-1,230,231,232,-1,232,231,233,-1,232,233,234,-1,234,233,235,-1,234,235,236,-1,236,235,237,-1,236,237,238,-1,238,237,239,-1,238,239,240,-1,240,239,241,-1,240,241,242,-1,242,241,243,-1,242,243,244,-1,244,243,245,-1,244,245,246,-1,246,245,247,-1,246,247,248,-1,248,247,249,-1,248,249,250,-1,250,249,251,-1,250,251,252,-1,252,251,253,-1,252,253,254,-1,254,253,255,-1,254,255,256,-1,256,255,257,-1,256,257,258,-1,258,257,259,-1,258,259,260,-1,260,259,226,-1,260,226,228,-1,234,236,261,-1,261,236,262,-1,234,261,263,-1,234,263,232,-1,232,263,264,-1,232,264,230,-1,230,264,265,-1,230,265,228,-1,228,265,266,-1,228,266,260,-1,260,266,267,-1,260,267,258,-1,258,267,268,-1,258,268,256,-1,256,268,269,-1,256,269,254,-1,254,269,270,-1,254,270,252,-1,252,270,271,-1,252,271,250,-1,250,271,272,-1,250,272,248,-1,248,272,273,-1,248,273,246,-1,246,273,274,-1,246,274,244,-1,244,274,275,-1,244,275,242,-1,242,275,276,-1,242,276,240,-1,238,240,277,-1,277,240,276,-1,236,238,262,-1,262,238,277,-1,241,239,278,-1,278,239,279,-1,239,237,279,-1,279,237,280,-1,237,235,280,-1,280,235,281,-1,227,282,283,-1,227,283,229,-1,229,283,284,-1,229,284,231,-1,231,284,285,-1,231,285,233,-1,233,285,281,-1,233,281,235,-1,255,286,287,-1,255,287,257,-1,257,287,288,-1,257,288,259,-1,259,288,289,-1,259,289,226,-1,226,289,282,-1,226,282,227,-1,247,290,291,-1,247,291,249,-1,249,291,292,-1,249,292,251,-1,251,292,293,-1,251,293,253,-1,253,293,286,-1,253,286,255,-1,241,278,294,-1,241,294,243,-1,243,294,295,-1,243,295,245,-1,245,295,290,-1,245,290,247,-1,
        ]
    }
}
Shape{
    appearance Appearance {
        material  Material 	{
            diffuseColor 0.8431372549019608 0.8156862745098039 0.7529411764705882
            specularColor 0.4235294117647059 0.40784313725490196 0.3764705882352941
            ambientIntensity 0.8167
            transparency 0.0
            shininess 0.5
        }
    }
    geometry IndexedFaceSet {
        ccw TRUE
        solid FALSE
        coord DEF co Coordinate {
            point [
                2.3602 0.4226 0.3819, 2.3602 0.4226 0.3085, 2.3602 0.437 0.3819, 2.3602 0.4364 0.3085, 2.3602 0.4495 0.3101, 2.3602 0.4574 0.3131, 2.3602 0.4635 0.3174, 2.3602 0.4749 0.3461, 2.3602 0.4644 0.373, 2.3602 0.4578 0.3774, 2.3602 0.4647 0.3185, 2.3602 0.4695 0.3244, 2.3602 0.4727 0.3315, 2.3602 0.4679 0.3693, 2.3602 0.4739 0.3563, 2.3602 0.4714 0.3637, 2.3602 0.4746 0.3402, 2.3602 0.4496 0.3805
            ]
        }
        coordIndex [
            0,1,2,-1,2,1,3,-1,3,4,2,-1,2,4,5,-1,2,5,6,-1,7,8,9,-1,6,10,2,-1,2,10,11,-1,2,11,12,-1,8,7,13,-1,13,7,14,-1,13,14,15,-1,12,16,2,-1,2,16,7,-1,2,7,17,-1,17,7,9,-1,
        ]
    }
}
Shape{
    appearance Appearance {
        material  Material 	{
            diffuseColor 0.0 0.0 0.0
            specularColor 0.0 0.0 0.0
            ambientIntensity 0.0
            transparency 0.0
            shininess 0.5
        }
    }
    geometry IndexedFaceSet {
        ccw TRUE
        solid FALSE
        coord DEF co Coordinate {
            point [
                2.3642 0.5197 0.3345, 2.3642 0.5158 0.3237, 2.3642 0.5516 0.3345, 2.3642 0.5554 0.3237, 2.3642 0.5339 0.374, 2.3642 0.5293 0.3929, 2.3642 0.4931 0.2977, 2.3642 0.5067 0.2977, 2.3642 0.5348 0.3769, 2.3642 0.5355 0.3807, 2.3642 0.5425 0.3929, 2.3642 0.5358 0.3807, 2.3642 0.5366 0.3767, 2.3642 0.5373 0.374, 2.3642 0.5787 0.2977, 2.3642 0.5652 0.2977, 2.3602 0.5425 0.3929, 2.3602 0.5787 0.2977, 2.3602 0.5293 0.3929, 2.3602 0.4931 0.2977, 2.3602 0.5067 0.2977, 2.3602 0.5158 0.3237, 2.3602 0.5554 0.3237, 2.3602 0.5652 0.2977, 2.3602 0.5197 0.3345, 2.3602 0.5516 0.3345, 2.3602 0.5373 0.374, 2.3602 0.5358 0.3807, 2.3602 0.5366 0.3767, 2.3602 0.5355 0.3807, 2.3602 0.5339 0.374, 2.3602 0.5348 0.3769
            ]
        }
        coordIndex [
            0,1,2,-1,2,1,3,-1,4,5,0,-1,0,5,6,-1,0,6,1,-1,1,6,7,-1,4,8,5,-1,5,8,9,-1,5,9,10,-1,10,9,11,-1,10,11,12,-1,12,13,10,-1,10,13,2,-1,10,2,14,-1,14,2,3,-1,14,3,15,-1,10,14,16,-1,16,14,17,-1,5,10,18,-1,18,10,16,-1,6,5,19,-1,19,5,18,-1,7,6,20,-1,20,6,19,-1,1,7,21,-1,21,7,20,-1,3,1,22,-1,22,1,21,-1,15,3,23,-1,23,3,22,-1,14,15,17,-1,17,15,23,-1,0,2,24,-1,24,2,25,-1,2,13,25,-1,25,13,26,-1,11,27,28,-1,11,28,12,-1,12,28,26,-1,12,26,13,-1,11,9,27,-1,27,9,29,-1,4,30,31,-1,4,31,8,-1,8,31,29,-1,8,29,9,-1,4,0,30,-1,30,0,24,-1,
        ]
    }
}
Shape{
    appearance Appearance {
        material  Material 	{
            diffuseColor 0.8431372549019608 0.8156862745098039 0.7529411764705882
            specularColor 0.4235294117647059 0.40784313725490196 0.3764705882352941
            ambientIntensity 0.8167
            transparency 0.0
            shininess 0.5
        }
    }
    geometry IndexedFaceSet {
        ccw TRUE
        solid FALSE
        coord DEF co Coordinate {
            point [
                2.3602 0.5358 0.3807, 2.3602 0.5355 0.3807, 2.3602 0.5366 0.3767, 2.3602 0.5348 0.3769, 2.3602 0.5373 0.374, 2.3602 0.5339 0.374, 2.3602 0.5516 0.3345, 2.3602 0.5197 0.3345
            ]
        }
        coordIndex [
            0,1,2,-1,2,1,3,-1,2,3,4,-1,4,3,5,-1,4,5,6,-1,6,5,7,-1,
        ]
    }
}
Shape{
    appearance Appearance {
        material  Material 	{
            diffuseColor 0.0 0.0 0.0
            specularColor 0.0 0.0 0.0
            ambientIntensity 0.0
            transparency 0.0
            shininess 0.5
        }
    }
    geometry IndexedFaceSet {
        ccw TRUE
        solid FALSE
        coord DEF co Coordinate {
            point [
                2.3642 -0.3609 0.4616, 2.3642 -0.3458 0.4697, 2.3642 -0.3494 0.5113, 2.3642 -0.2302 0.2815, 2.3642 -0.2222 0.2966, 2.3642 -0.2182 0.3133, 2.3642 -0.3072 0.5133, 2.3642 -0.2862 0.4639, 2.3642 -0.2758 0.4853, 2.3642 -0.3112 0.3114, 2.3642 -0.3125 0.3177, 2.3642 -0.3491 0.344, 2.3642 -0.3498 0.2987, 2.3642 -0.3584 0.3013, 2.3642 -0.3639 0.3531, 2.3642 -0.3227 0.5146, 2.3642 -0.123 0.3772, 2.3642 -0.144 0.4131, 2.3642 -0.2178 0.3271, 2.3642 -0.2347 0.3657, 2.3642 -0.2178 0.3204, 2.3642 -0.254 0.2605, 2.3642 -0.2405 0.2699, 2.3642 -0.3086 0.3057, 2.3642 -0.3329 0.2717, 2.3642 -0.343 0.2842, 2.3642 -0.1007 0.4442, 2.3642 -0.0953 0.4442, 2.3642 -0.0675 0.4808, 2.3642 -0.0824 0.4426, 2.3642 -0.0642 0.4797, 2.3642 -0.0706 0.4381, 2.3642 -0.0441 0.4697, 2.3642 -0.0257 0.4541, 2.3642 -0.2933 0.5294, 2.3642 -0.2606 0.5034, 2.3642 -0.2774 0.543, 2.3642 -0.2425 0.5167, 2.3642 -0.26 0.5537, 2.3642 -0.3291 0.4736, 2.3642 -0.322 0.474, 2.3642 -0.3149 0.5142, 2.3642 -0.3061 0.472, 2.3642 -0.2909 0.4665, 2.3642 -0.2647 0.3043, 2.3642 -0.2684 0.3002, 2.3642 -0.2735 0.2965, 2.3642 -0.2691 0.2547, 2.3642 -0.2794 0.2942, 2.3642 -0.2855 0.2527, 2.3642 -0.2862 0.2933, 2.3642 -0.2881 0.2527, 2.3642 -0.2873 0.2933, 2.3642 -0.3041 0.2552, 2.3642 -0.2934 0.2943, 2.3642 -0.3197 0.2618, 2.3642 -0.2995 0.2969, 2.3642 -0.3047 0.3009, 2.3642 -0.2615 0.3291, 2.3642 -0.26 0.3228, 2.3642 -0.26 0.3166, 2.3642 -0.2616 0.3101, 2.3642 -0.0256 0.3278, 2.3642 -0.0571 0.3547, 2.3642 -0.044 0.3122, 2.3642 -0.0671 0.3465, 2.3642 -0.0646 0.3021, 2.3642 -0.0791 0.341, 2.3642 -0.0872 0.2973, 2.3642 -0.0912 0.3386, 2.3642 -0.1271 0.2973, 2.3642 -0.1217 0.3386, 2.3642 -0.1309 0.298, 2.3642 -0.3122 0.3243, 2.3642 -0.3102 0.3307, 2.3642 -0.3417 0.3586, 2.3642 -0.3067 0.3363, 2.3642 -0.3305 0.3714, 2.3642 -0.304 0.3391, 2.3642 -0.3166 0.381, 2.3642 -0.2987 0.3429, 2.3642 -0.3017 0.3867, 2.3642 -0.2928 0.3452, 2.3642 -0.2855 0.3887, 2.3642 -0.2862 0.3461, 2.3642 -0.2773 0.3882, 2.3642 -0.2805 0.3455, 2.3642 -0.2609 0.3842, 2.3642 -0.2743 0.3432, 2.3642 -0.2466 0.3765, 2.3642 -0.2688 0.3395, 2.3642 -0.2644 0.3347, 2.3642 -0.0601 0.4307, 2.3642 -0.0523 0.4221, 2.3642 -0.0119 0.4349, 2.3642 -0.046 0.4104, 2.3642 -0.0036 0.4142, 2.3642 -0.0428 0.3974, 2.3642 -0.0005 0.3921, 2.3642 -0.0425 0.3914, 2.3642 -0.0036 0.368, 2.3642 -0.0441 0.3782, 2.3642 -0.0121 0.3465, 2.3642 -0.0488 0.3662, 2.3642 -0.0562 0.3556, 2.3642 -0.1041 0.5342, 2.3642 -0.1306 0.5032, 2.3642 -0.0816 0.5082, 2.3642 -0.1153 0.4849, 2.3642 -0.1049 0.4631, 2.3642 -0.3877 0.4227, 2.3642 -0.4322 0.4115, 2.3642 -0.3897 0.4063, 2.3642 -0.4324 0.405, 2.3642 -0.3889 0.3958, 2.3642 -0.4291 0.3784, 2.3642 -0.3841 0.3793, 2.3642 -0.4194 0.3532, 2.3642 -0.376 0.3656, 2.3642 -0.404 0.3312, 2.3642 -0.3828 0.3132, 2.3642 -0.2288 0.5655, 2.3642 -0.2204 0.5256, 2.3642 -0.1961 0.5694, 2.3642 -0.1955 0.5288, 2.3642 -0.1663 0.5661, 2.3642 -0.1725 0.526, 2.3642 -0.1325 0.5536, 2.3642 -0.1513 0.5179, 2.3642 -0.1323 0.5047, 2.3642 -0.3745 0.5016, 2.3642 -0.396 0.4865, 2.3642 -0.3725 0.4513, 2.3642 -0.4006 0.4821, 2.3642 -0.3819 0.4378, 2.3642 -0.4168 0.4613, 2.3642 -0.4276 0.4369, 2.3642 -0.1251 0.3393, 2.3642 -0.1414 0.3044, 2.3642 -0.1398 0.3028, 2.3642 -0.1231 0.3388, 2.3642 -0.1354 0.2997, 2.3642 -0.1467 0.3183, 2.3642 -0.1461 0.3133, 2.3642 -0.1443 0.3087, 2.3642 -0.131 0.3386, 2.3642 -0.1356 0.3368, 2.3642 -0.1466 0.321, 2.3642 -0.1398 0.3339, 2.3642 -0.1426 0.3308, 2.3642 -0.1452 0.3261, 2.3642 -0.1258 0.3393, 2.3602 -0.0212 0.4479, 2.3602 -0.0119 0.4349, 2.3602 -0.0059 0.42, 2.3602 -0.0036 0.4142, 2.3602 -0.0005 0.3921, 2.3602 -0.0257 0.4541, 2.3602 -0.0441 0.4697, 2.3602 -0.0642 0.4797, 2.3602 -0.0675 0.4808, 2.3602 -0.0816 0.5082, 2.3602 -0.1041 0.5342, 2.3602 -0.1194 0.5447, 2.3602 -0.1325 0.5536, 2.3602 -0.1663 0.5661, 2.3602 -0.1961 0.5694, 2.3602 -0.2288 0.5655, 2.3602 -0.26 0.5537, 2.3602 -0.2747 0.5447, 2.3602 -0.2774 0.543, 2.3602 -0.2933 0.5294, 2.3602 -0.3072 0.5133, 2.3602 -0.3149 0.5142, 2.3602 -0.3227 0.5146, 2.3602 -0.3494 0.5113, 2.3602 -0.3745 0.5016, 2.3602 -0.396 0.4865, 2.3602 -0.4006 0.4821, 2.3602 -0.4168 0.4613, 2.3602 -0.4228 0.4479, 2.3602 -0.4276 0.4369, 2.3602 -0.4307 0.42, 2.3602 -0.4322 0.4115, 2.3602 -0.4324 0.405, 2.3602 -0.4291 0.3784, 2.3602 -0.4194 0.3532, 2.3602 -0.404 0.3312, 2.3602 -0.3828 0.3132, 2.3602 -0.3584 0.3013, 2.3602 -0.3498 0.2987, 2.3602 -0.3489 0.2969, 2.3602 -0.343 0.2842, 2.3602 -0.3329 0.2717, 2.3602 -0.3197 0.2618, 2.3602 -0.3135 0.2592, 2.3602 -0.3041 0.2552, 2.3602 -0.2881 0.2527, 2.3602 -0.2855 0.2527, 2.3602 -0.2178 0.3204, 2.3602 -0.2691 0.2547, 2.3602 -0.2575 0.2592, 2.3602 -0.254 0.2605, 2.3602 -0.2405 0.2699, 2.3602 -0.2302 0.2815, 2.3602 -0.2222 0.2966, 2.3602 -0.2221 0.2969, 2.3602 -0.2182 0.3133, 2.3602 -0.2178 0.3271, 2.3602 -0.123 0.3772, 2.3602 -0.144 0.4131, 2.3602 -0.2347 0.3657, 2.3602 -0.2466 0.3765, 2.3602 -0.2609 0.3842, 2.3602 -0.2773 0.3882, 2.3602 -0.2855 0.3887, 2.3602 -0.3017 0.3867, 2.3602 -0.3166 0.381, 2.3602 -0.3305 0.3714, 2.3602 -0.3417 0.3586, 2.3602 -0.3491 0.344, 2.3602 -0.3639 0.3531, 2.3602 -0.376 0.3656, 2.3602 -0.3841 0.3793, 2.3602 -0.3889 0.3958, 2.3602 -0.3897 0.4063, 2.3602 -0.3881 0.42, 2.3602 -0.3877 0.4227, 2.3602 -0.3819 0.4378, 2.3602 -0.3749 0.4479, 2.3602 -0.3725 0.4513, 2.3602 -0.3609 0.4616, 2.3602 -0.3458 0.4697, 2.3602 -0.3291 0.4736, 2.3602 -0.322 0.474, 2.3602 -0.3061 0.472, 2.3602 -0.2909 0.4665, 2.3602 -0.2862 0.4639, 2.3602 -0.2758 0.4853, 2.3602 -0.2606 0.5034, 2.3602 -0.2425 0.5167, 2.3602 -0.2204 0.5256, 2.3602 -0.1955 0.5288, 2.3602 -0.1725 0.526, 2.3602 -0.1513 0.5179, 2.3602 -0.1323 0.5047, 2.3602 -0.1306 0.5032, 2.3602 -0.1153 0.4849, 2.3602 -0.1049 0.4631, 2.3602 -0.1015 0.4479, 2.3602 -0.1007 0.4442, 2.3602 -0.0953 0.4442, 2.3602 -0.0824 0.4426, 2.3602 -0.0706 0.4381, 2.3602 -0.0601 0.4307, 2.3602 -0.0523 0.4221, 2.3602 -0.0512 0.42, 2.3602 -0.046 0.4104, 2.3602 -0.0428 0.3974, 2.3602 -0.0425 0.3914, 2.3602 -0.0441 0.3782, 2.3602 -0.0488 0.3662, 2.3602 -0.0562 0.3556, 2.3602 -0.0571 0.3547, 2.3602 -0.0671 0.3465, 2.3602 -0.0791 0.341, 2.3602 -0.0912 0.3386, 2.3602 -0.1217 0.3386, 2.3602 -0.1231 0.3388, 2.3602 -0.1251 0.3393, 2.3602 -0.1258 0.3393, 2.3602 -0.131 0.3386, 2.3602 -0.1356 0.3368, 2.3602 -0.1398 0.3339, 2.3602 -0.1426 0.3308, 2.3602 -0.1452 0.3261, 2.3602 -0.1466 0.321, 2.3602 -0.1467 0.3183, 2.3602 -0.1461 0.3133, 2.3602 -0.1443 0.3087, 2.3602 -0.1414 0.3044, 2.3602 -0.1398 0.3028, 2.3602 -0.1354 0.2997, 2.3602 -0.1309 0.298, 2.3602 -0.1271 0.2973, 2.3602 -0.0872 0.2973, 2.3602 -0.0646 0.3021, 2.3602 -0.044 0.3122, 2.3602 -0.0256 0.3278, 2.3602 -0.0121 0.3465, 2.3602 -0.0036 0.368, 2.3602 -0.2862 0.3461, 2.3602 -0.2805 0.3455, 2.3602 -0.2743 0.3432, 2.3602 -0.2688 0.3395, 2.3602 -0.2644 0.3347, 2.3602 -0.2615 0.3291, 2.3602 -0.26 0.3228, 2.3602 -0.26 0.3166, 2.3602 -0.2616 0.3101, 2.3602 -0.2647 0.3043, 2.3602 -0.2684 0.3002, 2.3602 -0.2735 0.2965, 2.3602 -0.2794 0.2942, 2.3602 -0.2862 0.2933, 2.3602 -0.2873 0.2933, 2.3602 -0.2934 0.2943, 2.3602 -0.2995 0.2969, 2.3602 -0.3047 0.3009, 2.3602 -0.3086 0.3057, 2.3602 -0.3112 0.3114, 2.3602 -0.3125 0.3177, 2.3602 -0.3122 0.3243, 2.3602 -0.3102 0.3307, 2.3602 -0.3067 0.3363, 2.3602 -0.304 0.3391, 2.3602 -0.2987 0.3429, 2.3602 -0.2928 0.3452
            ]
        }
        coordIndex [
            0,1,2,-1,3,4,5,-1,6,7,8,-1,9,10,11,-1,12,11,13,-1,13,11,14,-1,2,1,15,-1,16,17,18,-1,18,17,19,-1,18,19,20,-1,20,19,21,-1,20,21,5,-1,5,21,22,-1,5,22,3,-1,23,9,24,-1,24,9,11,-1,24,11,25,-1,25,11,12,-1,26,27,28,-1,28,27,29,-1,28,29,30,-1,30,29,31,-1,30,31,32,-1,32,31,33,-1,6,8,34,-1,34,8,35,-1,34,35,36,-1,36,35,37,-1,36,37,38,-1,1,39,15,-1,15,39,40,-1,15,40,41,-1,41,40,42,-1,41,42,6,-1,6,42,43,-1,6,43,7,-1,44,45,21,-1,21,45,46,-1,21,46,47,-1,47,46,48,-1,47,48,49,-1,49,48,50,-1,49,50,51,-1,51,50,52,-1,51,52,53,-1,53,52,54,-1,53,54,55,-1,55,54,56,-1,55,56,24,-1,24,56,57,-1,24,57,23,-1,58,59,19,-1,19,59,60,-1,19,60,21,-1,21,60,61,-1,21,61,44,-1,62,63,64,-1,64,63,65,-1,64,65,66,-1,66,65,67,-1,66,67,68,-1,68,67,69,-1,68,69,70,-1,70,69,71,-1,70,71,72,-1,10,73,11,-1,11,73,74,-1,11,74,75,-1,75,74,76,-1,75,76,77,-1,77,76,78,-1,77,78,79,-1,79,78,80,-1,79,80,81,-1,81,80,82,-1,81,82,83,-1,83,82,84,-1,83,84,85,-1,85,84,86,-1,85,86,87,-1,87,86,88,-1,87,88,89,-1,89,88,90,-1,89,90,19,-1,19,90,91,-1,19,91,58,-1,31,92,33,-1,33,92,93,-1,33,93,94,-1,94,93,95,-1,94,95,96,-1,96,95,97,-1,96,97,98,-1,98,97,99,-1,98,99,100,-1,100,99,101,-1,100,101,102,-1,102,101,103,-1,102,103,62,-1,62,103,104,-1,62,104,63,-1,105,106,107,-1,107,106,108,-1,107,108,28,-1,28,108,109,-1,28,109,26,-1,110,111,112,-1,112,111,113,-1,112,113,114,-1,114,113,115,-1,114,115,116,-1,116,115,117,-1,116,117,118,-1,118,117,119,-1,118,119,14,-1,14,119,120,-1,14,120,13,-1,38,37,121,-1,121,37,122,-1,121,122,123,-1,123,122,124,-1,123,124,125,-1,125,124,126,-1,125,126,127,-1,127,126,128,-1,127,128,105,-1,105,128,129,-1,105,129,106,-1,2,130,0,-1,0,130,131,-1,0,131,132,-1,132,131,133,-1,132,133,134,-1,134,133,135,-1,134,135,110,-1,110,135,136,-1,110,136,111,-1,137,138,139,-1,71,140,72,-1,72,140,137,-1,72,137,141,-1,141,137,139,-1,142,143,137,-1,137,143,144,-1,137,144,138,-1,145,146,147,-1,146,148,147,-1,147,148,149,-1,147,149,150,-1,142,137,147,-1,147,137,151,-1,147,151,145,-1,152,33,153,-1,153,33,94,-1,153,94,154,-1,154,94,96,-1,154,96,155,-1,155,96,98,-1,155,98,156,-1,152,157,33,-1,33,157,158,-1,33,158,32,-1,32,158,159,-1,32,159,30,-1,30,159,160,-1,30,160,28,-1,28,160,161,-1,28,161,107,-1,107,161,162,-1,107,162,105,-1,127,105,163,-1,163,105,162,-1,163,164,127,-1,127,164,165,-1,127,165,125,-1,125,165,166,-1,125,166,123,-1,123,166,167,-1,123,167,121,-1,121,167,168,-1,121,168,38,-1,38,168,36,-1,36,168,169,-1,36,169,170,-1,36,170,171,-1,36,171,34,-1,34,171,172,-1,34,172,6,-1,6,172,173,-1,6,173,41,-1,41,173,174,-1,41,174,15,-1,15,174,175,-1,15,175,2,-1,2,175,176,-1,2,176,130,-1,130,176,177,-1,130,177,131,-1,131,177,178,-1,131,178,133,-1,136,135,179,-1,179,135,133,-1,179,133,178,-1,179,180,136,-1,136,180,181,-1,136,181,111,-1,111,181,182,-1,182,183,111,-1,111,183,184,-1,111,184,113,-1,113,184,185,-1,113,185,115,-1,115,185,186,-1,115,186,117,-1,117,186,187,-1,117,187,119,-1,119,187,188,-1,119,188,120,-1,120,188,189,-1,120,189,13,-1,13,189,190,-1,13,190,12,-1,12,190,191,-1,12,191,25,-1,191,192,25,-1,25,192,193,-1,25,193,24,-1,24,193,194,-1,24,194,55,-1,55,194,195,-1,55,195,53,-1,195,196,53,-1,53,196,197,-1,53,197,51,-1,51,197,198,-1,51,198,49,-1,199,20,5,-1,49,198,200,-1,201,21,200,-1,200,21,47,-1,200,47,49,-1,201,202,21,-1,21,202,203,-1,21,203,22,-1,22,203,204,-1,22,204,3,-1,3,204,205,-1,3,205,4,-1,4,205,206,-1,4,206,5,-1,5,206,207,-1,5,207,199,-1,18,20,208,-1,208,20,199,-1,16,18,209,-1,209,18,208,-1,17,16,210,-1,210,16,209,-1,19,17,211,-1,211,17,210,-1,19,211,212,-1,19,212,89,-1,89,212,213,-1,89,213,87,-1,87,213,214,-1,87,214,85,-1,85,214,215,-1,85,215,83,-1,83,215,216,-1,83,216,81,-1,81,216,217,-1,81,217,79,-1,79,217,218,-1,79,218,77,-1,77,218,219,-1,77,219,75,-1,75,219,220,-1,75,220,11,-1,11,220,221,-1,11,221,14,-1,14,221,222,-1,14,222,118,-1,118,222,223,-1,118,223,116,-1,116,223,224,-1,116,224,114,-1,114,224,225,-1,114,225,112,-1,110,112,225,-1,225,226,110,-1,110,226,227,-1,110,227,228,-1,229,132,228,-1,228,132,134,-1,228,134,110,-1,229,230,132,-1,132,230,231,-1,132,231,0,-1,0,231,232,-1,0,232,1,-1,1,232,233,-1,1,233,39,-1,39,233,234,-1,39,234,40,-1,40,234,235,-1,40,235,42,-1,42,235,236,-1,42,236,43,-1,43,236,237,-1,43,237,7,-1,7,237,238,-1,7,238,8,-1,8,238,239,-1,8,239,35,-1,35,239,240,-1,35,240,37,-1,37,240,241,-1,37,241,122,-1,122,241,242,-1,122,242,124,-1,124,242,243,-1,124,243,126,-1,126,243,244,-1,126,244,128,-1,128,244,245,-1,128,245,129,-1,129,245,246,-1,129,246,106,-1,106,246,247,-1,106,247,108,-1,108,247,248,-1,108,248,109,-1,109,248,26,-1,26,248,249,-1,26,249,250,-1,27,26,251,-1,251,26,250,-1,27,251,252,-1,27,252,29,-1,29,252,253,-1,29,253,31,-1,31,253,254,-1,31,254,92,-1,92,254,255,-1,92,255,93,-1,93,255,256,-1,93,256,95,-1,256,257,95,-1,95,257,258,-1,95,258,97,-1,97,258,259,-1,97,259,99,-1,99,259,260,-1,99,260,101,-1,101,260,261,-1,101,261,103,-1,103,261,262,-1,103,262,104,-1,104,262,263,-1,104,263,63,-1,63,263,264,-1,63,264,65,-1,65,264,265,-1,65,265,67,-1,67,265,266,-1,67,266,69,-1,71,69,267,-1,267,69,266,-1,71,267,268,-1,71,268,140,-1,140,268,269,-1,140,269,137,-1,137,269,270,-1,137,270,151,-1,151,270,271,-1,151,271,145,-1,145,271,272,-1,145,272,146,-1,146,272,273,-1,146,273,148,-1,148,273,274,-1,148,274,149,-1,149,274,275,-1,149,275,150,-1,150,275,276,-1,150,276,147,-1,147,276,277,-1,147,277,142,-1,142,277,278,-1,142,278,143,-1,143,278,279,-1,143,279,144,-1,144,279,280,-1,144,280,138,-1,138,280,281,-1,138,281,139,-1,139,281,282,-1,139,282,141,-1,141,282,283,-1,141,283,72,-1,72,283,284,-1,72,284,70,-1,68,70,285,-1,285,70,284,-1,68,285,286,-1,68,286,66,-1,66,286,287,-1,66,287,64,-1,64,287,288,-1,64,288,62,-1,62,288,289,-1,62,289,102,-1,102,289,290,-1,102,290,100,-1,100,290,156,-1,100,156,98,-1,84,291,292,-1,84,292,86,-1,86,292,293,-1,86,293,88,-1,88,293,294,-1,88,294,90,-1,90,294,295,-1,90,295,91,-1,91,295,296,-1,91,296,58,-1,58,296,297,-1,58,297,59,-1,59,297,298,-1,59,298,60,-1,60,298,299,-1,60,299,61,-1,61,299,300,-1,61,300,44,-1,44,300,301,-1,44,301,45,-1,45,301,302,-1,45,302,46,-1,46,302,303,-1,46,303,48,-1,48,303,304,-1,48,304,50,-1,50,304,305,-1,50,305,52,-1,52,305,306,-1,52,306,54,-1,54,306,307,-1,54,307,56,-1,56,307,308,-1,56,308,57,-1,57,308,309,-1,57,309,23,-1,23,309,310,-1,23,310,9,-1,9,310,311,-1,9,311,10,-1,10,311,312,-1,10,312,73,-1,73,312,313,-1,73,313,74,-1,74,313,314,-1,74,314,76,-1,76,314,315,-1,76,315,78,-1,78,315,316,-1,78,316,80,-1,80,316,317,-1,80,317,82,-1,82,317,291,-1,82,291,84,-1,
        ]
    }
}
Shape{
    appearance Appearance {
        material  Material 	{
            diffuseColor 0.8431372549019608 0.8156862745098039 0.7529411764705882
            specularColor 0.4235294117647059 0.40784313725490196 0.3764705882352941
            ambientIntensity 0.8167
            transparency 0.0
            shininess 0.5
        }
    }
    geometry IndexedFaceSet {
        ccw TRUE
        solid FALSE
        coord DEF co Coordinate {
            point [
                2.3602 -0.2873 0.2933, 2.3602 -0.304 0.3391, 2.3602 -0.3067 0.3363, 2.3602 -0.2794 0.2942, 2.3602 -0.2735 0.2965, 2.3602 -0.2805 0.3455, 2.3602 -0.2862 0.3461, 2.3602 -0.2928 0.3452, 2.3602 -0.2987 0.3429, 2.3602 -0.3112 0.3114, 2.3602 -0.3086 0.3057, 2.3602 -0.3047 0.3009, 2.3602 -0.2862 0.2933, 2.3602 -0.3102 0.3307, 2.3602 -0.3122 0.3243, 2.3602 -0.3125 0.3177, 2.3602 -0.2995 0.2969, 2.3602 -0.2934 0.2943, 2.3602 -0.2684 0.3002, 2.3602 -0.2647 0.3043, 2.3602 -0.2616 0.3101, 2.3602 -0.26 0.3166, 2.3602 -0.26 0.3228, 2.3602 -0.2615 0.3291, 2.3602 -0.2644 0.3347, 2.3602 -0.2688 0.3395, 2.3602 -0.2743 0.3432, 1.1791 -2.237 0.1575, 1.2579 -2.1583 0.2362, 1.1791 -1.6465 0.1575, 1.2579 -1.5677 0.2362, 1.8484 -2.237 0.1575, 1.7697 -2.1583 0.2362, -1.2618 -1.5677 0.2362, -1.1831 -1.6465 0.1575, 1.8484 -2.237 1.9291, 1.7697 -2.1583 1.8504, -1.2618 -2.1583 0.2362, -1.1831 -2.237 0.1575, 1.4941 -2.237 1.9291, 1.5728 -2.1583 1.8504, -1.7736 -2.1583 0.2362, -1.8524 -2.237 0.1575, 1.4941 -2.237 1.6929, 1.5728 -2.1583 1.6142, -1.7736 -2.1583 1.8504, -1.8524 -2.237 1.9291, 1.1791 -2.237 1.6929, 1.2579 -2.1583 1.6142, -1.5768 -2.1583 1.8504, -1.498 -2.237 1.9291, 1.1791 -1.0559 1.6929, 1.2579 -0.9772 1.6142, -1.5768 -2.1583 1.6142, -1.498 -2.237 1.6929, -1.1831 -1.0559 1.6929, -1.2618 -0.9772 1.6142, -1.2618 -2.1583 1.6142, -1.1831 -2.237 1.6929
            ]
        }
        coordIndex [
            0,1,2,-1,3,4,5,-1,6,7,0,-1,0,7,8,-1,0,8,1,-1,9,10,2,-1,2,10,11,-1,6,0,5,-1,5,0,12,-1,5,12,3,-1,13,14,2,-1,2,14,15,-1,2,15,9,-1,11,16,2,-1,2,16,17,-1,2,17,0,-1,4,18,5,-1,5,18,19,-1,5,19,20,-1,20,21,5,-1,5,21,22,-1,5,22,23,-1,23,24,5,-1,5,24,25,-1,5,25,26,-1,27,28,29,-1,29,28,30,-1,31,32,27,-1,27,32,28,-1,33,34,30,-1,30,34,29,-1,35,36,31,-1,31,36,32,-1,37,38,33,-1,33,38,34,-1,39,40,35,-1,35,40,36,-1,41,42,37,-1,37,42,38,-1,43,44,39,-1,39,44,40,-1,45,46,41,-1,41,46,42,-1,47,48,43,-1,43,48,44,-1,49,50,45,-1,45,50,46,-1,51,52,47,-1,47,52,48,-1,53,54,49,-1,49,54,50,-1,55,56,51,-1,51,56,52,-1,57,58,53,-1,53,58,54,-1,58,57,55,-1,55,57,56,-1,
        ]
    }
}