#VRML V2.0 utf8
# 3D model generated by easyeda2kicad.py (https://github.com/uPesy/easyeda2kicad.py)

Shape{
    appearance Appearance {
        material  Material 	{
            diffuseColor 0.2235294117647059 0.2235294117647059 0.2235294117647059
            specularColor 0.11372549019607843 0.11372549019607843 0.11372549019607843
            ambientIntensity 0.2235
            transparency 0.0
            shininess 0.5
        }
    }
    geometry IndexedFaceSet {
        ccw TRUE
        solid FALSE
        coord DEF co Coordinate {
            point [
                -2.7559 -1.8549 0.0495, -2.7559 1.4915 0.0495, -2.4035 -1.8549 0.0469, -2.4035 1.4915 0.0469, -2.7559 -1.8549 0.6384, -2.7559 1.4915 0.6384, -2.4035 -1.8549 0.4538, -2.4035 1.4915 0.4538, 2.4035 -1.8549 0.0469, 2.4035 1.4915 0.0469, 2.7559 -1.8549 0.0495, 2.7559 1.4915 0.0495, 2.4035 1.4915 0.0984, 2.4035 1.1077 0.0984, 2.4035 1.1077 0.4538, 2.4035 -1.8549 0.4538, 2.7559 1.4915 0.6384, 2.4122 1.4915 0.4584, 2.4122 1.1077 0.4584, 2.7559 -1.8549 0.6384, 2.4122 1.4915 0.0984, 2.4122 1.1077 0.0984, -2.4035 0.9108 2.2835, -2.4035 0.6461 2.2835, -2.4035 0.6461 2.0866, -2.4035 1.1077 2.0866, -2.4035 1.1062 2.1103, -2.4035 1.102 2.1337, -2.4035 1.0949 2.1564, -2.4035 1.0851 2.1781, -2.4035 1.0728 2.1984, -2.4035 1.0582 2.2172, -2.4035 1.0414 2.234, -2.4035 0.9346 2.282, -2.4035 1.0227 2.2486, -2.4035 1.0023 2.2609, -2.4035 0.9806 2.2707, -2.4035 0.9579 2.2777, -2.7559 0.6461 2.0866, -2.7559 0.6461 2.2835, -2.7559 1.1077 2.0866, -2.7559 0.9108 2.2835, -2.7559 1.1062 2.1103, -2.7559 1.102 2.1337, -2.7559 0.9346 2.282, -2.7559 0.9579 2.2777, -2.7559 1.0414 2.234, -2.7559 1.0582 2.2172, -2.7559 1.0728 2.1984, -2.7559 1.0851 2.1781, -2.7559 1.0949 2.1564, -2.7559 0.9806 2.2707, -2.7559 1.0023 2.2609, -2.7559 1.0227 2.2486, 2.7559 0.6461 2.2835, 2.7559 0.6461 2.0866, 2.7559 0.9108 2.2835, 2.7559 1.1077 2.0866, 2.7559 1.1062 2.1103, 2.7559 1.102 2.1337, 2.7559 1.0949 2.1564, 2.7559 1.0582 2.2172, 2.7559 1.0414 2.234, 2.7559 1.0728 2.1984, 2.7559 1.0227 2.2486, 2.7559 1.0023 2.2609, 2.7559 0.9806 2.2707, 2.7559 0.9579 2.2777, 2.7559 1.0851 2.1781, 2.7559 0.9346 2.282, 2.4102 0.6461 2.0866, 2.4102 0.6461 2.2835, 2.4102 1.1077 2.0866, 2.4102 0.9108 2.2835, 2.4102 1.0949 2.1564, 2.4102 1.102 2.1337, 2.4102 1.1062 2.1103, 2.4102 0.9346 2.282, 2.4102 1.0728 2.1984, 2.4102 1.0851 2.1781, 2.4102 0.9579 2.2777, 2.4102 0.9806 2.2707, 2.4102 1.0023 2.2609, 2.4102 1.0227 2.2486, 2.4102 1.0414 2.234, 2.4102 1.0582 2.2172, 2.6378 -0.2801 2.0866, 2.7559 -0.2801 2.0866, 2.6378 0.3104 2.0866, 2.7559 1.5014 2.0866, 2.4122 1.1077 2.0866, 2.4122 1.5014 2.0866, 2.4102 0.5959 2.0866, -2.6378 0.3104 2.0866, -2.4035 0.5959 2.0866, -2.7559 -0.2801 2.0866, -2.6378 -0.2801 2.0866, -2.4035 1.5014 2.0866, -2.7559 1.5014 2.0866, -2.6416 -0.2801 0.8086, -2.6789 -0.2801 0.8247, -2.7559 -0.2801 0.0984, -2.7108 -0.2801 0.8498, -2.7353 -0.2801 0.8822, -2.7507 -0.2801 0.9198, -2.7559 -0.2801 0.9601, -1.9074 -0.2801 0.2999, -1.8696 -0.2801 0.2953, -1.4469 -0.2801 0.0984, -1.4469 -0.2801 0.2953, -1.943 -0.2801 0.3135, -1.9744 -0.2801 0.3352, -2.415 -0.2801 0.7278, -2.4439 -0.2801 0.7482, -2.4766 -0.2801 0.7616, -2.6684 -0.2801 2.0826, -2.6969 -0.2801 2.0708, -2.7559 -0.2801 1.9685, -2.7519 -0.2801 1.9991, -2.7401 -0.2801 2.0276, -2.7213 -0.2801 2.052, -1.4469 0.1136 0.0984, -1.4469 0.1136 0.2953, -1.25 0.3104 0.0984, -1.25 0.3104 0.2953, -1.2938 0.3055 0.0984, -1.2938 0.3055 0.2953, -1.3354 0.2909 0.0984, -1.3354 0.2909 0.2953, -1.3727 0.2675 0.0984, -1.3727 0.2675 0.2953, -1.4039 0.2363 0.0984, -1.4039 0.2363 0.2953, -1.4274 0.199 0.0984, -1.4274 0.199 0.2953, -1.4419 0.1574 0.0984, -1.4419 0.1574 0.2953, 1.5025 0.1136 0.0984, 1.5025 0.1136 0.2953, 1.4976 0.1574 0.0984, 1.4976 0.1574 0.2953, 1.483 0.199 0.0984, 1.483 0.199 0.2953, 1.4596 0.2363 0.0984, 1.4596 0.2363 0.2953, 1.4284 0.2675 0.0984, 1.4284 0.2675 0.2953, 1.3911 0.2909 0.0984, 1.3911 0.2909 0.2953, 1.3495 0.3055 0.0984, 1.3495 0.3055 0.2953, 1.3057 0.3104 0.0984, 1.3057 0.3104 0.2953, 1.5025 -0.2801 0.0984, 1.5025 -0.2801 0.2953, 2.7529 -0.2801 1.9948, 2.7559 -0.2801 1.9685, 2.6641 -0.2801 2.0837, 2.689 -0.2801 2.0749, 2.7114 -0.2801 2.0608, 2.7301 -0.2801 2.0421, 2.7442 -0.2801 2.0198, -2.4035 1.5014 0.0984, -2.7559 1.5014 0.0984, 2.4122 1.5014 0.0984, 2.7559 1.5014 0.0984, -2.7559 0.3104 1.9685, -2.7559 0.3104 0.9601, -1.943 0.3104 0.3135, -1.9074 0.3104 0.2999, -1.8696 0.3104 0.2953, 1.9744 0.3104 0.3352, 2.415 0.3104 0.7278, -2.6416 0.3104 0.8086, -2.4766 0.3104 0.7616, -2.4439 0.3104 0.7482, -2.415 0.3104 0.7278, -1.9744 0.3104 0.3352, 2.4439 0.3104 0.7482, 2.4766 0.3104 0.7616, 2.6416 0.3104 0.8086, -2.7353 0.3104 0.8822, -2.7108 0.3104 0.8498, -2.7507 0.3104 0.9198, -2.6789 0.3104 0.8247, 2.7529 0.3104 1.9948, 2.7442 0.3104 2.0198, 2.7301 0.3104 2.0421, -2.6969 0.3104 2.0708, -2.7213 0.3104 2.052, -2.7401 0.3104 2.0276, 1.8696 0.3104 0.2953, 1.943 0.3104 0.3135, 1.9074 0.3104 0.2999, -2.6684 0.3104 2.0826, -2.7519 0.3104 1.9991, 2.689 0.3104 2.0749, 2.6641 0.3104 2.0837, 2.7559 0.3104 1.9685, 2.7559 0.3104 0.9601, 2.6789 0.3104 0.8247, 2.7108 0.3104 0.8498, 2.7353 0.3104 0.8822, 2.7507 0.3104 0.9198, 2.7114 0.3104 2.0608, 2.7559 -0.2801 0.9601, 2.7507 -0.2801 0.9198, 2.7559 -0.2801 0.0984, 2.7353 -0.2801 0.8822, 2.7108 -0.2801 0.8498, 1.9744 -0.2801 0.3352, 1.943 -0.2801 0.3135, 1.9074 -0.2801 0.2999, 1.8696 -0.2801 0.2953, 2.6789 -0.2801 0.8247, 2.6416 -0.2801 0.8086, 2.4766 -0.2801 0.7616, 2.4439 -0.2801 0.7482, 2.415 -0.2801 0.7278, -2.4035 1.1077 0.0984, 2.4102 1.1077 1.6929, -2.4035 1.1077 1.6929, -2.4035 0.5959 1.6929, 2.4102 0.5959 1.6929, -1.5199 -2.0475 1.1546, -1.5245 -2.048 1.1569, -1.6651 -2.0493 1.1631, -1.515 -2.0471 1.1529, -1.5327 -2.0493 1.1631, -1.5389 -2.0505 1.1713, -1.6588 -2.0505 1.1713, -1.6565 -2.051 1.1759, -1.5442 -2.0518 1.1909, -1.6535 -2.0518 1.1909, -1.5438 -2.0517 1.1858, -1.6539 -2.0517 1.1858, -1.5428 -2.0514 1.1808, -1.5412 -2.051 1.1759, -1.6549 -2.0514 1.1808, 1.7293 -2.051 1.1759, 1.727 -2.0505 1.1713, 1.811 -2.0464 1.1502, 1.811 -2.0518 1.1909, 1.7323 -2.0518 1.1909, 1.7319 -2.0517 1.1858, 1.7309 -2.0514 1.1808, 0.7373 -2.0475 1.1546, 0.7327 -2.048 1.1569, 0.5921 -2.0493 1.1631, 0.7422 -2.0471 1.1529, 0.7246 -2.0493 1.1631, 0.7183 -2.0505 1.1713, 0.5984 -2.0505 1.1713, 0.6007 -2.051 1.1759, 0.713 -2.0518 1.1909, 0.6037 -2.0518 1.1909, 0.7134 -2.0517 1.1858, 0.6033 -2.0517 1.1858, 0.7144 -2.0514 1.1808, 0.716 -2.051 1.1759, 0.6023 -2.0514 1.1808, 0.5492 -2.0475 1.1546, 0.5446 -2.048 1.1569, 0.404 -2.0493 1.1631, 0.5541 -2.0471 1.1529, 0.5365 -2.0493 1.1631, 0.5302 -2.0505 1.1713, 0.4103 -2.0505 1.1713, 0.4126 -2.051 1.1759, 0.5249 -2.0518 1.1909, 0.4156 -2.0518 1.1909, 0.5253 -2.0517 1.1858, 0.4152 -2.0517 1.1858, 0.5263 -2.0514 1.1808, 0.5279 -2.051 1.1759, 0.4142 -2.0514 1.1808, -0.3913 -2.0475 1.1546, -0.3959 -2.048 1.1569, -0.5365 -2.0493 1.1631, -0.3864 -2.0471 1.1529, -0.404 -2.0493 1.1631, -0.4103 -2.0505 1.1713, -0.5302 -2.0505 1.1713, -0.5279 -2.051 1.1759, -0.4156 -2.0518 1.1909, -0.5249 -2.0518 1.1909, -0.4152 -2.0517 1.1858, -0.5253 -2.0517 1.1858, -0.4142 -2.0514 1.1808, -0.4126 -2.051 1.1759, -0.5263 -2.0514 1.1808, -0.5794 -2.0475 1.1546, -0.584 -2.048 1.1569, -0.7246 -2.0493 1.1631, -0.5745 -2.0471 1.1529, -0.5921 -2.0493 1.1631, -0.5984 -2.0505 1.1713, -0.7183 -2.0505 1.1713, -0.716 -2.051 1.1759, -0.6037 -2.0518 1.1909, -0.713 -2.0518 1.1909, -0.6033 -2.0517 1.1858, -0.7134 -2.0517 1.1858, -0.6023 -2.0514 1.1808, -0.6007 -2.051 1.1759, -0.7144 -2.0514 1.1808, 0.3611 -2.0475 1.1546, 0.3565 -2.048 1.1569, 0.2159 -2.0493 1.1631, 0.3484 -2.0493 1.1631, 0.3421 -2.0505 1.1713, 0.2222 -2.0505 1.1713, 0.2245 -2.051 1.1759, 0.3368 -2.0518 1.1909, 0.2275 -2.0518 1.1909, 0.3372 -2.0517 1.1858, 0.2271 -2.0517 1.1858, 0.3382 -2.0514 1.1808, 0.3398 -2.051 1.1759, 0.2261 -2.0514 1.1808, -0.2032 -2.0475 1.1546, -0.2078 -2.048 1.1569, -0.3484 -2.0493 1.1631, -0.2159 -2.0493 1.1631, -0.2222 -2.0505 1.1713, -0.3421 -2.0505 1.1713, -0.3398 -2.051 1.1759, -0.2275 -2.0518 1.1909, -0.3368 -2.0518 1.1909, -0.2271 -2.0517 1.1858, -0.3372 -2.0517 1.1858, -0.2261 -2.0514 1.1808, -0.2245 -2.051 1.1759, -0.3382 -2.0514 1.1808, 0.173 -2.0475 1.1546, 0.1684 -2.048 1.1569, 0.0278 -2.0493 1.1631, 0.1779 -2.0471 1.1529, 0.1603 -2.0493 1.1631, 0.154 -2.0505 1.1713, 0.0341 -2.0505 1.1713, 0.0364 -2.051 1.1759, 0.1487 -2.0518 1.1909, 0.0394 -2.0518 1.1909, 0.1491 -2.0517 1.1858, 0.039 -2.0517 1.1858, 0.1501 -2.0514 1.1808, 0.1517 -2.051 1.1759, 0.038 -2.0514 1.1808, -0.0151 -2.0475 1.1546, -0.0197 -2.048 1.1569, -0.1603 -2.0493 1.1631, -0.0102 -2.0471 1.1529, -0.0278 -2.0493 1.1631, -0.0341 -2.0505 1.1713, -0.154 -2.0505 1.1713, -0.1517 -2.051 1.1759, -0.0394 -2.0518 1.1909, -0.1487 -2.0518 1.1909, -0.039 -2.0517 1.1858, -0.1491 -2.0517 1.1858, -0.038 -2.0514 1.1808, -0.0364 -2.051 1.1759, -0.1501 -2.0514 1.1808, 1.6779 -2.0475 1.1546, 1.6732 -2.048 1.1569, 1.5327 -2.0493 1.1631, 1.6827 -2.0471 1.1529, 1.6651 -2.0493 1.1631, 1.6588 -2.0505 1.1713, 1.5389 -2.0505 1.1713, 1.5412 -2.051 1.1759, 1.6535 -2.0518 1.1909, 1.5442 -2.0518 1.1909, 1.6539 -2.0517 1.1858, 1.5438 -2.0517 1.1858, 1.6549 -2.0514 1.1808, 1.6565 -2.051 1.1759, 1.5428 -2.0514 1.1808, 1.4898 -2.0475 1.1546, 1.4851 -2.048 1.1569, 1.3445 -2.0493 1.1631, 1.477 -2.0493 1.1631, 1.4707 -2.0505 1.1713, 1.3508 -2.0505 1.1713, 1.3531 -2.051 1.1759, 1.4654 -2.0518 1.1909, 1.3561 -2.0518 1.1909, 1.4658 -2.0517 1.1858, 1.3557 -2.0517 1.1858, 1.4668 -2.0514 1.1808, 1.4684 -2.051 1.1759, 1.3547 -2.0514 1.1808, 1.3017 -2.0475 1.1546, 1.297 -2.048 1.1569, 1.1564 -2.0493 1.1631, 1.3065 -2.0471 1.1529, 1.2889 -2.0493 1.1631, 1.2826 -2.0505 1.1713, 1.1627 -2.0505 1.1713, 1.165 -2.051 1.1759, 1.2773 -2.0518 1.1909, 1.168 -2.0518 1.1909, 1.2777 -2.0517 1.1858, 1.1676 -2.0517 1.1858, 1.2787 -2.0514 1.1808, 1.2803 -2.051 1.1759, 1.1666 -2.0514 1.1808, 1.1136 -2.0475 1.1546, 1.1089 -2.048 1.1569, 0.9683 -2.0493 1.1631, 1.1184 -2.0471 1.1529, 1.1008 -2.0493 1.1631, 1.0945 -2.0505 1.1713, 0.9746 -2.0505 1.1713, 0.9769 -2.051 1.1759, 1.0892 -2.0518 1.1909, 0.9799 -2.0518 1.1909, 1.0896 -2.0517 1.1858, 0.9795 -2.0517 1.1858, 1.0906 -2.0514 1.1808, 1.0922 -2.051 1.1759, 0.9785 -2.0514 1.1808, 0.9254 -2.0475 1.1546, 0.9208 -2.048 1.1569, 0.7802 -2.0493 1.1631, 0.9127 -2.0493 1.1631, 0.9064 -2.0505 1.1713, 0.7865 -2.0505 1.1713, 0.7888 -2.051 1.1759, 0.9011 -2.0518 1.1909, 0.7918 -2.0518 1.1909, 0.9015 -2.0517 1.1858, 0.7914 -2.0517 1.1858, 0.9025 -2.0514 1.1808, 0.9041 -2.051 1.1759, 0.7904 -2.0514 1.1808, -0.7675 -2.0475 1.1546, -0.7721 -2.048 1.1569, -0.9127 -2.0493 1.1631, -0.7802 -2.0493 1.1631, -0.7865 -2.0505 1.1713, -0.9064 -2.0505 1.1713, -0.9041 -2.051 1.1759, -0.7918 -2.0518 1.1909, -0.9011 -2.0518 1.1909, -0.7914 -2.0517 1.1858, -0.9015 -2.0517 1.1858, -0.7904 -2.0514 1.1808, -0.7888 -2.051 1.1759, -0.9025 -2.0514 1.1808, -0.9556 -2.0475 1.1546, -0.9602 -2.048 1.1569, -1.1008 -2.0493 1.1631, -0.9507 -2.0471 1.1529, -0.9683 -2.0493 1.1631, -0.9746 -2.0505 1.1713, -1.0945 -2.0505 1.1713, -1.0922 -2.051 1.1759, -0.9799 -2.0518 1.1909, -1.0892 -2.0518 1.1909, -0.9795 -2.0517 1.1858, -1.0896 -2.0517 1.1858, -0.9785 -2.0514 1.1808, -0.9769 -2.051 1.1759, -1.0906 -2.0514 1.1808, -1.1437 -2.0475 1.1546, -1.1483 -2.048 1.1569, -1.2889 -2.0493 1.1631, -1.1388 -2.0471 1.1529, -1.1564 -2.0493 1.1631, -1.1627 -2.0505 1.1713, -1.2826 -2.0505 1.1713, -1.2803 -2.051 1.1759, -1.168 -2.0518 1.1909, -1.2773 -2.0518 1.1909, -1.1676 -2.0517 1.1858, -1.2777 -2.0517 1.1858, -1.1666 -2.0514 1.1808, -1.165 -2.051 1.1759, -1.2787 -2.0514 1.1808, -1.3318 -2.0475 1.1546, -1.3364 -2.048 1.1569, -1.477 -2.0493 1.1631, -1.3445 -2.0493 1.1631, -1.3508 -2.0505 1.1713, -1.4707 -2.0505 1.1713, -1.4684 -2.051 1.1759, -1.3561 -2.0518 1.1909, -1.4654 -2.0518 1.1909, -1.3557 -2.0517 1.1858, -1.4658 -2.0517 1.1858, -1.3547 -2.0514 1.1808, -1.3531 -2.051 1.1759, -1.4668 -2.0514 1.1808, 1.6878 -2.0469 1.1519, 1.5245 -2.048 1.1569, 1.6929 -2.0468 1.1516, 1.7208 -2.0493 1.1631, 1.7126 -2.048 1.1569, 1.708 -2.0475 1.1546, -1.6827 -2.0471 1.1529, -1.6878 -2.0469 1.1519, -1.5048 -2.0468 1.1516, -1.51 -2.0469 1.1519, -1.6732 -2.048 1.1569, -1.6778 -2.0475 1.1546, 1.7031 -2.0471 1.1529, 1.698 -2.0469 1.1519, 1.3318 -2.0475 1.1546, 1.5048 -2.0468 1.1516, 1.3364 -2.048 1.1569, 1.4997 -2.0469 1.1519, 1.4946 -2.0471 1.1529, 1.5199 -2.0475 1.1546, 1.515 -2.0471 1.1529, 1.5099 -2.0469 1.1519, 1.1388 -2.0471 1.1529, 1.1337 -2.0469 1.1519, 1.3167 -2.0468 1.1516, 1.3116 -2.0469 1.1519, 1.1483 -2.048 1.1569, 1.1437 -2.0475 1.1546, 1.1235 -2.0469 1.1519, 0.9602 -2.048 1.1569, 1.1286 -2.0468 1.1516, 0.9556 -2.0475 1.1546, 0.9507 -2.0471 1.1529, -0.9254 -2.0475 1.1546, -0.7524 -2.0468 1.1516, -0.9208 -2.048 1.1569, -0.7576 -2.0469 1.1519, -0.7626 -2.0471 1.1529, -1.1184 -2.0471 1.1529, -1.1235 -2.0469 1.1519, -0.9405 -2.0468 1.1516, -0.9457 -2.0469 1.1519, -1.1089 -2.048 1.1569, -1.1135 -2.0475 1.1546, -1.1338 -2.0469 1.1519, -1.297 -2.048 1.1569, -1.1286 -2.0468 1.1516, -1.3016 -2.0475 1.1546, -1.3065 -2.0471 1.1529, -1.4897 -2.0475 1.1546, -1.3167 -2.0468 1.1516, -1.4851 -2.048 1.1569, -1.3219 -2.0469 1.1519, -1.3269 -2.0471 1.1529, -0.3611 -2.0475 1.1546, -0.1881 -2.0468 1.1516, -0.3565 -2.048 1.1569, -0.1933 -2.0469 1.1519, -0.1983 -2.0471 1.1529, 0.2032 -2.0475 1.1546, 0.3762 -2.0468 1.1516, 0.2078 -2.048 1.1569, 0.371 -2.0469 1.1519, 0.366 -2.0471 1.1529, 0.0102 -2.0471 1.1529, 0.0051 -2.0469 1.1519, 0.1881 -2.0468 1.1516, 0.1829 -2.0469 1.1519, 0.0197 -2.048 1.1569, 0.0151 -2.0475 1.1546, -0.0052 -2.0469 1.1519, -0.1684 -2.048 1.1569, 0.0 -2.0468 1.1516, -0.173 -2.0475 1.1546, -0.1779 -2.0471 1.1529, -0.5541 -2.0471 1.1529, -0.5592 -2.0469 1.1519, -0.3762 -2.0468 1.1516, -0.3814 -2.0469 1.1519, -0.5446 -2.048 1.1569, -0.5492 -2.0475 1.1546, -0.5695 -2.0469 1.1519, -0.7327 -2.048 1.1569, -0.5643 -2.0468 1.1516, -0.7373 -2.0475 1.1546, -0.7422 -2.0471 1.1529, 0.7675 -2.0475 1.1546, 0.9405 -2.0468 1.1516, 0.7721 -2.048 1.1569, 0.9354 -2.0469 1.1519, 0.9303 -2.0471 1.1529, 0.5745 -2.0471 1.1529, 0.5694 -2.0469 1.1519, 0.7524 -2.0468 1.1516, 0.7473 -2.0469 1.1519, 0.584 -2.048 1.1569, 0.5794 -2.0475 1.1546, 0.5592 -2.0469 1.1519, 0.3959 -2.048 1.1569, 0.5643 -2.0468 1.1516, 0.3913 -2.0475 1.1546, 0.3864 -2.0471 1.1529, 1.3218 -2.0469 1.1519, 1.3269 -2.0471 1.1529, 0.7626 -2.0471 1.1529, 0.7575 -2.0469 1.1519, 0.9456 -2.0469 1.1519, 0.1983 -2.0471 1.1529, 0.1932 -2.0469 1.1519, 0.3813 -2.0469 1.1519, -0.366 -2.0471 1.1529, -0.3711 -2.0469 1.1519, -0.183 -2.0469 1.1519, -0.9303 -2.0471 1.1529, -0.9354 -2.0469 1.1519, -0.7473 -2.0469 1.1519, -1.4946 -2.0471 1.1529, -1.4997 -2.0469 1.1519, -1.6929 -2.0468 1.1516, -1.3116 -2.0469 1.1519, -1.6981 -2.0469 1.1519, -1.811 -2.0464 1.1502, -1.7031 -2.0471 1.1529, -1.708 -2.0475 1.1546, -1.7126 -2.048 1.1569, -1.7208 -2.0493 1.1631, -1.727 -2.0505 1.1713, -1.7293 -2.051 1.1759, -1.7309 -2.0514 1.1808, -1.811 -2.0518 1.1909, -1.7319 -2.0517 1.1858, -1.7323 -2.0518 1.1909, -1.811 -2.0307 1.1122, 1.811 -2.0307 1.1122, -1.811 -2.0056 1.0796, 1.811 -2.0056 1.0796, -1.811 -1.973 1.0546, 1.811 -1.973 1.0546, -1.811 -1.935 1.0388, 1.811 -1.935 1.0388, -1.811 -1.8943 1.0335, 1.811 -1.8943 1.0335, 0.3913 -2.0475 1.2273, 0.3959 -2.048 1.225, 0.5365 -2.0493 1.2188, 0.3864 -2.0471 1.229, 0.404 -2.0493 1.2188, 0.4103 -2.0505 1.2106, 0.5302 -2.0505 1.2106, 0.5279 -2.051 1.206, 0.4152 -2.0517 1.1961, 0.5253 -2.0517 1.1961, 0.4142 -2.0514 1.2011, 0.4126 -2.051 1.206, 0.5263 -2.0514 1.2011, 1.5199 -2.0475 1.2273, 1.5245 -2.048 1.225, 1.6651 -2.0493 1.2188, 1.515 -2.0471 1.229, 1.5327 -2.0493 1.2188, 1.5389 -2.0505 1.2106, 1.6588 -2.0505 1.2106, 1.6565 -2.051 1.206, 1.5438 -2.0517 1.1961, 1.6539 -2.0517 1.1961, 1.5428 -2.0514 1.2011, 1.5412 -2.051 1.206, 1.6549 -2.0514 1.2011, 1.1437 -2.0475 1.2273, 1.1483 -2.048 1.225, 1.2889 -2.0493 1.2188, 1.1388 -2.0471 1.229, 1.1564 -2.0493 1.2188, 1.1627 -2.0505 1.2106, 1.2826 -2.0505 1.2106, 1.2803 -2.051 1.206, 1.1676 -2.0517 1.1961, 1.2777 -2.0517 1.1961, 1.1666 -2.0514 1.2011, 1.165 -2.051 1.206, 1.2787 -2.0514 1.2011, 1.3318 -2.0475 1.2273, 1.3364 -2.048 1.225, 1.477 -2.0493 1.2188, 1.3445 -2.0493 1.2188, 1.3508 -2.0505 1.2106, 1.4707 -2.0505 1.2106, 1.4684 -2.051 1.206, 1.3557 -2.0517 1.1961, 1.4658 -2.0517 1.1961, 1.3547 -2.0514 1.2011, 1.3531 -2.051 1.206, 1.4668 -2.0514 1.2011, -0.3611 -2.0475 1.2273, -0.3565 -2.048 1.225, -0.2159 -2.0493 1.2188, -0.3484 -2.0493 1.2188, -0.3421 -2.0505 1.2106, -0.2222 -2.0505 1.2106, -0.2245 -2.051 1.206, -0.3372 -2.0517 1.1961, -0.2271 -2.0517 1.1961, -0.3382 -2.0514 1.2011, -0.3398 -2.051 1.206, -0.2261 -2.0514 1.2011, -1.727 -2.0505 1.2106, -1.7208 -2.0493 1.2188, -1.811 -2.0464 1.2317, -1.7293 -2.051 1.206, -1.7319 -2.0517 1.1961, -1.7309 -2.0514 1.2011, -0.7373 -2.0475 1.2273, -0.7327 -2.048 1.225, -0.5921 -2.0493 1.2188, -0.7422 -2.0471 1.229, -0.7246 -2.0493 1.2188, -0.7183 -2.0505 1.2106, -0.5984 -2.0505 1.2106, -0.6007 -2.051 1.206, -0.7134 -2.0517 1.1961, -0.6033 -2.0517 1.1961, -0.7144 -2.0514 1.2011, -0.716 -2.051 1.206, -0.6023 -2.0514 1.2011, -0.173 -2.0475 1.2273, -0.1684 -2.048 1.225, -0.0278 -2.0493 1.2188, -0.1779 -2.0471 1.229, -0.1603 -2.0493 1.2188, -0.154 -2.0505 1.2106, -0.0341 -2.0505 1.2106, -0.0364 -2.051 1.206, -0.1491 -2.0517 1.1961, -0.039 -2.0517 1.1961, -0.1501 -2.0514 1.2011, -0.1517 -2.051 1.206, -0.038 -2.0514 1.2011, 0.0151 -2.0475 1.2273, 0.0197 -2.048 1.225, 0.1603 -2.0493 1.2188, 0.0102 -2.0471 1.229, 0.0278 -2.0493 1.2188, 0.0341 -2.0505 1.2106, 0.154 -2.0505 1.2106, 0.1517 -2.051 1.206, 0.039 -2.0517 1.1961, 0.1491 -2.0517 1.1961, 0.038 -2.0514 1.2011, 0.0364 -2.051 1.206, 0.1501 -2.0514 1.2011, 0.2032 -2.0475 1.2273, 0.2078 -2.048 1.225, 0.3484 -2.0493 1.2188, 0.2159 -2.0493 1.2188, 0.2222 -2.0505 1.2106, 0.3421 -2.0505 1.2106, 0.3398 -2.051 1.206, 0.2271 -2.0517 1.1961, 0.3372 -2.0517 1.1961, 0.2261 -2.0514 1.2011, 0.2245 -2.051 1.206, 0.3382 -2.0514 1.2011, -1.6779 -2.0475 1.2273, -1.6732 -2.048 1.225, -1.5327 -2.0493 1.2188, -1.6651 -2.0493 1.2188, -1.6588 -2.0505 1.2106, -1.5389 -2.0505 1.2106, -1.5412 -2.051 1.206, -1.6539 -2.0517 1.1961, -1.5438 -2.0517 1.1961, -1.6549 -2.0514 1.2011, -1.6565 -2.051 1.206, -1.5428 -2.0514 1.2011, -1.4898 -2.0475 1.2273, -1.4851 -2.048 1.225, -1.3445 -2.0493 1.2188, -1.477 -2.0493 1.2188, -1.4707 -2.0505 1.2106, -1.3508 -2.0505 1.2106, -1.3531 -2.051 1.206, -1.4658 -2.0517 1.1961, -1.3557 -2.0517 1.1961, -1.4668 -2.0514 1.2011, -1.4684 -2.051 1.206, -1.3547 -2.0514 1.2011, -1.3017 -2.0475 1.2273, -1.297 -2.048 1.225, -1.1564 -2.0493 1.2188, -1.3065 -2.0471 1.229, -1.2889 -2.0493 1.2188, -1.2826 -2.0505 1.2106, -1.1627 -2.0505 1.2106, -1.165 -2.051 1.206, -1.2777 -2.0517 1.1961, -1.1676 -2.0517 1.1961, -1.2787 -2.0514 1.2011, -1.2803 -2.051 1.206, -1.1666 -2.0514 1.2011, -1.1136 -2.0475 1.2273, -1.1089 -2.048 1.225, -0.9683 -2.0493 1.2188, -1.1184 -2.0471 1.229, -1.1008 -2.0493 1.2188, -1.0945 -2.0505 1.2106, -0.9746 -2.0505 1.2106, -0.9769 -2.051 1.206, -1.0896 -2.0517 1.1961, -0.9795 -2.0517 1.1961, -1.0906 -2.0514 1.2011, -1.0922 -2.051 1.206, -0.9785 -2.0514 1.2011, -0.9254 -2.0475 1.2273, -0.9208 -2.048 1.225, -0.7802 -2.0493 1.2188, -0.9127 -2.0493 1.2188, -0.9064 -2.0505 1.2106, -0.7865 -2.0505 1.2106, -0.7888 -2.051 1.206, -0.9015 -2.0517 1.1961, -0.7914 -2.0517 1.1961, -0.9025 -2.0514 1.2011, -0.9041 -2.051 1.206, -0.7904 -2.0514 1.2011, 0.5794 -2.0475 1.2273, 0.584 -2.048 1.225, 0.7246 -2.0493 1.2188, 0.5745 -2.0471 1.229, 0.5921 -2.0493 1.2188, 0.5984 -2.0505 1.2106, 0.7183 -2.0505 1.2106, 0.716 -2.051 1.206, 0.6033 -2.0517 1.1961, 0.7134 -2.0517 1.1961, 0.6023 -2.0514 1.2011, 0.6007 -2.051 1.206, 0.7144 -2.0514 1.2011, 0.7675 -2.0475 1.2273, 0.7721 -2.048 1.225, 0.9127 -2.0493 1.2188, 0.7802 -2.0493 1.2188, 0.7865 -2.0505 1.2106, 0.9064 -2.0505 1.2106, 0.9041 -2.051 1.206, 0.7914 -2.0517 1.1961, 0.9015 -2.0517 1.1961, 0.7904 -2.0514 1.2011, 0.7888 -2.051 1.206, 0.9025 -2.0514 1.2011, 0.9556 -2.0475 1.2273, 0.9602 -2.048 1.225, 1.1008 -2.0493 1.2188, 0.9507 -2.0471 1.229, 0.9683 -2.0493 1.2188, 0.9746 -2.0505 1.2106, 1.0945 -2.0505 1.2106, 1.0922 -2.051 1.206, 0.9795 -2.0517 1.1961, 1.0896 -2.0517 1.1961, 0.9785 -2.0514 1.2011, 0.9769 -2.051 1.206, 1.0906 -2.0514 1.2011, -0.5492 -2.0475 1.2273, -0.5446 -2.048 1.225, -0.404 -2.0493 1.2188, -0.5541 -2.0471 1.229, -0.5365 -2.0493 1.2188, -0.5302 -2.0505 1.2106, -0.4103 -2.0505 1.2106, -0.4126 -2.051 1.206, -0.5253 -2.0517 1.1961, -0.4152 -2.0517 1.1961, -0.5263 -2.0514 1.2011, -0.5279 -2.051 1.206, -0.4142 -2.0514 1.2011, 1.6827 -2.0471 1.229, 1.6878 -2.0469 1.23, 1.5048 -2.0468 1.2303, 1.51 -2.0469 1.23, 1.6732 -2.048 1.225, 1.6778 -2.0475 1.2273, -1.7126 -2.048 1.225, -1.708 -2.0475 1.2273, -1.7031 -2.0471 1.229, 1.1338 -2.0469 1.23, 1.297 -2.048 1.225, 1.1286 -2.0468 1.2303, 1.3016 -2.0475 1.2273, 1.3065 -2.0471 1.229, 0.5695 -2.0469 1.23, 0.7327 -2.048 1.225, 0.5643 -2.0468 1.2303, 0.7373 -2.0475 1.2273, 0.7422 -2.0471 1.229, -1.515 -2.0471 1.229, -1.5099 -2.0469 1.23, -1.5199 -2.0475 1.2273, -1.6929 -2.0468 1.2303, -1.5245 -2.048 1.225, -1.6878 -2.0469 1.23, -1.6827 -2.0471 1.229, -1.698 -2.0469 1.23, -1.3318 -2.0475 1.2273, -1.5048 -2.0468 1.2303, -1.3364 -2.048 1.225, -1.4997 -2.0469 1.23, -1.4946 -2.0471 1.229, -1.1388 -2.0471 1.229, -1.1337 -2.0469 1.23, -1.3167 -2.0468 1.2303, -1.3116 -2.0469 1.23, -1.1483 -2.048 1.225, -1.1437 -2.0475 1.2273, -1.1235 -2.0469 1.23, -0.9602 -2.048 1.225, -1.1286 -2.0468 1.2303, -0.9556 -2.0475 1.2273, -0.9507 -2.0471 1.229, -0.5745 -2.0471 1.229, -0.5694 -2.0469 1.23, -0.7524 -2.0468 1.2303, -0.7473 -2.0469 1.23, -0.584 -2.048 1.225, -0.5794 -2.0475 1.2273, -0.5592 -2.0469 1.23, -0.3959 -2.048 1.225, -0.5643 -2.0468 1.2303, -0.3913 -2.0475 1.2273, -0.3864 -2.0471 1.229, -0.2032 -2.0475 1.2273, -0.3762 -2.0468 1.2303, -0.2078 -2.048 1.225, -0.371 -2.0469 1.23, -0.366 -2.0471 1.229, -0.0102 -2.0471 1.229, -0.0051 -2.0469 1.23, -0.1881 -2.0468 1.2303, -0.1829 -2.0469 1.23, -0.0197 -2.048 1.225, -0.0151 -2.0475 1.2273, 0.0052 -2.0469 1.23, 0.1684 -2.048 1.225, 0.0 -2.0468 1.2303, 0.173 -2.0475 1.2273, 0.1779 -2.0471 1.229, 0.3611 -2.0475 1.2273, 0.1881 -2.0468 1.2303, 0.3565 -2.048 1.225, 0.1933 -2.0469 1.23, 0.1983 -2.0471 1.229, 0.5541 -2.0471 1.229, 0.5592 -2.0469 1.23, 0.3762 -2.0468 1.2303, 0.3814 -2.0469 1.23, 0.5446 -2.048 1.225, 0.5492 -2.0475 1.2273, 0.9254 -2.0475 1.2273, 0.7524 -2.0468 1.2303, 0.9208 -2.048 1.225, 0.7576 -2.0469 1.23, 0.7626 -2.0471 1.229, 1.1184 -2.0471 1.229, 1.1235 -2.0469 1.23, 0.9405 -2.0468 1.2303, 0.9457 -2.0469 1.23, 1.1089 -2.048 1.225, 1.1135 -2.0475 1.2273, 1.4897 -2.0475 1.2273, 1.3167 -2.0468 1.2303, 1.4851 -2.048 1.225, 1.3219 -2.0469 1.23, 1.3269 -2.0471 1.229, -0.7675 -2.0475 1.2273, -0.9405 -2.0468 1.2303, -0.7721 -2.048 1.225, -0.9354 -2.0469 1.23, -0.9303 -2.0471 1.229, -1.3269 -2.0471 1.229, -1.3218 -2.0469 1.23, -0.7626 -2.0471 1.229, -0.7575 -2.0469 1.23, -0.9456 -2.0469 1.23, -0.1983 -2.0471 1.229, -0.1932 -2.0469 1.23, -0.3813 -2.0469 1.23, 0.366 -2.0471 1.229, 0.3711 -2.0469 1.23, 0.183 -2.0469 1.23, 0.9303 -2.0471 1.229, 0.9354 -2.0469 1.23, 0.7473 -2.0469 1.23, 1.4946 -2.0471 1.229, 1.4997 -2.0469 1.23, 1.6929 -2.0468 1.2303, 1.3116 -2.0469 1.23, 1.6981 -2.0469 1.23, 1.811 -2.0464 1.2317, 1.7031 -2.0471 1.229, 1.708 -2.0475 1.2273, 1.7126 -2.048 1.225, 1.7208 -2.0493 1.2188, 1.727 -2.0505 1.2106, 1.7293 -2.051 1.206, 1.7309 -2.0514 1.2011, 1.7319 -2.0517 1.1961, 1.811 -2.0307 1.2697, -1.811 -2.0307 1.2697, 1.811 -2.0056 1.3023, -1.811 -2.0056 1.3023, 1.811 -1.973 1.3273, -1.811 -1.973 1.3273, 1.811 -1.935 1.3431, -1.811 -1.935 1.3431, 1.811 -1.8943 1.3484, -1.811 -1.8943 1.3484, 1.2513 -1.8549 1.0335, 1.2513 0.3104 1.0335, 1.3928 0.3104 1.0335, -0.6313 -1.8549 1.0335, -0.6313 0.3104 1.0335, -0.4928 0.3104 1.0335, 1.629 0.3104 1.0335, 1.811 0.3104 1.0335, 1.629 -1.8549 1.0335, 1.3928 -1.8549 1.0335, 0.4958 -1.8549 1.0335, 0.4958 0.3104 1.0335, 0.6373 0.3104 1.0335, -1.811 0.3104 1.0335, -1.6168 0.3104 1.0335, -1.6168 -1.8549 1.0335, -1.3806 -1.8549 1.0335, 0.8736 0.3104 1.0335, 1.0151 0.3104 1.0335, 0.8736 -1.8549 1.0335, 1.0151 -1.8549 1.0335, -1.3806 0.3104 1.0335, -1.2422 0.3104 1.0335, -1.2422 -1.8549 1.0335, -1.0059 -1.8549 1.0335, -0.4928 -1.8549 1.0335, -0.2566 -1.8549 1.0335, -0.8675 -1.8549 1.0335, -0.8675 0.3104 1.0335, -1.0059 0.3104 1.0335, -0.2566 0.3104 1.0335, -0.1181 0.3104 1.0335, -0.1181 -1.8549 1.0335, 0.1181 -1.8549 1.0335, 0.6373 -1.8549 1.0335, 0.2596 -1.8549 1.0335, 0.2596 0.3104 1.0335, 0.1181 0.3104 1.0335, 1.5748 -1.8549 1.3484, 1.811 -1.8549 1.3484, 0.8224 -1.8549 1.3484, 0.8224 0.3104 1.3484, 0.6824 0.3104 1.3484, 1.5748 0.3104 1.3484, 1.4348 0.3104 1.3484, 1.4348 -1.8549 1.3484, 1.1986 -1.8549 1.3484, 0.07 -1.8549 1.3484, 0.07 0.3104 1.3484, -0.07 0.3104 1.3484, -1.5748 -1.8549 1.3484, -1.811 -1.8549 1.3484, 0.6824 -1.8549 1.3484, 0.4462 -1.8549 1.3484, 1.0586 -1.8549 1.3484, 1.0586 0.3104 1.3484, 1.1986 0.3104 1.3484, -0.07 -1.8549 1.3484, -0.3062 -1.8549 1.3484, 0.4462 0.3104 1.3484, 0.3062 0.3104 1.3484, 0.3062 -1.8549 1.3484, -0.6824 -1.8549 1.3484, -0.6824 0.3104 1.3484, -0.8224 0.3104 1.3484, -0.8224 -1.8549 1.3484, -1.0586 -1.8549 1.3484, -0.4462 -1.8549 1.3484, -0.4462 0.3104 1.3484, -0.3062 0.3104 1.3484, -1.4348 -1.8549 1.3484, -1.4348 0.3104 1.3484, -1.5748 0.3104 1.3484, -1.1986 -1.8549 1.3484, -1.1986 0.3104 1.3484, -1.0586 0.3104 1.3484, -1.2422 0.3104 1.0532, -1.9631 0.3104 1.1502, -1.9685 0.3104 1.1909, -1.811 0.3104 1.3287, 0.07 0.3104 1.3287, -1.5748 0.3104 1.3287, 1.811 0.3104 1.3287, 1.811 0.3104 1.3484, 1.8518 0.3104 1.3431, 1.8898 0.3104 1.3273, 1.9224 0.3104 1.3023, 1.9474 0.3104 1.2697, -1.9631 0.3104 1.2317, -1.9474 0.3104 1.2697, -1.9224 0.3104 1.3023, -0.1181 0.3104 1.0532, -0.2566 0.3104 1.0532, -1.8898 0.3104 1.3273, -1.8518 0.3104 1.3431, -1.811 0.3104 1.3484, -1.4348 0.3104 1.3287, -1.1986 0.3104 1.3287, -1.3806 0.3104 1.0532, 0.3062 0.3104 1.3287, 0.4462 0.3104 1.3287, 0.1181 0.3104 1.0532, -1.6168 0.3104 1.0532, -0.4928 0.3104 1.0532, -0.6313 0.3104 1.0532, -1.8518 0.3104 1.0388, -1.8898 0.3104 1.0546, -0.07 0.3104 1.3287, 0.2596 0.3104 1.0532, 0.4958 0.3104 1.0532, 0.6824 0.3104 1.3287, 0.8224 0.3104 1.3287, -1.9224 0.3104 1.0796, -1.9474 0.3104 1.1122, -0.3062 0.3104 1.3287, 1.0586 0.3104 1.3287, 1.1986 0.3104 1.3287, -0.6824 0.3104 1.3287, -0.4462 0.3104 1.3287, -0.8675 0.3104 1.0532, -1.0586 0.3104 1.3287, -0.8224 0.3104 1.3287, 0.8736 0.3104 1.0532, 0.6373 0.3104 1.0532, 1.629 0.3104 1.0532, 1.4348 0.3104 1.3287, 1.5748 0.3104 1.3287, -1.0059 0.3104 1.0532, 1.2513 0.3104 1.0532, 1.0151 0.3104 1.0532, 1.3928 0.3104 1.0532, 1.8518 0.3104 1.0388, 1.9631 0.3104 1.2317, 1.9685 0.3104 1.1909, 1.9631 0.3104 1.1502, 1.9474 0.3104 1.1122, 1.9224 0.3104 1.0796, 1.8898 0.3104 1.0546, -1.8518 -1.8943 1.0388, -1.8898 -1.8943 1.0546, -1.9224 -1.8943 1.0796, -1.9474 -1.8943 1.1122, -1.9631 -1.8943 1.1502, -1.9685 -1.8943 1.1909, 1.8518 -1.8943 1.0388, 1.8898 -1.8943 1.0546, 1.9224 -1.8943 1.0796, 1.9474 -1.8943 1.1122, 1.9631 -1.8943 1.1502, 1.9685 -1.8943 1.1909, 1.9631 -1.935 1.1909, 1.9474 -1.973 1.1909, 1.958 -1.9337 1.1502, 1.9428 -1.9703 1.1502, 1.9428 -1.9296 1.1122, 1.9291 -1.9625 1.1122, 1.9186 -1.9231 1.0796, 1.9075 -1.95 1.0796, 1.8871 -1.9147 1.0546, 1.8792 -1.9337 1.0546, 1.8504 -1.9048 1.0388, 1.8463 -1.9147 1.0388, 1.9224 -2.0056 1.1909, 1.9186 -2.0019 1.1502, 1.9075 -1.9907 1.1122, 1.8898 -1.973 1.0796, 1.8667 -1.95 1.0546, 1.8398 -1.9231 1.0388, 1.8898 -2.0307 1.1909, 1.8518 -2.0464 1.1909, 1.8871 -2.026 1.1502, 1.8504 -2.0412 1.1502, 1.8792 -2.0124 1.1122, 1.8463 -2.026 1.1122, 1.8667 -1.9907 1.0796, 1.8398 -2.0019 1.0796, 1.8504 -1.9625 1.0546, 1.8314 -1.9703 1.0546, 1.8314 -1.9296 1.0388, 1.8216 -1.9337 1.0388, -1.8518 -2.0464 1.1909, -1.8898 -2.0307 1.1909, -1.8504 -2.0412 1.1502, -1.8871 -2.026 1.1502, -1.8463 -2.026 1.1122, -1.8792 -2.0124 1.1122, -1.8398 -2.0019 1.0796, -1.8667 -1.9907 1.0796, -1.8314 -1.9703 1.0546, -1.8504 -1.9625 1.0546, -1.8216 -1.9337 1.0388, -1.8314 -1.9296 1.0388, -1.9224 -2.0056 1.1909, -1.9186 -2.0019 1.1502, -1.9075 -1.9907 1.1122, -1.8898 -1.973 1.0796, -1.8667 -1.95 1.0546, -1.8398 -1.9231 1.0388, -1.9474 -1.973 1.1909, -1.9631 -1.935 1.1909, -1.9428 -1.9703 1.1502, -1.958 -1.9337 1.1502, -1.9291 -1.9625 1.1122, -1.9428 -1.9296 1.1122, -1.9075 -1.95 1.0796, -1.9186 -1.9231 1.0796, -1.8792 -1.9337 1.0546, -1.8871 -1.9147 1.0546, -1.8463 -1.9147 1.0388, -1.8504 -1.9048 1.0388, -1.8518 -1.8943 1.3431, -1.8898 -1.8943 1.3273, -1.9224 -1.8943 1.3023, -1.9474 -1.8943 1.2697, -1.9631 -1.8943 1.2317, 1.8518 -1.8943 1.3431, 1.8898 -1.8943 1.3273, 1.9224 -1.8943 1.3023, 1.9474 -1.8943 1.2697, 1.9631 -1.8943 1.2317, -1.8504 -2.0412 1.2317, -1.8504 -1.9625 1.3273, -1.8314 -1.9296 1.3431, -1.8398 -1.9231 1.3431, -1.8504 -1.9048 1.3431, -1.8216 -1.9337 1.3431, -1.8314 -1.9703 1.3273, -1.8398 -2.0019 1.3023, -1.8667 -1.95 1.3273, -1.8463 -1.9147 1.3431, -1.8792 -1.9337 1.3273, -1.8871 -1.9147 1.3273, -1.8667 -1.9907 1.3023, -1.8898 -1.973 1.3023, -1.9075 -1.95 1.3023, -1.9186 -1.9231 1.3023, -1.8463 -2.026 1.2697, -1.8792 -2.0124 1.2697, -1.9075 -1.9907 1.2697, -1.9291 -1.9625 1.2697, -1.9428 -1.9296 1.2697, -1.8871 -2.026 1.2317, -1.9186 -2.0019 1.2317, -1.9428 -1.9703 1.2317, -1.958 -1.9337 1.2317, 1.958 -1.9337 1.2317, 1.8792 -1.9337 1.3273, 1.8463 -1.9147 1.3431, 1.8398 -1.9231 1.3431, 1.8216 -1.9337 1.3431, 1.8504 -1.9048 1.3431, 1.8871 -1.9147 1.3273, 1.9186 -1.9231 1.3023, 1.8667 -1.95 1.3273, 1.8314 -1.9296 1.3431, 1.8504 -1.9625 1.3273, 1.8314 -1.9703 1.3273, 1.9075 -1.95 1.3023, 1.8898 -1.973 1.3023, 1.8667 -1.9907 1.3023, 1.8398 -2.0019 1.3023, 1.9428 -1.9296 1.2697, 1.9291 -1.9625 1.2697, 1.9075 -1.9907 1.2697, 1.8792 -2.0124 1.2697, 1.8463 -2.026 1.2697, 1.9428 -1.9703 1.2317, 1.9186 -2.0019 1.2317, 1.8871 -2.026 1.2317, 1.8504 -2.0412 1.2317
            ]
        }
        coordIndex [
            0,1,2,-1,2,1,3,-1,4,5,0,-1,0,5,1,-1,6,7,4,-1,4,7,5,-1,2,3,6,-1,6,3,7,-1,5,7,1,-1,1,7,3,-1,6,4,2,-1,2,4,0,-1,8,9,10,-1,10,9,11,-1,12,9,13,-1,13,9,8,-1,13,8,14,-1,14,8,15,-1,16,17,18,-1,14,15,18,-1,18,15,19,-1,18,19,16,-1,10,11,19,-1,19,11,16,-1,9,12,20,-1,17,16,20,-1,20,16,11,-1,20,11,9,-1,15,8,19,-1,19,8,10,-1,21,20,13,-1,13,20,12,-1,18,21,14,-1,14,21,13,-1,20,21,17,-1,17,21,18,-1,22,23,24,-1,24,25,22,-1,22,25,26,-1,22,26,27,-1,27,28,22,-1,22,28,29,-1,22,29,30,-1,30,31,22,-1,22,31,32,-1,22,32,33,-1,32,34,35,-1,35,36,32,-1,32,36,37,-1,32,37,33,-1,38,39,40,-1,40,39,41,-1,40,41,42,-1,42,41,43,-1,44,45,46,-1,44,46,41,-1,41,46,47,-1,41,47,48,-1,48,49,41,-1,41,49,50,-1,41,50,43,-1,45,51,46,-1,46,51,52,-1,46,52,53,-1,23,39,24,-1,24,39,38,-1,41,39,22,-1,22,39,23,-1,38,40,24,-1,24,40,25,-1,25,40,42,-1,25,42,26,-1,26,42,43,-1,26,43,27,-1,27,43,50,-1,27,50,28,-1,28,50,49,-1,28,49,29,-1,29,49,48,-1,29,48,30,-1,30,48,47,-1,30,47,31,-1,31,47,46,-1,31,46,32,-1,32,46,53,-1,32,53,34,-1,34,53,52,-1,34,52,35,-1,35,52,51,-1,35,51,36,-1,36,51,45,-1,36,45,37,-1,37,45,44,-1,37,44,33,-1,33,44,41,-1,33,41,22,-1,54,55,56,-1,56,55,57,-1,57,58,56,-1,56,58,59,-1,56,59,60,-1,61,62,63,-1,63,62,64,-1,64,65,63,-1,63,65,66,-1,63,66,67,-1,60,68,56,-1,56,68,63,-1,56,63,69,-1,69,63,67,-1,70,71,72,-1,72,71,73,-1,74,75,73,-1,73,75,76,-1,73,76,72,-1,77,78,73,-1,73,78,79,-1,73,79,74,-1,77,80,78,-1,78,80,81,-1,78,81,82,-1,82,83,78,-1,78,83,84,-1,78,84,85,-1,54,71,55,-1,55,71,70,-1,73,71,56,-1,56,71,54,-1,70,72,55,-1,55,72,57,-1,73,56,69,-1,73,69,77,-1,77,69,67,-1,77,67,80,-1,80,67,66,-1,80,66,81,-1,81,66,65,-1,81,65,82,-1,82,65,64,-1,82,64,83,-1,83,64,62,-1,83,62,84,-1,84,62,61,-1,84,61,85,-1,85,61,63,-1,85,63,78,-1,78,63,68,-1,78,68,79,-1,79,68,60,-1,79,60,74,-1,74,60,59,-1,74,59,75,-1,75,59,58,-1,75,58,76,-1,76,58,57,-1,76,57,72,-1,86,87,88,-1,88,87,89,-1,88,89,90,-1,90,89,91,-1,90,72,88,-1,88,72,92,-1,88,92,93,-1,93,92,94,-1,95,96,93,-1,94,97,93,-1,93,97,98,-1,93,98,95,-1,99,100,101,-1,101,100,102,-1,102,103,101,-1,101,103,104,-1,101,104,105,-1,106,101,107,-1,107,101,108,-1,107,108,109,-1,106,110,101,-1,101,110,111,-1,101,111,112,-1,112,113,101,-1,101,113,114,-1,101,114,99,-1,115,96,95,-1,115,95,116,-1,95,117,118,-1,118,119,95,-1,95,119,120,-1,95,120,116,-1,108,121,109,-1,109,121,122,-1,123,124,125,-1,125,124,126,-1,125,126,127,-1,127,126,128,-1,127,128,129,-1,129,128,130,-1,129,130,131,-1,131,130,132,-1,131,132,133,-1,133,132,134,-1,133,134,135,-1,135,134,136,-1,135,136,121,-1,121,136,122,-1,137,138,139,-1,139,138,140,-1,139,140,141,-1,141,140,142,-1,141,142,143,-1,143,142,144,-1,143,144,145,-1,145,144,146,-1,145,146,147,-1,147,146,148,-1,147,148,149,-1,149,148,150,-1,149,150,151,-1,151,150,152,-1,137,153,138,-1,138,153,154,-1,155,156,87,-1,86,157,87,-1,87,157,158,-1,87,158,159,-1,159,160,87,-1,87,160,161,-1,87,161,155,-1,162,163,97,-1,97,163,98,-1,91,89,164,-1,164,89,165,-1,117,95,166,-1,166,95,98,-1,166,98,167,-1,167,98,163,-1,167,163,105,-1,105,163,101,-1,123,151,124,-1,124,151,152,-1,168,169,170,-1,171,172,88,-1,173,174,93,-1,93,174,175,-1,93,175,88,-1,88,175,176,-1,88,176,170,-1,170,176,177,-1,170,177,168,-1,172,178,88,-1,88,178,179,-1,88,179,180,-1,181,182,183,-1,183,182,167,-1,93,166,173,-1,173,166,167,-1,173,167,184,-1,184,167,182,-1,185,186,187,-1,188,189,190,-1,170,124,88,-1,88,124,152,-1,88,152,171,-1,171,152,191,-1,171,191,192,-1,192,191,193,-1,93,194,166,-1,166,194,188,-1,166,188,195,-1,195,188,190,-1,196,197,198,-1,198,197,88,-1,198,88,199,-1,199,88,180,-1,199,180,200,-1,200,201,199,-1,199,201,202,-1,199,202,203,-1,185,187,198,-1,198,187,204,-1,198,204,196,-1,205,206,207,-1,207,206,208,-1,207,208,209,-1,210,211,207,-1,207,211,212,-1,207,212,153,-1,153,212,213,-1,153,213,154,-1,209,214,207,-1,207,214,215,-1,207,215,216,-1,216,217,207,-1,207,217,218,-1,207,218,210,-1,87,156,198,-1,205,207,199,-1,199,207,165,-1,199,165,198,-1,198,165,89,-1,198,89,87,-1,163,162,219,-1,125,127,219,-1,164,165,21,-1,21,165,207,-1,108,101,121,-1,121,101,135,-1,163,219,101,-1,101,219,133,-1,101,133,135,-1,153,137,207,-1,207,137,139,-1,207,139,21,-1,21,139,141,-1,141,143,21,-1,21,143,145,-1,21,145,147,-1,127,129,219,-1,219,129,131,-1,219,131,133,-1,147,149,21,-1,21,149,151,-1,21,151,219,-1,219,151,123,-1,219,123,125,-1,72,90,220,-1,220,90,21,-1,220,21,221,-1,221,21,219,-1,219,162,221,-1,221,162,97,-1,221,97,222,-1,222,97,94,-1,21,90,164,-1,164,90,91,-1,222,94,223,-1,223,94,92,-1,221,222,220,-1,220,222,223,-1,220,223,72,-1,72,223,92,-1,180,215,200,-1,200,215,214,-1,200,214,201,-1,201,214,209,-1,201,209,202,-1,202,209,208,-1,202,208,203,-1,203,208,206,-1,203,206,199,-1,199,206,205,-1,198,156,185,-1,185,156,155,-1,185,155,186,-1,186,155,161,-1,186,161,187,-1,187,161,160,-1,187,160,204,-1,204,160,159,-1,204,159,196,-1,196,159,158,-1,196,158,197,-1,197,158,157,-1,197,157,88,-1,88,157,86,-1,152,150,191,-1,191,150,148,-1,148,146,191,-1,191,146,144,-1,191,144,142,-1,154,213,138,-1,138,213,191,-1,138,191,140,-1,140,191,142,-1,191,213,193,-1,193,213,212,-1,193,212,192,-1,192,212,211,-1,192,211,171,-1,171,211,210,-1,218,172,210,-1,210,172,171,-1,172,218,217,-1,172,217,178,-1,178,217,216,-1,178,216,179,-1,215,180,216,-1,216,180,179,-1,136,134,170,-1,124,170,126,-1,126,170,128,-1,134,132,170,-1,170,132,130,-1,170,130,128,-1,107,109,170,-1,170,109,122,-1,170,122,136,-1,177,111,168,-1,168,111,110,-1,168,110,169,-1,169,110,106,-1,169,106,170,-1,170,106,107,-1,112,111,176,-1,176,111,177,-1,174,114,113,-1,174,113,175,-1,175,113,112,-1,175,112,176,-1,99,114,173,-1,173,114,174,-1,167,105,183,-1,183,105,104,-1,183,104,181,-1,181,104,103,-1,181,103,182,-1,182,103,102,-1,182,102,184,-1,184,102,100,-1,184,100,173,-1,173,100,99,-1,93,96,194,-1,194,96,115,-1,194,115,188,-1,188,115,116,-1,188,116,189,-1,189,116,120,-1,189,120,190,-1,190,120,119,-1,190,119,195,-1,195,119,118,-1,195,118,166,-1,166,118,117,-1,224,225,226,-1,224,226,227,-1,225,228,226,-1,226,228,229,-1,226,229,230,-1,230,229,231,-1,232,233,234,-1,234,233,235,-1,234,235,236,-1,236,235,237,-1,237,235,229,-1,229,235,238,-1,229,238,231,-1,239,240,241,-1,242,243,244,-1,242,244,241,-1,241,244,245,-1,241,245,239,-1,246,247,248,-1,246,248,249,-1,247,250,248,-1,248,250,251,-1,248,251,252,-1,252,251,253,-1,254,255,256,-1,256,255,257,-1,256,257,258,-1,258,257,259,-1,259,257,251,-1,251,257,260,-1,251,260,253,-1,261,262,263,-1,261,263,264,-1,262,265,263,-1,263,265,266,-1,263,266,267,-1,267,266,268,-1,269,270,271,-1,271,270,272,-1,271,272,273,-1,273,272,274,-1,274,272,266,-1,266,272,275,-1,266,275,268,-1,276,277,278,-1,276,278,279,-1,277,280,278,-1,278,280,281,-1,278,281,282,-1,282,281,283,-1,284,285,286,-1,286,285,287,-1,286,287,288,-1,288,287,289,-1,289,287,281,-1,281,287,290,-1,281,290,283,-1,291,292,293,-1,291,293,294,-1,292,295,293,-1,293,295,296,-1,293,296,297,-1,297,296,298,-1,299,300,301,-1,301,300,302,-1,301,302,303,-1,303,302,304,-1,304,302,296,-1,296,302,305,-1,296,305,298,-1,306,307,308,-1,307,309,308,-1,308,309,310,-1,308,310,311,-1,311,310,312,-1,313,314,315,-1,315,314,316,-1,315,316,317,-1,317,316,318,-1,318,316,310,-1,310,316,319,-1,310,319,312,-1,320,321,322,-1,321,323,322,-1,322,323,324,-1,322,324,325,-1,325,324,326,-1,327,328,329,-1,329,328,330,-1,329,330,331,-1,331,330,332,-1,332,330,324,-1,324,330,333,-1,324,333,326,-1,334,335,336,-1,334,336,337,-1,335,338,336,-1,336,338,339,-1,336,339,340,-1,340,339,341,-1,342,343,344,-1,344,343,345,-1,344,345,346,-1,346,345,347,-1,347,345,339,-1,339,345,348,-1,339,348,341,-1,349,350,351,-1,349,351,352,-1,350,353,351,-1,351,353,354,-1,351,354,355,-1,355,354,356,-1,357,358,359,-1,359,358,360,-1,359,360,361,-1,361,360,362,-1,362,360,354,-1,354,360,363,-1,354,363,356,-1,364,365,366,-1,364,366,367,-1,365,368,366,-1,366,368,369,-1,366,369,370,-1,370,369,371,-1,372,373,374,-1,374,373,375,-1,374,375,376,-1,376,375,377,-1,377,375,369,-1,369,375,378,-1,369,378,371,-1,379,380,381,-1,380,382,381,-1,381,382,383,-1,381,383,384,-1,384,383,385,-1,386,387,388,-1,388,387,389,-1,388,389,390,-1,390,389,391,-1,391,389,383,-1,383,389,392,-1,383,392,385,-1,393,394,395,-1,393,395,396,-1,394,397,395,-1,395,397,398,-1,395,398,399,-1,399,398,400,-1,401,402,403,-1,403,402,404,-1,403,404,405,-1,405,404,406,-1,406,404,398,-1,398,404,407,-1,398,407,400,-1,408,409,410,-1,408,410,411,-1,409,412,410,-1,410,412,413,-1,410,413,414,-1,414,413,415,-1,416,417,418,-1,418,417,419,-1,418,419,420,-1,420,419,421,-1,421,419,413,-1,413,419,422,-1,413,422,415,-1,423,424,425,-1,424,426,425,-1,425,426,427,-1,425,427,428,-1,428,427,429,-1,430,431,432,-1,432,431,433,-1,432,433,434,-1,434,433,435,-1,435,433,427,-1,427,433,436,-1,427,436,429,-1,437,438,439,-1,438,440,439,-1,439,440,441,-1,439,441,442,-1,442,441,443,-1,444,445,446,-1,446,445,447,-1,446,447,448,-1,448,447,449,-1,449,447,441,-1,441,447,450,-1,441,450,443,-1,451,452,453,-1,451,453,454,-1,452,455,453,-1,453,455,456,-1,453,456,457,-1,457,456,458,-1,459,460,461,-1,461,460,462,-1,461,462,463,-1,463,462,464,-1,464,462,456,-1,456,462,465,-1,456,465,458,-1,466,467,468,-1,466,468,469,-1,467,470,468,-1,468,470,471,-1,468,471,472,-1,472,471,473,-1,474,475,476,-1,476,475,477,-1,476,477,478,-1,478,477,479,-1,479,477,471,-1,471,477,480,-1,471,480,473,-1,481,482,483,-1,482,484,483,-1,483,484,485,-1,483,485,486,-1,486,485,487,-1,488,489,490,-1,490,489,491,-1,490,491,492,-1,492,491,493,-1,493,491,485,-1,485,491,494,-1,485,494,487,-1,367,366,495,-1,495,366,496,-1,495,496,497,-1,240,498,241,-1,241,498,499,-1,241,499,500,-1,501,502,503,-1,227,226,504,-1,504,226,505,-1,504,505,503,-1,503,505,506,-1,503,506,501,-1,500,507,241,-1,241,507,508,-1,241,508,497,-1,509,510,511,-1,511,510,512,-1,511,512,381,-1,381,512,513,-1,381,513,379,-1,496,514,497,-1,497,514,515,-1,497,515,241,-1,241,515,516,-1,241,516,510,-1,517,518,519,-1,396,395,520,-1,520,395,521,-1,520,521,519,-1,519,521,522,-1,519,522,517,-1,411,410,523,-1,523,410,524,-1,523,524,525,-1,525,524,526,-1,525,526,527,-1,528,529,530,-1,530,529,531,-1,530,531,439,-1,439,531,532,-1,439,532,437,-1,533,534,535,-1,454,453,536,-1,536,453,537,-1,536,537,535,-1,535,537,538,-1,535,538,533,-1,469,468,539,-1,539,468,540,-1,539,540,541,-1,541,540,542,-1,541,542,543,-1,544,545,546,-1,546,545,547,-1,546,547,483,-1,483,547,548,-1,483,548,481,-1,549,550,551,-1,551,550,552,-1,551,552,322,-1,322,552,553,-1,322,553,320,-1,554,555,556,-1,556,555,557,-1,556,557,308,-1,308,557,558,-1,308,558,306,-1,559,560,561,-1,337,336,562,-1,562,336,563,-1,562,563,561,-1,561,563,564,-1,561,564,559,-1,352,351,565,-1,565,351,566,-1,565,566,567,-1,567,566,568,-1,567,568,569,-1,570,571,572,-1,279,278,573,-1,573,278,574,-1,573,574,572,-1,572,574,575,-1,572,575,570,-1,294,293,576,-1,576,293,577,-1,576,577,578,-1,578,577,579,-1,578,579,580,-1,581,582,583,-1,583,582,584,-1,583,584,425,-1,425,584,585,-1,425,585,423,-1,586,587,588,-1,249,248,589,-1,589,248,590,-1,589,590,588,-1,588,590,591,-1,588,591,586,-1,264,263,592,-1,592,263,593,-1,592,593,594,-1,594,593,595,-1,594,595,596,-1,518,525,519,-1,519,525,241,-1,519,241,597,-1,597,241,510,-1,597,510,598,-1,598,510,509,-1,581,599,582,-1,582,599,600,-1,582,600,588,-1,587,594,588,-1,588,594,241,-1,588,241,582,-1,582,241,525,-1,582,525,601,-1,601,525,527,-1,554,602,555,-1,555,602,603,-1,555,603,561,-1,560,567,561,-1,561,567,241,-1,561,241,555,-1,555,241,594,-1,555,594,604,-1,604,594,596,-1,549,605,550,-1,550,605,606,-1,550,606,572,-1,571,578,572,-1,572,578,241,-1,572,241,550,-1,550,241,567,-1,550,567,607,-1,607,567,569,-1,528,608,529,-1,529,608,609,-1,529,609,535,-1,534,541,535,-1,535,541,241,-1,535,241,529,-1,529,241,578,-1,529,578,610,-1,610,578,580,-1,544,611,545,-1,545,611,612,-1,545,612,503,-1,502,613,503,-1,503,613,241,-1,503,241,545,-1,545,241,541,-1,545,541,614,-1,614,541,543,-1,613,615,616,-1,616,615,617,-1,616,617,618,-1,618,619,616,-1,616,619,620,-1,616,620,621,-1,621,622,616,-1,616,622,623,-1,616,623,624,-1,624,623,625,-1,624,625,626,-1,613,616,241,-1,241,616,627,-1,241,627,628,-1,628,627,629,-1,628,629,630,-1,630,629,631,-1,630,631,632,-1,632,631,633,-1,632,633,634,-1,634,633,635,-1,634,635,636,-1,637,638,639,-1,637,639,640,-1,638,641,639,-1,639,641,642,-1,639,642,643,-1,643,642,644,-1,270,269,645,-1,645,269,646,-1,645,646,647,-1,647,646,648,-1,648,646,642,-1,642,646,649,-1,642,649,644,-1,650,651,652,-1,650,652,653,-1,651,654,652,-1,652,654,655,-1,652,655,656,-1,656,655,657,-1,373,372,658,-1,658,372,659,-1,658,659,660,-1,660,659,661,-1,661,659,655,-1,655,659,662,-1,655,662,657,-1,663,664,665,-1,663,665,666,-1,664,667,665,-1,665,667,668,-1,665,668,669,-1,669,668,670,-1,402,401,671,-1,671,401,672,-1,671,672,673,-1,673,672,674,-1,674,672,668,-1,668,672,675,-1,668,675,670,-1,676,677,678,-1,677,679,678,-1,678,679,680,-1,678,680,681,-1,681,680,682,-1,387,386,683,-1,683,386,684,-1,683,684,685,-1,685,684,686,-1,686,684,680,-1,680,684,687,-1,680,687,682,-1,688,689,690,-1,689,691,690,-1,690,691,692,-1,690,692,693,-1,693,692,694,-1,328,327,695,-1,695,327,696,-1,695,696,697,-1,697,696,698,-1,698,696,692,-1,692,696,699,-1,692,699,694,-1,700,701,702,-1,700,702,703,-1,624,626,704,-1,624,704,702,-1,702,704,705,-1,702,705,703,-1,706,707,708,-1,706,708,709,-1,707,710,708,-1,708,710,711,-1,708,711,712,-1,712,711,713,-1,300,299,714,-1,714,299,715,-1,714,715,716,-1,716,715,717,-1,717,715,711,-1,711,715,718,-1,711,718,713,-1,719,720,721,-1,719,721,722,-1,720,723,721,-1,721,723,724,-1,721,724,725,-1,725,724,726,-1,358,357,727,-1,727,357,728,-1,727,728,729,-1,729,728,730,-1,730,728,724,-1,724,728,731,-1,724,731,726,-1,732,733,734,-1,732,734,735,-1,733,736,734,-1,734,736,737,-1,734,737,738,-1,738,737,739,-1,343,342,740,-1,740,342,741,-1,740,741,742,-1,742,741,743,-1,743,741,737,-1,737,741,744,-1,737,744,739,-1,745,746,747,-1,746,748,747,-1,747,748,749,-1,747,749,750,-1,750,749,751,-1,314,313,752,-1,752,313,753,-1,752,753,754,-1,754,753,755,-1,755,753,749,-1,749,753,756,-1,749,756,751,-1,757,758,759,-1,758,760,759,-1,759,760,761,-1,759,761,762,-1,762,761,763,-1,233,232,764,-1,764,232,765,-1,764,765,766,-1,766,765,767,-1,767,765,761,-1,761,765,768,-1,761,768,763,-1,769,770,771,-1,770,772,771,-1,771,772,773,-1,771,773,774,-1,774,773,775,-1,489,488,776,-1,776,488,777,-1,776,777,778,-1,778,777,779,-1,779,777,773,-1,773,777,780,-1,773,780,775,-1,781,782,783,-1,781,783,784,-1,782,785,783,-1,783,785,786,-1,783,786,787,-1,787,786,788,-1,475,474,789,-1,789,474,790,-1,789,790,791,-1,791,790,792,-1,792,790,786,-1,786,790,793,-1,786,793,788,-1,794,795,796,-1,794,796,797,-1,795,798,796,-1,796,798,799,-1,796,799,800,-1,800,799,801,-1,460,459,802,-1,802,459,803,-1,802,803,804,-1,804,803,805,-1,805,803,799,-1,799,803,806,-1,799,806,801,-1,807,808,809,-1,808,810,809,-1,809,810,811,-1,809,811,812,-1,812,811,813,-1,445,444,814,-1,814,444,815,-1,814,815,816,-1,816,815,817,-1,817,815,811,-1,811,815,818,-1,811,818,813,-1,819,820,821,-1,819,821,822,-1,820,823,821,-1,821,823,824,-1,821,824,825,-1,825,824,826,-1,255,254,827,-1,827,254,828,-1,827,828,829,-1,829,828,830,-1,830,828,824,-1,824,828,831,-1,824,831,826,-1,832,833,834,-1,833,835,834,-1,834,835,836,-1,834,836,837,-1,837,836,838,-1,431,430,839,-1,839,430,840,-1,839,840,841,-1,841,840,842,-1,842,840,836,-1,836,840,843,-1,836,843,838,-1,844,845,846,-1,844,846,847,-1,845,848,846,-1,846,848,849,-1,846,849,850,-1,850,849,851,-1,417,416,852,-1,852,416,853,-1,852,853,854,-1,854,853,855,-1,855,853,849,-1,849,853,856,-1,849,856,851,-1,857,858,859,-1,857,859,860,-1,858,861,859,-1,859,861,862,-1,859,862,863,-1,863,862,864,-1,285,284,865,-1,865,284,866,-1,865,866,867,-1,867,866,868,-1,868,866,862,-1,862,866,869,-1,862,869,864,-1,870,871,872,-1,653,652,873,-1,873,652,874,-1,873,874,872,-1,872,874,875,-1,872,875,870,-1,701,876,702,-1,702,876,877,-1,702,877,878,-1,666,665,879,-1,879,665,880,-1,879,880,881,-1,881,880,882,-1,881,882,883,-1,822,821,884,-1,884,821,885,-1,884,885,886,-1,886,885,887,-1,886,887,888,-1,889,890,702,-1,891,892,893,-1,893,892,894,-1,893,894,759,-1,759,894,895,-1,759,895,757,-1,891,889,892,-1,892,889,702,-1,892,702,896,-1,896,702,878,-1,897,898,899,-1,899,898,900,-1,899,900,771,-1,771,900,901,-1,771,901,769,-1,902,903,904,-1,784,783,905,-1,905,783,906,-1,905,906,904,-1,904,906,907,-1,904,907,902,-1,797,796,908,-1,908,796,909,-1,908,909,910,-1,910,909,911,-1,910,911,912,-1,913,914,915,-1,709,708,916,-1,916,708,917,-1,916,917,915,-1,915,917,918,-1,915,918,913,-1,860,859,919,-1,919,859,920,-1,919,920,921,-1,921,920,922,-1,921,922,923,-1,924,925,926,-1,926,925,927,-1,926,927,690,-1,690,927,928,-1,690,928,688,-1,929,930,931,-1,722,721,932,-1,932,721,933,-1,932,933,931,-1,931,933,934,-1,931,934,929,-1,735,734,935,-1,935,734,936,-1,935,936,937,-1,937,936,938,-1,937,938,939,-1,940,941,942,-1,942,941,943,-1,942,943,747,-1,747,943,944,-1,747,944,745,-1,945,946,947,-1,640,639,948,-1,948,639,949,-1,948,949,947,-1,947,949,950,-1,947,950,945,-1,951,952,953,-1,953,952,954,-1,953,954,834,-1,834,954,955,-1,834,955,832,-1,956,957,958,-1,847,846,959,-1,959,846,960,-1,959,960,958,-1,958,960,961,-1,958,961,956,-1,962,963,964,-1,964,963,965,-1,964,965,678,-1,678,965,966,-1,678,966,676,-1,967,968,969,-1,969,968,970,-1,969,970,809,-1,809,970,971,-1,809,971,807,-1,897,972,898,-1,898,972,973,-1,898,973,904,-1,903,910,904,-1,904,910,702,-1,904,702,898,-1,898,702,890,-1,967,974,968,-1,968,974,975,-1,968,975,915,-1,914,921,915,-1,915,921,702,-1,915,702,968,-1,968,702,910,-1,968,910,976,-1,976,910,912,-1,924,977,925,-1,925,977,978,-1,925,978,931,-1,930,937,931,-1,931,937,702,-1,931,702,925,-1,925,702,921,-1,925,921,979,-1,979,921,923,-1,940,980,941,-1,941,980,981,-1,941,981,947,-1,946,886,947,-1,947,886,702,-1,947,702,941,-1,941,702,937,-1,941,937,982,-1,982,937,939,-1,951,983,952,-1,952,983,984,-1,952,984,958,-1,957,881,958,-1,958,881,702,-1,958,702,952,-1,952,702,886,-1,952,886,985,-1,985,886,888,-1,962,986,963,-1,963,986,987,-1,963,987,872,-1,871,988,872,-1,872,988,702,-1,872,702,963,-1,963,702,881,-1,963,881,989,-1,989,881,883,-1,988,990,991,-1,991,990,992,-1,991,992,993,-1,993,994,991,-1,991,994,995,-1,991,995,996,-1,996,997,991,-1,991,997,998,-1,991,998,242,-1,242,998,999,-1,242,999,243,-1,988,991,702,-1,702,991,1000,-1,702,1000,1001,-1,1001,1000,1002,-1,1001,1002,1003,-1,1003,1002,1004,-1,1003,1004,1005,-1,1005,1004,1006,-1,1005,1006,1007,-1,1007,1006,1008,-1,1007,1008,1009,-1,1010,1011,1012,-1,1013,1014,1015,-1,1016,1017,1018,-1,1018,1017,636,-1,1018,636,1019,-1,1020,1021,1022,-1,1023,1024,635,-1,635,1024,1025,-1,635,1025,1026,-1,1027,1028,1029,-1,1029,1028,1030,-1,1031,1032,1026,-1,1026,1032,1033,-1,1026,1033,635,-1,635,1033,1034,-1,1035,1036,635,-1,1015,1035,1013,-1,1013,1035,635,-1,1013,635,1037,-1,1037,635,1034,-1,1037,1034,1038,-1,1038,1034,1039,-1,1040,1041,1036,-1,1036,1041,1042,-1,1036,1042,635,-1,635,1042,1043,-1,1022,1044,1020,-1,1020,1044,635,-1,1020,635,1045,-1,1045,635,1043,-1,1045,1043,1046,-1,1046,1043,1047,-1,1012,1019,1010,-1,1010,1019,636,-1,1010,636,1030,-1,1030,636,635,-1,1030,635,1029,-1,1029,635,1044,-1,1009,1008,1048,-1,1048,1008,1049,-1,1050,1051,1052,-1,1053,1054,1048,-1,1048,1054,1055,-1,1048,1055,1009,-1,1009,1055,1056,-1,1057,1058,1059,-1,1060,1061,1009,-1,1062,1063,1009,-1,1052,1062,1050,-1,1050,1062,1009,-1,1050,1009,1064,-1,1064,1009,1056,-1,1064,1056,1065,-1,1065,1056,1066,-1,1067,1068,1009,-1,1069,1070,1063,-1,1063,1070,1071,-1,1063,1071,1009,-1,1009,1071,1057,-1,1009,1057,1067,-1,1067,1057,1059,-1,1072,1073,1074,-1,1075,1076,1009,-1,1074,1075,1072,-1,1072,1075,1009,-1,1072,1009,1077,-1,1077,1009,1068,-1,1077,1068,1078,-1,1078,1068,1079,-1,1080,1081,1082,-1,1082,1060,1080,-1,1080,1060,1009,-1,1080,1009,1083,-1,1083,1009,1076,-1,1083,1076,1084,-1,1084,1076,1085,-1,1086,1032,1031,-1,1087,1088,1089,-1,1059,1058,1090,-1,1091,1082,1081,-1,1092,1093,1094,-1,1094,1095,1092,-1,1092,1095,1096,-1,1092,1096,1097,-1,1088,1098,1089,-1,1089,1098,1099,-1,1089,1099,1100,-1,1041,1040,1101,-1,1101,1040,1102,-1,1100,1103,1089,-1,1089,1103,1104,-1,1089,1104,1105,-1,1106,1107,1108,-1,1070,1069,1109,-1,1109,1069,1110,-1,1046,1047,1111,-1,1081,1106,1091,-1,1091,1106,1108,-1,1091,1108,1089,-1,1089,1108,1112,-1,1089,1112,1024,-1,1015,1014,1113,-1,1113,1014,1114,-1,1024,1023,1089,-1,1089,1023,1115,-1,1089,1115,1116,-1,1117,1059,1118,-1,1118,1059,1090,-1,1118,1090,1119,-1,1119,1090,1109,-1,1052,1051,1120,-1,1120,1051,1121,-1,1116,1122,1089,-1,1089,1122,1123,-1,1089,1123,1087,-1,1101,1124,1111,-1,1111,1124,1117,-1,1111,1117,1046,-1,1046,1117,1118,-1,1065,1066,1125,-1,1125,1066,1126,-1,1113,1127,1102,-1,1102,1127,1128,-1,1102,1128,1101,-1,1101,1128,1078,-1,1101,1078,1124,-1,1124,1078,1079,-1,1129,1130,1114,-1,1114,1130,1131,-1,1114,1131,1113,-1,1113,1131,1074,-1,1113,1074,1127,-1,1127,1074,1073,-1,1130,1108,1085,-1,1085,1108,1107,-1,1085,1107,1084,-1,1120,1132,1110,-1,1110,1132,1133,-1,1110,1133,1109,-1,1109,1133,1022,-1,1109,1022,1119,-1,1119,1022,1021,-1,1017,1016,1134,-1,1054,1053,1135,-1,1135,1053,1136,-1,1038,1039,1129,-1,1129,1039,1137,-1,1129,1137,1130,-1,1130,1137,1086,-1,1130,1086,1108,-1,1108,1086,1031,-1,1125,1138,1121,-1,1121,1138,1139,-1,1121,1139,1120,-1,1120,1139,1028,-1,1120,1028,1132,-1,1132,1028,1027,-1,1011,1138,1012,-1,1012,1138,1125,-1,1012,1125,1140,-1,1140,1125,1126,-1,1140,1126,1134,-1,1134,1126,1135,-1,1134,1135,1017,-1,1017,1135,1136,-1,1017,1136,1141,-1,1097,1142,1092,-1,1092,1142,1143,-1,1092,1143,1136,-1,1136,1143,1144,-1,1136,1144,1145,-1,1145,1146,1136,-1,1136,1146,1147,-1,1136,1147,1141,-1,1023,635,1148,-1,1023,1148,1115,-1,1115,1148,1149,-1,1115,1149,1116,-1,1116,1149,1150,-1,1116,1150,1122,-1,1122,1150,1151,-1,1122,1151,1123,-1,1123,1151,1152,-1,1123,1152,1087,-1,1087,1152,1153,-1,1087,1153,1088,-1,636,1017,1141,-1,636,1141,1154,-1,1154,1141,1147,-1,1154,1147,1155,-1,1155,1147,1146,-1,1155,1146,1156,-1,1156,1146,1145,-1,1156,1145,1157,-1,1157,1145,1144,-1,1157,1144,1158,-1,1158,1144,1143,-1,1158,1143,1159,-1,1160,1161,1162,-1,1162,1161,1163,-1,1162,1163,1164,-1,1164,1163,1165,-1,1164,1165,1166,-1,1166,1165,1167,-1,1166,1167,1168,-1,1168,1167,1169,-1,1168,1169,1170,-1,1170,1169,1171,-1,1170,1171,636,-1,1161,1172,1163,-1,1163,1172,1173,-1,1163,1173,1165,-1,1165,1173,1174,-1,1165,1174,1167,-1,1167,1174,1175,-1,1167,1175,1169,-1,1169,1175,1176,-1,1169,1176,1171,-1,1171,1176,1177,-1,1171,1177,636,-1,1159,1160,1158,-1,1158,1160,1162,-1,1158,1162,1157,-1,1157,1162,1164,-1,1157,1164,1156,-1,1156,1164,1166,-1,1156,1166,1155,-1,1155,1166,1168,-1,1155,1168,1154,-1,1154,1168,1170,-1,1154,1170,636,-1,1178,1179,1180,-1,1180,1179,1181,-1,1180,1181,1182,-1,1182,1181,1183,-1,1182,1183,1184,-1,1184,1183,1185,-1,1184,1185,1186,-1,1186,1185,1187,-1,1186,1187,1188,-1,1188,1187,1189,-1,1188,1189,636,-1,1179,242,1181,-1,1181,242,241,-1,1181,241,1183,-1,1183,241,628,-1,1183,628,1185,-1,1185,628,630,-1,1185,630,1187,-1,1187,630,632,-1,1187,632,1189,-1,1189,632,634,-1,1189,634,636,-1,1172,1178,1173,-1,1173,1178,1180,-1,1173,1180,1174,-1,1174,1180,1182,-1,1174,1182,1175,-1,1175,1182,1184,-1,1175,1184,1176,-1,1176,1184,1186,-1,1176,1186,1177,-1,1177,1186,1188,-1,1177,1188,636,-1,1190,1191,1192,-1,1192,1191,1193,-1,1192,1193,1194,-1,1194,1193,1195,-1,1194,1195,1196,-1,1196,1195,1197,-1,1196,1197,1198,-1,1198,1197,1199,-1,1198,1199,1200,-1,1200,1199,1201,-1,1200,1201,635,-1,1191,1202,1193,-1,1193,1202,1203,-1,1193,1203,1195,-1,1195,1203,1204,-1,1195,1204,1197,-1,1197,1204,1205,-1,1197,1205,1199,-1,1199,1205,1206,-1,1199,1206,1201,-1,1201,1206,1207,-1,1201,1207,635,-1,624,1190,616,-1,616,1190,1192,-1,616,1192,627,-1,627,1192,1194,-1,627,1194,629,-1,629,1194,1196,-1,629,1196,631,-1,631,1196,1198,-1,631,1198,633,-1,633,1198,1200,-1,633,1200,635,-1,1208,1209,1210,-1,1210,1209,1211,-1,1210,1211,1212,-1,1212,1211,1213,-1,1212,1213,1214,-1,1214,1213,1215,-1,1214,1215,1216,-1,1216,1215,1217,-1,1216,1217,1218,-1,1218,1217,1219,-1,1218,1219,635,-1,1209,1153,1211,-1,1211,1153,1152,-1,1211,1152,1213,-1,1213,1152,1151,-1,1213,1151,1215,-1,1215,1151,1150,-1,1215,1150,1217,-1,1217,1150,1149,-1,1217,1149,1219,-1,1219,1149,1148,-1,1219,1148,635,-1,1202,1208,1203,-1,1203,1208,1210,-1,1203,1210,1204,-1,1204,1210,1212,-1,1204,1212,1205,-1,1205,1212,1214,-1,1205,1214,1206,-1,1206,1214,1216,-1,1206,1216,1207,-1,1207,1216,1218,-1,1207,1218,635,-1,1061,1105,1104,-1,1220,1009,1061,-1,1061,1104,1220,-1,1220,1104,1103,-1,1220,1103,1221,-1,1221,1103,1100,-1,1221,1100,1222,-1,1222,1100,1099,-1,1222,1099,1223,-1,1223,1099,1098,-1,1223,1098,1224,-1,1224,1098,1088,-1,1224,1088,1153,-1,1049,1008,1225,-1,1049,1225,1093,-1,1093,1225,1094,-1,1094,1225,1226,-1,1094,1226,1095,-1,1095,1226,1227,-1,1095,1227,1096,-1,1096,1227,1228,-1,1096,1228,1097,-1,1097,1228,1229,-1,1097,1229,1142,-1,1142,1229,1159,-1,1142,1159,1143,-1,624,702,1230,-1,1231,1232,1233,-1,1009,1220,1234,-1,1233,1232,1009,-1,1235,1009,1232,-1,1235,1232,1236,-1,1236,1232,1231,-1,1236,1231,1237,-1,1007,1009,1235,-1,1238,1239,1240,-1,1240,1239,1234,-1,1240,1234,1241,-1,1241,1234,1220,-1,1241,1220,1221,-1,1007,1235,1005,-1,1005,1235,1236,-1,1005,1236,1003,-1,1003,1236,1237,-1,1003,1237,1001,-1,1242,1238,1243,-1,1243,1238,1240,-1,1243,1240,1244,-1,1244,1240,1241,-1,1244,1241,1245,-1,1245,1241,1221,-1,1245,1221,1222,-1,1246,1242,1247,-1,1247,1242,1243,-1,1247,1243,1248,-1,1248,1243,1244,-1,1248,1244,1249,-1,1249,1244,1245,-1,1249,1245,1250,-1,1250,1245,1222,-1,1250,1222,1223,-1,702,1246,1230,-1,1230,1246,1247,-1,1230,1247,1251,-1,1251,1247,1248,-1,1251,1248,1252,-1,1252,1248,1249,-1,1252,1249,1253,-1,1253,1249,1250,-1,1253,1250,1254,-1,1254,1250,1223,-1,1254,1223,1224,-1,624,1230,1190,-1,1190,1230,1251,-1,1190,1251,1191,-1,1191,1251,1252,-1,1191,1252,1202,-1,1202,1252,1253,-1,1202,1253,1208,-1,1208,1253,1254,-1,1208,1254,1209,-1,1209,1254,1224,-1,1209,1224,1153,-1,1239,1009,1234,-1,702,1001,1246,-1,1246,1001,1237,-1,1246,1237,1242,-1,1242,1237,1231,-1,1242,1231,1238,-1,1238,1231,1233,-1,1238,1233,1239,-1,1239,1233,1009,-1,1159,1229,1255,-1,1256,1257,1258,-1,1008,1006,1259,-1,1258,1257,1008,-1,1260,1008,1257,-1,1260,1257,1261,-1,1261,1257,1256,-1,1261,1256,1262,-1,1225,1008,1260,-1,1263,1264,1265,-1,1265,1264,1259,-1,1265,1259,1266,-1,1266,1259,1006,-1,1266,1006,1004,-1,1225,1260,1226,-1,1226,1260,1261,-1,1226,1261,1227,-1,1227,1261,1262,-1,1227,1262,1228,-1,1267,1263,1268,-1,1268,1263,1265,-1,1268,1265,1269,-1,1269,1265,1266,-1,1269,1266,1270,-1,1270,1266,1004,-1,1270,1004,1002,-1,1271,1267,1272,-1,1272,1267,1268,-1,1272,1268,1273,-1,1273,1268,1269,-1,1273,1269,1274,-1,1274,1269,1270,-1,1274,1270,1275,-1,1275,1270,1002,-1,1275,1002,1000,-1,1229,1271,1255,-1,1255,1271,1272,-1,1255,1272,1276,-1,1276,1272,1273,-1,1276,1273,1277,-1,1277,1273,1274,-1,1277,1274,1278,-1,1278,1274,1275,-1,1278,1275,1279,-1,1279,1275,1000,-1,1279,1000,991,-1,1159,1255,1160,-1,1160,1255,1276,-1,1160,1276,1161,-1,1161,1276,1277,-1,1161,1277,1172,-1,1172,1277,1278,-1,1172,1278,1178,-1,1178,1278,1279,-1,1178,1279,1179,-1,1179,1279,991,-1,1179,991,242,-1,1264,1008,1259,-1,1229,1228,1271,-1,1271,1228,1262,-1,1271,1262,1267,-1,1267,1262,1256,-1,1267,1256,1263,-1,1263,1256,1258,-1,1263,1258,1264,-1,1264,1258,1008,-1,
        ]
    }
}
Shape{
    appearance Appearance {
        material  Material 	{
            diffuseColor 0.8313725490196079 0.6705882352941176 0.12941176470588237
            specularColor 0.6666666666666666 0.5372549019607843 0.10196078431372549
            ambientIntensity 0.657
            transparency 0.0
            shininess 0.5
        }
    }
    geometry IndexedFaceSet {
        ccw TRUE
        solid FALSE
        coord DEF co Coordinate {
            point [
                1.811 -1.8549 1.3287, 1.811 -1.8549 1.3484, 1.811 0.3104 1.3287, 1.811 0.3104 1.3484, 1.5748 0.3104 1.3287, 1.5748 0.3104 1.3484, 1.5748 -1.8549 1.3287, 1.5748 -1.8549 1.3484, -1.5748 -1.8549 1.3287, -1.5748 -1.8549 1.3484, -1.5748 0.3104 1.3287, -1.5748 0.3104 1.3484, -1.811 0.3104 1.3287, -1.811 0.3104 1.3484, -1.811 -1.8549 1.3287, -1.811 -1.8549 1.3484, -1.6168 -1.8549 1.0532, -1.3806 -1.8549 1.0532, -1.6168 -1.8549 1.0335, -1.3806 -1.8549 1.0335, -1.3806 0.3104 1.0532, -1.3806 0.3104 1.0335, -1.6168 0.3104 1.0532, -1.6168 0.3104 1.0335, -1.2422 -1.8549 1.0532, -1.0059 -1.8549 1.0532, -1.2422 -1.8549 1.0335, -1.0059 -1.8549 1.0335, -1.0059 0.3104 1.0532, -1.0059 0.3104 1.0335, -1.2422 0.3104 1.0532, -1.2422 0.3104 1.0335, -1.1986 -1.8549 1.3287, -1.1986 -1.8549 1.3484, -1.1986 0.3104 1.3287, -1.1986 0.3104 1.3484, -1.4348 0.3104 1.3287, -1.4348 0.3104 1.3484, -1.4348 -1.8549 1.3287, -1.4348 -1.8549 1.3484, -0.8224 -1.8549 1.3287, -0.8224 -1.8549 1.3484, -0.8224 0.3104 1.3287, -0.8224 0.3104 1.3484, -1.0586 0.3104 1.3287, -1.0586 0.3104 1.3484, -1.0586 -1.8549 1.3287, -1.0586 -1.8549 1.3484, -0.4462 -1.8549 1.3287, -0.4462 -1.8549 1.3484, -0.4462 0.3104 1.3287, -0.4462 0.3104 1.3484, -0.6824 0.3104 1.3287, -0.6824 0.3104 1.3484, -0.6824 -1.8549 1.3287, -0.6824 -1.8549 1.3484, -0.07 -1.8549 1.3287, -0.07 -1.8549 1.3484, -0.07 0.3104 1.3287, -0.07 0.3104 1.3484, -0.3062 0.3104 1.3287, -0.3062 0.3104 1.3484, -0.3062 -1.8549 1.3287, -0.3062 -1.8549 1.3484, 0.3062 -1.8549 1.3287, 0.3062 -1.8549 1.3484, 0.3062 0.3104 1.3287, 0.3062 0.3104 1.3484, 0.07 0.3104 1.3287, 0.07 0.3104 1.3484, 0.07 -1.8549 1.3287, 0.07 -1.8549 1.3484, 0.6824 -1.8549 1.3287, 0.6824 -1.8549 1.3484, 0.6824 0.3104 1.3287, 0.6824 0.3104 1.3484, 0.4462 0.3104 1.3287, 0.4462 0.3104 1.3484, 0.4462 -1.8549 1.3287, 0.4462 -1.8549 1.3484, 1.0586 -1.8549 1.3287, 1.0586 -1.8549 1.3484, 1.0586 0.3104 1.3287, 1.0586 0.3104 1.3484, 0.8224 0.3104 1.3287, 0.8224 0.3104 1.3484, 0.8224 -1.8549 1.3287, 0.8224 -1.8549 1.3484, 1.4348 -1.8549 1.3287, 1.4348 -1.8549 1.3484, 1.4348 0.3104 1.3287, 1.4348 0.3104 1.3484, 1.1986 0.3104 1.3287, 1.1986 0.3104 1.3484, 1.1986 -1.8549 1.3287, 1.1986 -1.8549 1.3484, -0.8675 -1.8549 1.0532, -0.6313 -1.8549 1.0532, -0.8675 -1.8549 1.0335, -0.6313 -1.8549 1.0335, -0.6313 0.3104 1.0532, -0.6313 0.3104 1.0335, -0.8675 0.3104 1.0532, -0.8675 0.3104 1.0335, -0.4928 -1.8549 1.0532, -0.2566 -1.8549 1.0532, -0.4928 -1.8549 1.0335, -0.2566 -1.8549 1.0335, -0.2566 0.3104 1.0532, -0.2566 0.3104 1.0335, -0.4928 0.3104 1.0532, -0.4928 0.3104 1.0335, 1.3928 -1.8549 1.0532, 1.629 -1.8549 1.0532, 1.3928 -1.8549 1.0335, 1.629 -1.8549 1.0335, 1.629 0.3104 1.0532, 1.629 0.3104 1.0335, 1.3928 0.3104 1.0532, 1.3928 0.3104 1.0335, 1.0151 -1.8549 1.0532, 1.2513 -1.8549 1.0532, 1.0151 -1.8549 1.0335, 1.2513 -1.8549 1.0335, 1.2513 0.3104 1.0532, 1.2513 0.3104 1.0335, 1.0151 0.3104 1.0532, 1.0151 0.3104 1.0335, -0.1181 -1.8549 1.0532, 0.1181 -1.8549 1.0532, -0.1181 -1.8549 1.0335, 0.1181 -1.8549 1.0335, 0.1181 0.3104 1.0532, 0.1181 0.3104 1.0335, -0.1181 0.3104 1.0532, -0.1181 0.3104 1.0335, 0.2596 -1.8549 1.0532, 0.4958 -1.8549 1.0532, 0.2596 -1.8549 1.0335, 0.4958 -1.8549 1.0335, 0.4958 0.3104 1.0532, 0.4958 0.3104 1.0335, 0.2596 0.3104 1.0532, 0.2596 0.3104 1.0335, 0.6373 -1.8549 1.0532, 0.8736 -1.8549 1.0532, 0.6373 -1.8549 1.0335, 0.8736 -1.8549 1.0335, 0.8736 0.3104 1.0532, 0.8736 0.3104 1.0335, 0.6373 0.3104 1.0532, 0.6373 0.3104 1.0335, 1.698 -2.0469 1.1519, 1.7031 -2.0471 1.1529, 1.7031 -2.0419 1.1529, 1.7309 -2.0514 1.1808, 1.7319 -2.0517 1.1858, 1.7309 -2.0419 1.1808, 1.7323 -2.0419 1.1909, 1.7293 -2.051 1.1759, 1.727 -2.0419 1.1713, 1.727 -2.0505 1.1713, 1.7208 -2.0419 1.1631, 1.7208 -2.0493 1.1631, 1.7126 -2.0419 1.1569, 1.7126 -2.048 1.1569, 1.708 -2.0475 1.1546, 1.6929 -2.0468 1.1516, 1.6929 -2.0419 1.1516, 1.6878 -2.0469 1.1519, 1.6827 -2.0419 1.1529, 1.6827 -2.0471 1.1529, 1.6779 -2.0475 1.1546, 1.6732 -2.0419 1.1569, 1.6732 -2.048 1.1569, 1.6651 -2.0419 1.1631, 1.6651 -2.0493 1.1631, 1.6588 -2.0419 1.1713, 1.6588 -2.0505 1.1713, 1.6565 -2.051 1.1759, 1.6549 -2.0419 1.1808, 1.6549 -2.0514 1.1808, 1.6539 -2.0517 1.1858, 1.6535 -2.0419 1.1909, 1.6535 -2.0518 1.1909, 1.6539 -2.0517 1.1961, 1.6549 -2.0419 1.2011, 1.6549 -2.0514 1.2011, 1.6565 -2.051 1.206, 1.6588 -2.0419 1.2106, 1.6588 -2.0505 1.2106, 1.6651 -2.0419 1.2188, 1.6651 -2.0493 1.2188, 1.6732 -2.0419 1.225, 1.6732 -2.048 1.225, 1.6827 -2.0419 1.229, 1.6827 -2.0471 1.229, 1.6778 -2.0475 1.2273, 1.7031 -2.0419 1.229, 1.6981 -2.0469 1.23, 1.6929 -2.0419 1.2303, 1.6929 -2.0468 1.2303, 1.6878 -2.0469 1.23, 1.727 -2.0419 1.2106, 1.7208 -2.0493 1.2188, 1.7208 -2.0419 1.2188, 1.7126 -2.048 1.225, 1.7126 -2.0419 1.225, 1.708 -2.0475 1.2273, 1.7031 -2.0471 1.229, 1.7309 -2.0419 1.2011, 1.7293 -2.051 1.206, 1.727 -2.0505 1.2106, 1.7323 -2.0518 1.1909, 1.7319 -2.0517 1.1961, 1.7309 -2.0514 1.2011, 1.6929 -2.0419 1.1909, 1.5099 -2.0469 1.1519, 1.515 -2.0471 1.1529, 1.515 -2.0419 1.1529, 1.5428 -2.0514 1.1808, 1.5438 -2.0517 1.1858, 1.5428 -2.0419 1.1808, 1.5442 -2.0419 1.1909, 1.5412 -2.051 1.1759, 1.5389 -2.0419 1.1713, 1.5389 -2.0505 1.1713, 1.5327 -2.0419 1.1631, 1.5327 -2.0493 1.1631, 1.5245 -2.0419 1.1569, 1.5245 -2.048 1.1569, 1.5199 -2.0475 1.1546, 1.5048 -2.0468 1.1516, 1.5048 -2.0419 1.1516, 1.4997 -2.0469 1.1519, 1.4946 -2.0419 1.1529, 1.4946 -2.0471 1.1529, 1.4898 -2.0475 1.1546, 1.4851 -2.0419 1.1569, 1.4851 -2.048 1.1569, 1.477 -2.0419 1.1631, 1.477 -2.0493 1.1631, 1.4707 -2.0419 1.1713, 1.4707 -2.0505 1.1713, 1.4684 -2.051 1.1759, 1.4668 -2.0419 1.1808, 1.4668 -2.0514 1.1808, 1.4658 -2.0517 1.1858, 1.4654 -2.0419 1.1909, 1.4654 -2.0518 1.1909, 1.4658 -2.0517 1.1961, 1.4668 -2.0419 1.2011, 1.4668 -2.0514 1.2011, 1.4684 -2.051 1.206, 1.4707 -2.0419 1.2106, 1.4707 -2.0505 1.2106, 1.477 -2.0419 1.2188, 1.477 -2.0493 1.2188, 1.4851 -2.0419 1.225, 1.4851 -2.048 1.225, 1.4946 -2.0419 1.229, 1.4946 -2.0471 1.229, 1.4897 -2.0475 1.2273, 1.515 -2.0419 1.229, 1.51 -2.0469 1.23, 1.5048 -2.0419 1.2303, 1.5048 -2.0468 1.2303, 1.4997 -2.0469 1.23, 1.5389 -2.0419 1.2106, 1.5327 -2.0493 1.2188, 1.5327 -2.0419 1.2188, 1.5245 -2.048 1.225, 1.5245 -2.0419 1.225, 1.5199 -2.0475 1.2273, 1.515 -2.0471 1.229, 1.5428 -2.0419 1.2011, 1.5412 -2.051 1.206, 1.5389 -2.0505 1.2106, 1.5442 -2.0518 1.1909, 1.5438 -2.0517 1.1961, 1.5428 -2.0514 1.2011, 1.5048 -2.0419 1.1909, 1.3218 -2.0469 1.1519, 1.3269 -2.0471 1.1529, 1.3269 -2.0419 1.1529, 1.3547 -2.0514 1.1808, 1.3557 -2.0517 1.1858, 1.3547 -2.0419 1.1808, 1.3561 -2.0419 1.1909, 1.3531 -2.051 1.1759, 1.3508 -2.0419 1.1713, 1.3508 -2.0505 1.1713, 1.3445 -2.0419 1.1631, 1.3445 -2.0493 1.1631, 1.3364 -2.0419 1.1569, 1.3364 -2.048 1.1569, 1.3318 -2.0475 1.1546, 1.3167 -2.0468 1.1516, 1.3167 -2.0419 1.1516, 1.3116 -2.0469 1.1519, 1.3065 -2.0419 1.1529, 1.3065 -2.0471 1.1529, 1.3017 -2.0475 1.1546, 1.297 -2.0419 1.1569, 1.297 -2.048 1.1569, 1.2889 -2.0419 1.1631, 1.2889 -2.0493 1.1631, 1.2826 -2.0419 1.1713, 1.2826 -2.0505 1.1713, 1.2803 -2.051 1.1759, 1.2787 -2.0419 1.1808, 1.2787 -2.0514 1.1808, 1.2777 -2.0517 1.1858, 1.2773 -2.0419 1.1909, 1.2773 -2.0518 1.1909, 1.2777 -2.0517 1.1961, 1.2787 -2.0419 1.2011, 1.2787 -2.0514 1.2011, 1.2803 -2.051 1.206, 1.2826 -2.0419 1.2106, 1.2826 -2.0505 1.2106, 1.2889 -2.0419 1.2188, 1.2889 -2.0493 1.2188, 1.297 -2.0419 1.225, 1.297 -2.048 1.225, 1.3065 -2.0419 1.229, 1.3065 -2.0471 1.229, 1.3016 -2.0475 1.2273, 1.3269 -2.0419 1.229, 1.3219 -2.0469 1.23, 1.3167 -2.0419 1.2303, 1.3167 -2.0468 1.2303, 1.3116 -2.0469 1.23, 1.3508 -2.0419 1.2106, 1.3445 -2.0493 1.2188, 1.3445 -2.0419 1.2188, 1.3364 -2.048 1.225, 1.3364 -2.0419 1.225, 1.3318 -2.0475 1.2273, 1.3269 -2.0471 1.229, 1.3547 -2.0419 1.2011, 1.3531 -2.051 1.206, 1.3508 -2.0505 1.2106, 1.3561 -2.0518 1.1909, 1.3557 -2.0517 1.1961, 1.3547 -2.0514 1.2011, 1.3167 -2.0419 1.1909, 1.1337 -2.0469 1.1519, 1.1388 -2.0471 1.1529, 1.1388 -2.0419 1.1529, 1.1666 -2.0514 1.1808, 1.1676 -2.0517 1.1858, 1.1666 -2.0419 1.1808, 1.168 -2.0419 1.1909, 1.165 -2.051 1.1759, 1.1627 -2.0419 1.1713, 1.1627 -2.0505 1.1713, 1.1564 -2.0419 1.1631, 1.1564 -2.0493 1.1631, 1.1483 -2.0419 1.1569, 1.1483 -2.048 1.1569, 1.1437 -2.0475 1.1546, 1.1286 -2.0468 1.1516, 1.1286 -2.0419 1.1516, 1.1235 -2.0469 1.1519, 1.1184 -2.0419 1.1529, 1.1184 -2.0471 1.1529, 1.1136 -2.0475 1.1546, 1.1089 -2.0419 1.1569, 1.1089 -2.048 1.1569, 1.1008 -2.0419 1.1631, 1.1008 -2.0493 1.1631, 1.0945 -2.0419 1.1713, 1.0945 -2.0505 1.1713, 1.0922 -2.051 1.1759, 1.0906 -2.0419 1.1808, 1.0906 -2.0514 1.1808, 1.0896 -2.0517 1.1858, 1.0892 -2.0419 1.1909, 1.0892 -2.0518 1.1909, 1.0896 -2.0517 1.1961, 1.0906 -2.0419 1.2011, 1.0906 -2.0514 1.2011, 1.0922 -2.051 1.206, 1.0945 -2.0419 1.2106, 1.0945 -2.0505 1.2106, 1.1008 -2.0419 1.2188, 1.1008 -2.0493 1.2188, 1.1089 -2.0419 1.225, 1.1089 -2.048 1.225, 1.1184 -2.0419 1.229, 1.1184 -2.0471 1.229, 1.1135 -2.0475 1.2273, 1.1388 -2.0419 1.229, 1.1338 -2.0469 1.23, 1.1286 -2.0419 1.2303, 1.1286 -2.0468 1.2303, 1.1235 -2.0469 1.23, 1.1627 -2.0419 1.2106, 1.1564 -2.0493 1.2188, 1.1564 -2.0419 1.2188, 1.1483 -2.048 1.225, 1.1483 -2.0419 1.225, 1.1437 -2.0475 1.2273, 1.1388 -2.0471 1.229, 1.1666 -2.0419 1.2011, 1.165 -2.051 1.206, 1.1627 -2.0505 1.2106, 1.168 -2.0518 1.1909, 1.1676 -2.0517 1.1961, 1.1666 -2.0514 1.2011, 1.1286 -2.0419 1.1909, 0.9456 -2.0469 1.1519, 0.9507 -2.0471 1.1529, 0.9507 -2.0419 1.1529, 0.9785 -2.0514 1.1808, 0.9795 -2.0517 1.1858, 0.9785 -2.0419 1.1808, 0.9799 -2.0419 1.1909, 0.9769 -2.051 1.1759, 0.9746 -2.0419 1.1713, 0.9746 -2.0505 1.1713, 0.9683 -2.0419 1.1631, 0.9683 -2.0493 1.1631, 0.9602 -2.0419 1.1569, 0.9602 -2.048 1.1569, 0.9556 -2.0475 1.1546, 0.9405 -2.0468 1.1516, 0.9405 -2.0419 1.1516, 0.9354 -2.0469 1.1519, 0.9303 -2.0419 1.1529, 0.9303 -2.0471 1.1529, 0.9254 -2.0475 1.1546, 0.9208 -2.0419 1.1569, 0.9208 -2.048 1.1569, 0.9127 -2.0419 1.1631, 0.9127 -2.0493 1.1631, 0.9064 -2.0419 1.1713, 0.9064 -2.0505 1.1713, 0.9041 -2.051 1.1759, 0.9025 -2.0419 1.1808, 0.9025 -2.0514 1.1808, 0.9015 -2.0517 1.1858, 0.9011 -2.0419 1.1909, 0.9011 -2.0518 1.1909, 0.9015 -2.0517 1.1961, 0.9025 -2.0419 1.2011, 0.9025 -2.0514 1.2011, 0.9041 -2.051 1.206, 0.9064 -2.0419 1.2106, 0.9064 -2.0505 1.2106, 0.9127 -2.0419 1.2188, 0.9127 -2.0493 1.2188, 0.9208 -2.0419 1.225, 0.9208 -2.048 1.225, 0.9303 -2.0419 1.229, 0.9303 -2.0471 1.229, 0.9254 -2.0475 1.2273, 0.9507 -2.0419 1.229, 0.9457 -2.0469 1.23, 0.9405 -2.0419 1.2303, 0.9405 -2.0468 1.2303, 0.9354 -2.0469 1.23, 0.9746 -2.0419 1.2106, 0.9683 -2.0493 1.2188, 0.9683 -2.0419 1.2188, 0.9602 -2.048 1.225, 0.9602 -2.0419 1.225, 0.9556 -2.0475 1.2273, 0.9507 -2.0471 1.229, 0.9785 -2.0419 1.2011, 0.9769 -2.051 1.206, 0.9746 -2.0505 1.2106, 0.9799 -2.0518 1.1909, 0.9795 -2.0517 1.1961, 0.9785 -2.0514 1.2011, 0.9405 -2.0419 1.1909, 0.7575 -2.0469 1.1519, 0.7626 -2.0471 1.1529, 0.7626 -2.0419 1.1529, 0.7904 -2.0514 1.1808, 0.7914 -2.0517 1.1858, 0.7904 -2.0419 1.1808, 0.7918 -2.0419 1.1909, 0.7888 -2.051 1.1759, 0.7865 -2.0419 1.1713, 0.7865 -2.0505 1.1713, 0.7802 -2.0419 1.1631, 0.7802 -2.0493 1.1631, 0.7721 -2.0419 1.1569, 0.7721 -2.048 1.1569, 0.7675 -2.0475 1.1546, 0.7524 -2.0468 1.1516, 0.7524 -2.0419 1.1516, 0.7473 -2.0469 1.1519, 0.7422 -2.0419 1.1529, 0.7422 -2.0471 1.1529, 0.7373 -2.0475 1.1546, 0.7327 -2.0419 1.1569, 0.7327 -2.048 1.1569, 0.7246 -2.0419 1.1631, 0.7246 -2.0493 1.1631, 0.7183 -2.0419 1.1713, 0.7183 -2.0505 1.1713, 0.716 -2.051 1.1759, 0.7144 -2.0419 1.1808, 0.7144 -2.0514 1.1808, 0.7134 -2.0517 1.1858, 0.713 -2.0419 1.1909, 0.713 -2.0518 1.1909, 0.7134 -2.0517 1.1961, 0.7144 -2.0419 1.2011, 0.7144 -2.0514 1.2011, 0.716 -2.051 1.206, 0.7183 -2.0419 1.2106, 0.7183 -2.0505 1.2106, 0.7246 -2.0419 1.2188, 0.7246 -2.0493 1.2188, 0.7327 -2.0419 1.225, 0.7327 -2.048 1.225, 0.7422 -2.0419 1.229, 0.7422 -2.0471 1.229, 0.7373 -2.0475 1.2273, 0.7626 -2.0419 1.229, 0.7576 -2.0469 1.23, 0.7524 -2.0419 1.2303, 0.7524 -2.0468 1.2303, 0.7473 -2.0469 1.23, 0.7865 -2.0419 1.2106, 0.7802 -2.0493 1.2188, 0.7802 -2.0419 1.2188, 0.7721 -2.048 1.225, 0.7721 -2.0419 1.225, 0.7675 -2.0475 1.2273, 0.7626 -2.0471 1.229, 0.7904 -2.0419 1.2011, 0.7888 -2.051 1.206, 0.7865 -2.0505 1.2106, 0.7918 -2.0518 1.1909, 0.7914 -2.0517 1.1961, 0.7904 -2.0514 1.2011, 0.7524 -2.0419 1.1909, 0.5694 -2.0469 1.1519, 0.5745 -2.0471 1.1529, 0.5745 -2.0419 1.1529, 0.6023 -2.0514 1.1808, 0.6033 -2.0517 1.1858, 0.6023 -2.0419 1.1808, 0.6037 -2.0419 1.1909, 0.6007 -2.051 1.1759, 0.5984 -2.0419 1.1713, 0.5984 -2.0505 1.1713, 0.5921 -2.0419 1.1631, 0.5921 -2.0493 1.1631, 0.584 -2.0419 1.1569, 0.584 -2.048 1.1569, 0.5794 -2.0475 1.1546, 0.5643 -2.0468 1.1516, 0.5643 -2.0419 1.1516, 0.5592 -2.0469 1.1519, 0.5541 -2.0419 1.1529, 0.5541 -2.0471 1.1529, 0.5492 -2.0475 1.1546, 0.5446 -2.0419 1.1569, 0.5446 -2.048 1.1569, 0.5365 -2.0419 1.1631, 0.5365 -2.0493 1.1631, 0.5302 -2.0419 1.1713, 0.5302 -2.0505 1.1713, 0.5279 -2.051 1.1759, 0.5263 -2.0419 1.1808, 0.5263 -2.0514 1.1808, 0.5253 -2.0517 1.1858, 0.5249 -2.0419 1.1909, 0.5249 -2.0518 1.1909, 0.5253 -2.0517 1.1961, 0.5263 -2.0419 1.2011, 0.5263 -2.0514 1.2011, 0.5279 -2.051 1.206, 0.5302 -2.0419 1.2106, 0.5302 -2.0505 1.2106, 0.5365 -2.0419 1.2188, 0.5365 -2.0493 1.2188, 0.5446 -2.0419 1.225, 0.5446 -2.048 1.225, 0.5541 -2.0419 1.229, 0.5541 -2.0471 1.229, 0.5492 -2.0475 1.2273, 0.5745 -2.0419 1.229, 0.5695 -2.0469 1.23, 0.5643 -2.0419 1.2303, 0.5643 -2.0468 1.2303, 0.5592 -2.0469 1.23, 0.5984 -2.0419 1.2106, 0.5921 -2.0493 1.2188, 0.5921 -2.0419 1.2188, 0.584 -2.048 1.225, 0.584 -2.0419 1.225, 0.5794 -2.0475 1.2273, 0.5745 -2.0471 1.229, 0.6023 -2.0419 1.2011, 0.6007 -2.051 1.206, 0.5984 -2.0505 1.2106, 0.6037 -2.0518 1.1909, 0.6033 -2.0517 1.1961, 0.6023 -2.0514 1.2011, 0.5643 -2.0419 1.1909, 0.3813 -2.0469 1.1519, 0.3864 -2.0471 1.1529, 0.3864 -2.0419 1.1529, 0.4142 -2.0514 1.1808, 0.4152 -2.0517 1.1858, 0.4142 -2.0419 1.1808, 0.4156 -2.0419 1.1909, 0.4126 -2.051 1.1759, 0.4103 -2.0419 1.1713, 0.4103 -2.0505 1.1713, 0.404 -2.0419 1.1631, 0.404 -2.0493 1.1631, 0.3959 -2.0419 1.1569, 0.3959 -2.048 1.1569, 0.3913 -2.0475 1.1546, 0.3762 -2.0468 1.1516, 0.3762 -2.0419 1.1516, 0.371 -2.0469 1.1519, 0.366 -2.0419 1.1529, 0.366 -2.0471 1.1529, 0.3611 -2.0475 1.1546, 0.3565 -2.0419 1.1569, 0.3565 -2.048 1.1569, 0.3484 -2.0419 1.1631, 0.3484 -2.0493 1.1631, 0.3421 -2.0419 1.1713, 0.3421 -2.0505 1.1713, 0.3398 -2.051 1.1759, 0.3382 -2.0419 1.1808, 0.3382 -2.0514 1.1808, 0.3372 -2.0517 1.1858, 0.3368 -2.0419 1.1909, 0.3368 -2.0518 1.1909, 0.3372 -2.0517 1.1961, 0.3382 -2.0419 1.2011, 0.3382 -2.0514 1.2011, 0.3398 -2.051 1.206, 0.3421 -2.0419 1.2106, 0.3421 -2.0505 1.2106, 0.3484 -2.0419 1.2188, 0.3484 -2.0493 1.2188, 0.3565 -2.0419 1.225, 0.3565 -2.048 1.225, 0.366 -2.0419 1.229, 0.366 -2.0471 1.229, 0.3611 -2.0475 1.2273, 0.3864 -2.0419 1.229, 0.3814 -2.0469 1.23, 0.3762 -2.0419 1.2303, 0.3762 -2.0468 1.2303, 0.3711 -2.0469 1.23, 0.4103 -2.0419 1.2106, 0.404 -2.0493 1.2188, 0.404 -2.0419 1.2188, 0.3959 -2.048 1.225, 0.3959 -2.0419 1.225, 0.3913 -2.0475 1.2273, 0.3864 -2.0471 1.229, 0.4142 -2.0419 1.2011, 0.4126 -2.051 1.206, 0.4103 -2.0505 1.2106, 0.4156 -2.0518 1.1909, 0.4152 -2.0517 1.1961, 0.4142 -2.0514 1.2011, 0.3762 -2.0419 1.1909, 0.1932 -2.0469 1.1519, 0.1983 -2.0471 1.1529, 0.1983 -2.0419 1.1529, 0.2261 -2.0514 1.1808, 0.2271 -2.0517 1.1858, 0.2261 -2.0419 1.1808, 0.2275 -2.0419 1.1909, 0.2245 -2.051 1.1759, 0.2222 -2.0419 1.1713, 0.2222 -2.0505 1.1713, 0.2159 -2.0419 1.1631, 0.2159 -2.0493 1.1631, 0.2078 -2.0419 1.1569, 0.2078 -2.048 1.1569, 0.2032 -2.0475 1.1546, 0.1881 -2.0468 1.1516, 0.1881 -2.0419 1.1516, 0.1829 -2.0469 1.1519, 0.1779 -2.0419 1.1529, 0.1779 -2.0471 1.1529, 0.173 -2.0475 1.1546, 0.1684 -2.0419 1.1569, 0.1684 -2.048 1.1569, 0.1603 -2.0419 1.1631, 0.1603 -2.0493 1.1631, 0.154 -2.0419 1.1713, 0.154 -2.0505 1.1713, 0.1517 -2.051 1.1759, 0.1501 -2.0419 1.1808, 0.1501 -2.0514 1.1808, 0.1491 -2.0517 1.1858, 0.1487 -2.0419 1.1909, 0.1487 -2.0518 1.1909, 0.1491 -2.0517 1.1961, 0.1501 -2.0419 1.2011, 0.1501 -2.0514 1.2011, 0.1517 -2.051 1.206, 0.154 -2.0419 1.2106, 0.154 -2.0505 1.2106, 0.1603 -2.0419 1.2188, 0.1603 -2.0493 1.2188, 0.1684 -2.0419 1.225, 0.1684 -2.048 1.225, 0.1779 -2.0419 1.229, 0.1779 -2.0471 1.229, 0.173 -2.0475 1.2273, 0.1983 -2.0419 1.229, 0.1933 -2.0469 1.23, 0.1881 -2.0419 1.2303, 0.1881 -2.0468 1.2303, 0.183 -2.0469 1.23, 0.2222 -2.0419 1.2106, 0.2159 -2.0493 1.2188, 0.2159 -2.0419 1.2188, 0.2078 -2.048 1.225, 0.2078 -2.0419 1.225, 0.2032 -2.0475 1.2273, 0.1983 -2.0471 1.229, 0.2261 -2.0419 1.2011, 0.2245 -2.051 1.206, 0.2222 -2.0505 1.2106, 0.2275 -2.0518 1.1909, 0.2271 -2.0517 1.1961, 0.2261 -2.0514 1.2011, 0.1881 -2.0419 1.1909, 0.0051 -2.0469 1.1519, 0.0102 -2.0471 1.1529, 0.0102 -2.0419 1.1529, 0.038 -2.0514 1.1808, 0.039 -2.0517 1.1858, 0.038 -2.0419 1.1808, 0.0394 -2.0419 1.1909, 0.0364 -2.051 1.1759, 0.0341 -2.0419 1.1713, 0.0341 -2.0505 1.1713, 0.0278 -2.0419 1.1631, 0.0278 -2.0493 1.1631, 0.0197 -2.0419 1.1569, 0.0197 -2.048 1.1569, 0.0151 -2.0475 1.1546, 0.0 -2.0468 1.1516, 0.0 -2.0419 1.1516, -0.0052 -2.0469 1.1519, -0.0102 -2.0419 1.1529, -0.0102 -2.0471 1.1529, -0.0151 -2.0475 1.1546, -0.0197 -2.0419 1.1569, -0.0197 -2.048 1.1569, -0.0278 -2.0419 1.1631, -0.0278 -2.0493 1.1631, -0.0341 -2.0419 1.1713, -0.0341 -2.0505 1.1713, -0.0364 -2.051 1.1759, -0.038 -2.0419 1.1808, -0.038 -2.0514 1.1808, -0.039 -2.0517 1.1858, -0.0394 -2.0419 1.1909, -0.0394 -2.0518 1.1909, -0.039 -2.0517 1.1961, -0.038 -2.0419 1.2011, -0.038 -2.0514 1.2011, -0.0364 -2.051 1.206, -0.0341 -2.0419 1.2106, -0.0341 -2.0505 1.2106, -0.0278 -2.0419 1.2188, -0.0278 -2.0493 1.2188, -0.0197 -2.0419 1.225, -0.0197 -2.048 1.225, -0.0102 -2.0419 1.229, -0.0102 -2.0471 1.229, -0.0151 -2.0475 1.2273, 0.0102 -2.0419 1.229, 0.0052 -2.0469 1.23, 0.0 -2.0419 1.2303, 0.0 -2.0468 1.2303, -0.0051 -2.0469 1.23, 0.0341 -2.0419 1.2106, 0.0278 -2.0493 1.2188, 0.0278 -2.0419 1.2188, 0.0197 -2.048 1.225, 0.0197 -2.0419 1.225, 0.0151 -2.0475 1.2273, 0.0102 -2.0471 1.229, 0.038 -2.0419 1.2011, 0.0364 -2.051 1.206, 0.0341 -2.0505 1.2106, 0.0394 -2.0518 1.1909, 0.039 -2.0517 1.1961, 0.038 -2.0514 1.2011, 0.0 -2.0419 1.1909, -0.183 -2.0469 1.1519, -0.1779 -2.0471 1.1529, -0.1779 -2.0419 1.1529, -0.1501 -2.0514 1.1808, -0.1491 -2.0517 1.1858, -0.1501 -2.0419 1.1808, -0.1487 -2.0419 1.1909, -0.1517 -2.051 1.1759, -0.154 -2.0419 1.1713, -0.154 -2.0505 1.1713, -0.1603 -2.0419 1.1631, -0.1603 -2.0493 1.1631, -0.1684 -2.0419 1.1569, -0.1684 -2.048 1.1569, -0.173 -2.0475 1.1546, -0.1881 -2.0468 1.1516, -0.1881 -2.0419 1.1516, -0.1933 -2.0469 1.1519, -0.1983 -2.0419 1.1529, -0.1983 -2.0471 1.1529, -0.2032 -2.0475 1.1546, -0.2078 -2.0419 1.1569, -0.2078 -2.048 1.1569, -0.2159 -2.0419 1.1631, -0.2159 -2.0493 1.1631, -0.2222 -2.0419 1.1713, -0.2222 -2.0505 1.1713, -0.2245 -2.051 1.1759, -0.2261 -2.0419 1.1808, -0.2261 -2.0514 1.1808, -0.2271 -2.0517 1.1858, -0.2275 -2.0419 1.1909, -0.2275 -2.0518 1.1909, -0.2271 -2.0517 1.1961, -0.2261 -2.0419 1.2011, -0.2261 -2.0514 1.2011, -0.2245 -2.051 1.206, -0.2222 -2.0419 1.2106, -0.2222 -2.0505 1.2106, -0.2159 -2.0419 1.2188, -0.2159 -2.0493 1.2188, -0.2078 -2.0419 1.225, -0.2078 -2.048 1.225, -0.1983 -2.0419 1.229, -0.1983 -2.0471 1.229, -0.2032 -2.0475 1.2273, -0.1779 -2.0419 1.229, -0.1829 -2.0469 1.23, -0.1881 -2.0419 1.2303, -0.1881 -2.0468 1.2303, -0.1932 -2.0469 1.23, -0.154 -2.0419 1.2106, -0.1603 -2.0493 1.2188, -0.1603 -2.0419 1.2188, -0.1684 -2.048 1.225, -0.1684 -2.0419 1.225, -0.173 -2.0475 1.2273, -0.1779 -2.0471 1.229, -0.1501 -2.0419 1.2011, -0.1517 -2.051 1.206, -0.154 -2.0505 1.2106, -0.1487 -2.0518 1.1909, -0.1491 -2.0517 1.1961, -0.1501 -2.0514 1.2011, -0.1881 -2.0419 1.1909, -0.3711 -2.0469 1.1519, -0.366 -2.0471 1.1529, -0.366 -2.0419 1.1529, -0.3382 -2.0514 1.1808, -0.3372 -2.0517 1.1858, -0.3382 -2.0419 1.1808, -0.3368 -2.0419 1.1909, -0.3398 -2.051 1.1759, -0.3421 -2.0419 1.1713, -0.3421 -2.0505 1.1713, -0.3484 -2.0419 1.1631, -0.3484 -2.0493 1.1631, -0.3565 -2.0419 1.1569, -0.3565 -2.048 1.1569, -0.3611 -2.0475 1.1546, -0.3762 -2.0468 1.1516, -0.3762 -2.0419 1.1516, -0.3814 -2.0469 1.1519, -0.3864 -2.0419 1.1529, -0.3864 -2.0471 1.1529, -0.3913 -2.0475 1.1546, -0.3959 -2.0419 1.1569, -0.3959 -2.048 1.1569, -0.404 -2.0419 1.1631, -0.404 -2.0493 1.1631, -0.4103 -2.0419 1.1713, -0.4103 -2.0505 1.1713, -0.4126 -2.051 1.1759, -0.4142 -2.0419 1.1808, -0.4142 -2.0514 1.1808, -0.4152 -2.0517 1.1858, -0.4156 -2.0419 1.1909, -0.4156 -2.0518 1.1909, -0.4152 -2.0517 1.1961, -0.4142 -2.0419 1.2011, -0.4142 -2.0514 1.2011, -0.4126 -2.051 1.206, -0.4103 -2.0419 1.2106, -0.4103 -2.0505 1.2106, -0.404 -2.0419 1.2188, -0.404 -2.0493 1.2188, -0.3959 -2.0419 1.225, -0.3959 -2.048 1.225, -0.3864 -2.0419 1.229, -0.3864 -2.0471 1.229, -0.3913 -2.0475 1.2273, -0.366 -2.0419 1.229, -0.371 -2.0469 1.23, -0.3762 -2.0419 1.2303, -0.3762 -2.0468 1.2303, -0.3813 -2.0469 1.23, -0.3421 -2.0419 1.2106, -0.3484 -2.0493 1.2188, -0.3484 -2.0419 1.2188, -0.3565 -2.048 1.225, -0.3565 -2.0419 1.225, -0.3611 -2.0475 1.2273, -0.366 -2.0471 1.229, -0.3382 -2.0419 1.2011, -0.3398 -2.051 1.206, -0.3421 -2.0505 1.2106, -0.3368 -2.0518 1.1909, -0.3372 -2.0517 1.1961, -0.3382 -2.0514 1.2011, -0.3762 -2.0419 1.1909, -0.5592 -2.0469 1.1519, -0.5541 -2.0471 1.1529, -0.5541 -2.0419 1.1529, -0.5263 -2.0514 1.1808, -0.5253 -2.0517 1.1858, -0.5263 -2.0419 1.1808, -0.5249 -2.0419 1.1909, -0.5279 -2.051 1.1759, -0.5302 -2.0419 1.1713, -0.5302 -2.0505 1.1713, -0.5365 -2.0419 1.1631, -0.5365 -2.0493 1.1631, -0.5446 -2.0419 1.1569, -0.5446 -2.048 1.1569, -0.5492 -2.0475 1.1546, -0.5643 -2.0468 1.1516, -0.5643 -2.0419 1.1516, -0.5695 -2.0469 1.1519, -0.5745 -2.0419 1.1529, -0.5745 -2.0471 1.1529, -0.5794 -2.0475 1.1546, -0.584 -2.0419 1.1569, -0.584 -2.048 1.1569, -0.5921 -2.0419 1.1631, -0.5921 -2.0493 1.1631, -0.5984 -2.0419 1.1713, -0.5984 -2.0505 1.1713, -0.6007 -2.051 1.1759, -0.6023 -2.0419 1.1808, -0.6023 -2.0514 1.1808, -0.6033 -2.0517 1.1858, -0.6037 -2.0419 1.1909, -0.6037 -2.0518 1.1909, -0.6033 -2.0517 1.1961, -0.6023 -2.0419 1.2011, -0.6023 -2.0514 1.2011, -0.6007 -2.051 1.206, -0.5984 -2.0419 1.2106, -0.5984 -2.0505 1.2106, -0.5921 -2.0419 1.2188, -0.5921 -2.0493 1.2188, -0.584 -2.0419 1.225, -0.584 -2.048 1.225, -0.5745 -2.0419 1.229, -0.5745 -2.0471 1.229, -0.5794 -2.0475 1.2273, -0.5541 -2.0419 1.229, -0.5592 -2.0469 1.23, -0.5643 -2.0419 1.2303, -0.5643 -2.0468 1.2303, -0.5694 -2.0469 1.23, -0.5302 -2.0419 1.2106, -0.5365 -2.0493 1.2188, -0.5365 -2.0419 1.2188, -0.5446 -2.048 1.225, -0.5446 -2.0419 1.225, -0.5492 -2.0475 1.2273, -0.5541 -2.0471 1.229, -0.5263 -2.0419 1.2011, -0.5279 -2.051 1.206, -0.5302 -2.0505 1.2106, -0.5249 -2.0518 1.1909, -0.5253 -2.0517 1.1961, -0.5263 -2.0514 1.2011, -0.5643 -2.0419 1.1909, -0.7473 -2.0469 1.1519, -0.7422 -2.0471 1.1529, -0.7422 -2.0419 1.1529, -0.7144 -2.0514 1.1808, -0.7134 -2.0517 1.1858, -0.7144 -2.0419 1.1808, -0.713 -2.0419 1.1909, -0.716 -2.051 1.1759, -0.7183 -2.0419 1.1713, -0.7183 -2.0505 1.1713, -0.7246 -2.0419 1.1631, -0.7246 -2.0493 1.1631, -0.7327 -2.0419 1.1569, -0.7327 -2.048 1.1569, -0.7373 -2.0475 1.1546, -0.7524 -2.0468 1.1516, -0.7524 -2.0419 1.1516, -0.7576 -2.0469 1.1519, -0.7626 -2.0419 1.1529, -0.7626 -2.0471 1.1529, -0.7675 -2.0475 1.1546, -0.7721 -2.0419 1.1569, -0.7721 -2.048 1.1569, -0.7802 -2.0419 1.1631, -0.7802 -2.0493 1.1631, -0.7865 -2.0419 1.1713, -0.7865 -2.0505 1.1713, -0.7888 -2.051 1.1759, -0.7904 -2.0419 1.1808, -0.7904 -2.0514 1.1808, -0.7914 -2.0517 1.1858, -0.7918 -2.0419 1.1909, -0.7918 -2.0518 1.1909, -0.7914 -2.0517 1.1961, -0.7904 -2.0419 1.2011, -0.7904 -2.0514 1.2011, -0.7888 -2.051 1.206, -0.7865 -2.0419 1.2106, -0.7865 -2.0505 1.2106, -0.7802 -2.0419 1.2188, -0.7802 -2.0493 1.2188, -0.7721 -2.0419 1.225, -0.7721 -2.048 1.225, -0.7626 -2.0419 1.229, -0.7626 -2.0471 1.229, -0.7675 -2.0475 1.2273, -0.7422 -2.0419 1.229, -0.7473 -2.0469 1.23, -0.7524 -2.0419 1.2303, -0.7524 -2.0468 1.2303, -0.7575 -2.0469 1.23, -0.7183 -2.0419 1.2106, -0.7246 -2.0493 1.2188, -0.7246 -2.0419 1.2188, -0.7327 -2.048 1.225, -0.7327 -2.0419 1.225, -0.7373 -2.0475 1.2273, -0.7422 -2.0471 1.229, -0.7144 -2.0419 1.2011, -0.716 -2.051 1.206, -0.7183 -2.0505 1.2106, -0.713 -2.0518 1.1909, -0.7134 -2.0517 1.1961, -0.7144 -2.0514 1.2011, -0.7524 -2.0419 1.1909, -0.9354 -2.0469 1.1519, -0.9303 -2.0471 1.1529, -0.9303 -2.0419 1.1529, -0.9025 -2.0514 1.1808, -0.9015 -2.0517 1.1858, -0.9025 -2.0419 1.1808, -0.9011 -2.0419 1.1909, -0.9041 -2.051 1.1759, -0.9064 -2.0419 1.1713, -0.9064 -2.0505 1.1713, -0.9127 -2.0419 1.1631, -0.9127 -2.0493 1.1631, -0.9208 -2.0419 1.1569, -0.9208 -2.048 1.1569, -0.9254 -2.0475 1.1546, -0.9405 -2.0468 1.1516, -0.9405 -2.0419 1.1516, -0.9457 -2.0469 1.1519, -0.9507 -2.0419 1.1529, -0.9507 -2.0471 1.1529, -0.9556 -2.0475 1.1546, -0.9602 -2.0419 1.1569, -0.9602 -2.048 1.1569, -0.9683 -2.0419 1.1631, -0.9683 -2.0493 1.1631, -0.9746 -2.0419 1.1713, -0.9746 -2.0505 1.1713, -0.9769 -2.051 1.1759, -0.9785 -2.0419 1.1808, -0.9785 -2.0514 1.1808, -0.9795 -2.0517 1.1858, -0.9799 -2.0419 1.1909, -0.9799 -2.0518 1.1909, -0.9795 -2.0517 1.1961, -0.9785 -2.0419 1.2011, -0.9785 -2.0514 1.2011, -0.9769 -2.051 1.206, -0.9746 -2.0419 1.2106, -0.9746 -2.0505 1.2106, -0.9683 -2.0419 1.2188, -0.9683 -2.0493 1.2188, -0.9602 -2.0419 1.225, -0.9602 -2.048 1.225, -0.9507 -2.0419 1.229, -0.9507 -2.0471 1.229, -0.9556 -2.0475 1.2273, -0.9303 -2.0419 1.229, -0.9354 -2.0469 1.23, -0.9405 -2.0419 1.2303, -0.9405 -2.0468 1.2303, -0.9456 -2.0469 1.23, -0.9064 -2.0419 1.2106, -0.9127 -2.0493 1.2188, -0.9127 -2.0419 1.2188, -0.9208 -2.048 1.225, -0.9208 -2.0419 1.225, -0.9254 -2.0475 1.2273, -0.9303 -2.0471 1.229, -0.9025 -2.0419 1.2011, -0.9041 -2.051 1.206, -0.9064 -2.0505 1.2106, -0.9011 -2.0518 1.1909, -0.9015 -2.0517 1.1961, -0.9025 -2.0514 1.2011, -0.9405 -2.0419 1.1909, -1.1235 -2.0469 1.1519, -1.1184 -2.0471 1.1529, -1.1184 -2.0419 1.1529, -1.0906 -2.0514 1.1808, -1.0896 -2.0517 1.1858, -1.0906 -2.0419 1.1808, -1.0892 -2.0419 1.1909, -1.0922 -2.051 1.1759, -1.0945 -2.0419 1.1713, -1.0945 -2.0505 1.1713, -1.1008 -2.0419 1.1631, -1.1008 -2.0493 1.1631, -1.1089 -2.0419 1.1569, -1.1089 -2.048 1.1569, -1.1135 -2.0475 1.1546, -1.1286 -2.0468 1.1516, -1.1286 -2.0419 1.1516, -1.1338 -2.0469 1.1519, -1.1388 -2.0419 1.1529, -1.1388 -2.0471 1.1529, -1.1437 -2.0475 1.1546, -1.1483 -2.0419 1.1569, -1.1483 -2.048 1.1569, -1.1564 -2.0419 1.1631, -1.1564 -2.0493 1.1631, -1.1627 -2.0419 1.1713, -1.1627 -2.0505 1.1713, -1.165 -2.051 1.1759, -1.1666 -2.0419 1.1808, -1.1666 -2.0514 1.1808, -1.1676 -2.0517 1.1858, -1.168 -2.0419 1.1909, -1.168 -2.0518 1.1909, -1.1676 -2.0517 1.1961, -1.1666 -2.0419 1.2011, -1.1666 -2.0514 1.2011, -1.165 -2.051 1.206, -1.1627 -2.0419 1.2106, -1.1627 -2.0505 1.2106, -1.1564 -2.0419 1.2188, -1.1564 -2.0493 1.2188, -1.1483 -2.0419 1.225, -1.1483 -2.048 1.225, -1.1388 -2.0419 1.229, -1.1388 -2.0471 1.229, -1.1437 -2.0475 1.2273, -1.1184 -2.0419 1.229, -1.1235 -2.0469 1.23, -1.1286 -2.0419 1.2303, -1.1286 -2.0468 1.2303, -1.1337 -2.0469 1.23, -1.0945 -2.0419 1.2106, -1.1008 -2.0493 1.2188, -1.1008 -2.0419 1.2188, -1.1089 -2.048 1.225, -1.1089 -2.0419 1.225, -1.1136 -2.0475 1.2273, -1.1184 -2.0471 1.229, -1.0906 -2.0419 1.2011, -1.0922 -2.051 1.206, -1.0945 -2.0505 1.2106, -1.0892 -2.0518 1.1909, -1.0896 -2.0517 1.1961, -1.0906 -2.0514 1.2011, -1.1286 -2.0419 1.1909, -1.3116 -2.0469 1.1519, -1.3065 -2.0471 1.1529, -1.3065 -2.0419 1.1529, -1.2787 -2.0514 1.1808, -1.2777 -2.0517 1.1858, -1.2787 -2.0419 1.1808, -1.2773 -2.0419 1.1909, -1.2803 -2.051 1.1759, -1.2826 -2.0419 1.1713, -1.2826 -2.0505 1.1713, -1.2889 -2.0419 1.1631, -1.2889 -2.0493 1.1631, -1.297 -2.0419 1.1569, -1.297 -2.048 1.1569, -1.3016 -2.0475 1.1546, -1.3167 -2.0468 1.1516, -1.3167 -2.0419 1.1516, -1.3219 -2.0469 1.1519, -1.3269 -2.0419 1.1529, -1.3269 -2.0471 1.1529, -1.3318 -2.0475 1.1546, -1.3364 -2.0419 1.1569, -1.3364 -2.048 1.1569, -1.3445 -2.0419 1.1631, -1.3445 -2.0493 1.1631, -1.3508 -2.0419 1.1713, -1.3508 -2.0505 1.1713, -1.3531 -2.051 1.1759, -1.3547 -2.0419 1.1808, -1.3547 -2.0514 1.1808, -1.3557 -2.0517 1.1858, -1.3561 -2.0419 1.1909, -1.3561 -2.0518 1.1909, -1.3557 -2.0517 1.1961, -1.3547 -2.0419 1.2011, -1.3547 -2.0514 1.2011, -1.3531 -2.051 1.206, -1.3508 -2.0419 1.2106, -1.3508 -2.0505 1.2106, -1.3445 -2.0419 1.2188, -1.3445 -2.0493 1.2188, -1.3364 -2.0419 1.225, -1.3364 -2.048 1.225, -1.3269 -2.0419 1.229, -1.3269 -2.0471 1.229, -1.3318 -2.0475 1.2273, -1.3065 -2.0419 1.229, -1.3116 -2.0469 1.23, -1.3167 -2.0419 1.2303, -1.3167 -2.0468 1.2303, -1.3218 -2.0469 1.23, -1.2826 -2.0419 1.2106, -1.2889 -2.0493 1.2188, -1.2889 -2.0419 1.2188, -1.297 -2.048 1.225, -1.297 -2.0419 1.225, -1.3017 -2.0475 1.2273, -1.3065 -2.0471 1.229, -1.2787 -2.0419 1.2011, -1.2803 -2.051 1.206, -1.2826 -2.0505 1.2106, -1.2773 -2.0518 1.1909, -1.2777 -2.0517 1.1961, -1.2787 -2.0514 1.2011, -1.3167 -2.0419 1.1909, -1.4997 -2.0469 1.1519, -1.4946 -2.0471 1.1529, -1.4946 -2.0419 1.1529, -1.4668 -2.0514 1.1808, -1.4658 -2.0517 1.1858, -1.4668 -2.0419 1.1808, -1.4654 -2.0419 1.1909, -1.4684 -2.051 1.1759, -1.4707 -2.0419 1.1713, -1.4707 -2.0505 1.1713, -1.477 -2.0419 1.1631, -1.477 -2.0493 1.1631, -1.4851 -2.0419 1.1569, -1.4851 -2.048 1.1569, -1.4897 -2.0475 1.1546, -1.5048 -2.0468 1.1516, -1.5048 -2.0419 1.1516, -1.51 -2.0469 1.1519, -1.515 -2.0419 1.1529, -1.515 -2.0471 1.1529, -1.5199 -2.0475 1.1546, -1.5245 -2.0419 1.1569, -1.5245 -2.048 1.1569, -1.5327 -2.0419 1.1631, -1.5327 -2.0493 1.1631, -1.5389 -2.0419 1.1713, -1.5389 -2.0505 1.1713, -1.5412 -2.051 1.1759, -1.5428 -2.0419 1.1808, -1.5428 -2.0514 1.1808, -1.5438 -2.0517 1.1858, -1.5442 -2.0419 1.1909, -1.5442 -2.0518 1.1909, -1.5438 -2.0517 1.1961, -1.5428 -2.0419 1.2011, -1.5428 -2.0514 1.2011, -1.5412 -2.051 1.206, -1.5389 -2.0419 1.2106, -1.5389 -2.0505 1.2106, -1.5327 -2.0419 1.2188, -1.5327 -2.0493 1.2188, -1.5245 -2.0419 1.225, -1.5245 -2.048 1.225, -1.515 -2.0419 1.229, -1.515 -2.0471 1.229, -1.5199 -2.0475 1.2273, -1.4946 -2.0419 1.229, -1.4997 -2.0469 1.23, -1.5048 -2.0419 1.2303, -1.5048 -2.0468 1.2303, -1.5099 -2.0469 1.23, -1.4707 -2.0419 1.2106, -1.477 -2.0493 1.2188, -1.477 -2.0419 1.2188, -1.4851 -2.048 1.225, -1.4851 -2.0419 1.225, -1.4898 -2.0475 1.2273, -1.4946 -2.0471 1.229, -1.4668 -2.0419 1.2011, -1.4684 -2.051 1.206, -1.4707 -2.0505 1.2106, -1.4654 -2.0518 1.1909, -1.4658 -2.0517 1.1961, -1.4668 -2.0514 1.2011, -1.5048 -2.0419 1.1909, -1.6878 -2.0469 1.1519, -1.6827 -2.0471 1.1529, -1.6827 -2.0419 1.1529, -1.6549 -2.0514 1.1808, -1.6539 -2.0517 1.1858, -1.6549 -2.0419 1.1808, -1.6535 -2.0419 1.1909, -1.6565 -2.051 1.1759, -1.6588 -2.0419 1.1713, -1.6588 -2.0505 1.1713, -1.6651 -2.0419 1.1631, -1.6651 -2.0493 1.1631, -1.6732 -2.0419 1.1569, -1.6732 -2.048 1.1569, -1.6778 -2.0475 1.1546, -1.6929 -2.0468 1.1516, -1.6929 -2.0419 1.1516, -1.6981 -2.0469 1.1519, -1.7031 -2.0419 1.1529, -1.7031 -2.0471 1.1529, -1.708 -2.0475 1.1546, -1.7126 -2.0419 1.1569, -1.7126 -2.048 1.1569, -1.7208 -2.0419 1.1631, -1.7208 -2.0493 1.1631, -1.727 -2.0419 1.1713, -1.727 -2.0505 1.1713, -1.7293 -2.051 1.1759, -1.7309 -2.0419 1.1808, -1.7309 -2.0514 1.1808, -1.7319 -2.0517 1.1858, -1.7323 -2.0419 1.1909, -1.7323 -2.0518 1.1909, -1.7319 -2.0517 1.1961, -1.7309 -2.0419 1.2011, -1.7309 -2.0514 1.2011, -1.7293 -2.051 1.206, -1.727 -2.0419 1.2106, -1.727 -2.0505 1.2106, -1.7208 -2.0419 1.2188, -1.7208 -2.0493 1.2188, -1.7126 -2.0419 1.225, -1.7126 -2.048 1.225, -1.7031 -2.0419 1.229, -1.7031 -2.0471 1.229, -1.708 -2.0475 1.2273, -1.6827 -2.0419 1.229, -1.6878 -2.0469 1.23, -1.6929 -2.0419 1.2303, -1.6929 -2.0468 1.2303, -1.698 -2.0469 1.23, -1.6588 -2.0419 1.2106, -1.6651 -2.0493 1.2188, -1.6651 -2.0419 1.2188, -1.6732 -2.048 1.225, -1.6732 -2.0419 1.225, -1.6779 -2.0475 1.2273, -1.6827 -2.0471 1.229, -1.6549 -2.0419 1.2011, -1.6565 -2.051 1.206, -1.6588 -2.0505 1.2106, -1.6535 -2.0518 1.1909, -1.6539 -2.0517 1.1961, -1.6549 -2.0514 1.2011, -1.6929 -2.0419 1.1909, 1.7323 0.9266 0.0984, 1.7323 0.8951 0.0984, 1.811 0.9266 0.0984, 1.811 0.8951 0.0984, 1.7323 1.5014 0.0311, 1.7323 1.5014 0.0626, 1.811 1.5014 0.0311, 1.811 1.5014 0.0626, 1.7323 0.8951 0.0868, 1.7323 0.9266 0.0868, 1.811 0.9266 0.0868, 1.811 0.8951 0.0868, 1.7323 0.9508 0.0626, 1.7323 0.9508 0.0311, 1.7323 0.9445 0.0634, 1.7323 0.9384 0.0325, 1.7323 0.9387 0.0658, 1.7323 0.8965 0.0744, 1.7323 0.9274 0.0805, 1.7323 0.9006 0.0626, 1.7323 0.9298 0.0747, 1.7323 0.9072 0.0521, 1.7323 0.9337 0.0697, 1.7323 0.9161 0.0433, 1.7323 0.9266 0.0366, 1.811 0.9274 0.0805, 1.811 0.9298 0.0747, 1.811 0.9337 0.0697, 1.811 0.9387 0.0658, 1.811 0.9445 0.0634, 1.811 0.9508 0.0626, 1.811 0.8965 0.0744, 1.811 0.9006 0.0626, 1.811 0.9508 0.0311, 1.811 0.9384 0.0325, 1.811 0.9266 0.0366, 1.811 0.9161 0.0433, 1.811 0.9072 0.0521, -1.811 0.9266 0.0984, -1.811 0.8951 0.0984, -1.7323 0.9266 0.0984, -1.7323 0.8951 0.0984, -1.811 1.5014 0.0311, -1.811 1.5014 0.0626, -1.7323 1.5014 0.0311, -1.7323 1.5014 0.0626, -1.811 0.8951 0.0868, -1.811 0.9266 0.0868, -1.7323 0.9266 0.0868, -1.7323 0.8951 0.0868, -1.811 0.8965 0.0744, -1.811 0.9274 0.0805, -1.811 0.9006 0.0626, -1.811 0.9298 0.0747, -1.811 0.9072 0.0521, -1.811 0.9337 0.0697, -1.811 0.9161 0.0433, -1.811 0.9387 0.0658, -1.811 0.9508 0.0626, -1.811 0.9508 0.0311, -1.811 0.9445 0.0634, -1.811 0.9384 0.0325, -1.811 0.9266 0.0366, -1.7323 0.9274 0.0805, -1.7323 0.9298 0.0747, -1.7323 0.9337 0.0697, -1.7323 0.9387 0.0658, -1.7323 0.9445 0.0634, -1.7323 0.9508 0.0626, -1.7323 0.8965 0.0744, -1.7323 0.9006 0.0626, -1.7323 0.9508 0.0311, -1.7323 0.9384 0.0325, -1.7323 0.9266 0.0366, -1.7323 0.9161 0.0433, -1.7323 0.9072 0.0521, -1.6142 0.9266 0.0984, -1.6142 0.8951 0.0984, -1.5354 0.9266 0.0984, -1.5354 0.8951 0.0984, -1.6142 1.5014 0.0311, -1.6142 1.5014 0.0626, -1.5354 1.5014 0.0311, -1.5354 1.5014 0.0626, -1.6142 0.8951 0.0868, -1.6142 0.9266 0.0868, -1.5354 0.9266 0.0868, -1.5354 0.8951 0.0868, -1.6142 0.9508 0.0626, -1.6142 0.9508 0.0311, -1.6142 0.9445 0.0634, -1.6142 0.9384 0.0325, -1.6142 0.9387 0.0658, -1.6142 0.9266 0.0366, -1.6142 0.9161 0.0433, -1.6142 0.9337 0.0697, -1.6142 0.9072 0.0521, -1.6142 0.9298 0.0747, -1.6142 0.9006 0.0626, -1.6142 0.9274 0.0805, -1.6142 0.8965 0.0744, -1.5354 0.9274 0.0805, -1.5354 0.9298 0.0747, -1.5354 0.9337 0.0697, -1.5354 0.9387 0.0658, -1.5354 0.9445 0.0634, -1.5354 0.9508 0.0626, -1.5354 0.9508 0.0311, -1.5354 0.9384 0.0325, -1.5354 0.9266 0.0366, -1.5354 0.9161 0.0433, -1.5354 0.8965 0.0744, -1.5354 0.9006 0.0626, -1.5354 0.9072 0.0521, -1.4173 0.9266 0.0984, -1.4173 0.8951 0.0984, -1.3386 0.9266 0.0984, -1.3386 0.8951 0.0984, -1.4173 1.5014 0.0311, -1.4173 1.5014 0.0626, -1.3386 1.5014 0.0311, -1.3386 1.5014 0.0626, -1.4173 0.8951 0.0868, -1.4173 0.9266 0.0868, -1.3386 0.9266 0.0868, -1.3386 0.8951 0.0868, -1.4173 0.9508 0.0626, -1.4173 0.9508 0.0311, -1.4173 0.9445 0.0634, -1.4173 0.9384 0.0325, -1.4173 0.9387 0.0658, -1.4173 0.9266 0.0366, -1.4173 0.9337 0.0697, -1.4173 0.8965 0.0744, -1.4173 0.9274 0.0805, -1.4173 0.9006 0.0626, -1.4173 0.9298 0.0747, -1.4173 0.9072 0.0521, -1.4173 0.9161 0.0433, -1.3386 0.9274 0.0805, -1.3386 0.9298 0.0747, -1.3386 0.9337 0.0697, -1.3386 0.9387 0.0658, -1.3386 0.9445 0.0634, -1.3386 0.9508 0.0626, -1.3386 0.8965 0.0744, -1.3386 0.9508 0.0311, -1.3386 0.9384 0.0325, -1.3386 0.9266 0.0366, -1.3386 0.9161 0.0433, -1.3386 0.9072 0.0521, -1.3386 0.9006 0.0626, -1.2205 0.9266 0.0984, -1.2205 0.8951 0.0984, -1.1417 0.9266 0.0984, -1.1417 0.8951 0.0984, -1.2205 1.5014 0.0311, -1.2205 1.5014 0.0626, -1.1417 1.5014 0.0311, -1.1417 1.5014 0.0626, -1.2205 0.8951 0.0868, -1.2205 0.9266 0.0868, -1.1417 0.9266 0.0868, -1.1417 0.8951 0.0868, -1.2205 0.9508 0.0626, -1.2205 0.9508 0.0311, -1.2205 0.9445 0.0634, -1.2205 0.9384 0.0325, -1.2205 0.9387 0.0658, -1.2205 0.8965 0.0744, -1.2205 0.9274 0.0805, -1.2205 0.9006 0.0626, -1.2205 0.9298 0.0747, -1.2205 0.9072 0.0521, -1.2205 0.9337 0.0697, -1.2205 0.9161 0.0433, -1.2205 0.9266 0.0366, -1.1417 0.9274 0.0805, -1.1417 0.9298 0.0747, -1.1417 0.9337 0.0697, -1.1417 0.9387 0.0658, -1.1417 0.9445 0.0634, -1.1417 0.9508 0.0626, -1.1417 0.8965 0.0744, -1.1417 0.9006 0.0626, -1.1417 0.9508 0.0311, -1.1417 0.9384 0.0325, -1.1417 0.9266 0.0366, -1.1417 0.9161 0.0433, -1.1417 0.9072 0.0521, -1.0236 0.9266 0.0984, -1.0236 0.8951 0.0984, -0.9449 0.9266 0.0984, -0.9449 0.8951 0.0984, -1.0236 1.5014 0.0311, -1.0236 1.5014 0.0626, -0.9449 1.5014 0.0311, -0.9449 1.5014 0.0626, -1.0236 0.8951 0.0868, -1.0236 0.9266 0.0868, -0.9449 0.9266 0.0868, -0.9449 0.8951 0.0868, -1.0236 0.9508 0.0626, -1.0236 0.9508 0.0311, -1.0236 0.9445 0.0634, -1.0236 0.9384 0.0325, -1.0236 0.9387 0.0658, -1.0236 0.9266 0.0366, -1.0236 0.9337 0.0697, -1.0236 0.8965 0.0744, -1.0236 0.9274 0.0805, -1.0236 0.9006 0.0626, -1.0236 0.9298 0.0747, -1.0236 0.9072 0.0521, -1.0236 0.9161 0.0433, -0.9449 0.9274 0.0805, -0.9449 0.9298 0.0747, -0.9449 0.9337 0.0697, -0.9449 0.9387 0.0658, -0.9449 0.9445 0.0634, -0.9449 0.9508 0.0626, -0.9449 0.8965 0.0744, -0.9449 0.9508 0.0311, -0.9449 0.9384 0.0325, -0.9449 0.9266 0.0366, -0.9449 0.9161 0.0433, -0.9449 0.9072 0.0521, -0.9449 0.9006 0.0626, -0.8268 0.9266 0.0984, -0.8268 0.8951 0.0984, -0.748 0.9266 0.0984, -0.748 0.8951 0.0984, -0.8268 1.5014 0.0311, -0.8268 1.5014 0.0626, -0.748 1.5014 0.0311, -0.748 1.5014 0.0626, -0.8268 0.8951 0.0868, -0.8268 0.9266 0.0868, -0.748 0.9266 0.0868, -0.748 0.8951 0.0868, -0.8268 0.8965 0.0744, -0.8268 0.9274 0.0805, -0.8268 0.9006 0.0626, -0.8268 0.9298 0.0747, -0.8268 0.9072 0.0521, -0.8268 0.9337 0.0697, -0.8268 0.9161 0.0433, -0.8268 0.9387 0.0658, -0.8268 0.9508 0.0626, -0.8268 0.9508 0.0311, -0.8268 0.9445 0.0634, -0.8268 0.9384 0.0325, -0.8268 0.9266 0.0366, -0.748 0.9274 0.0805, -0.748 0.9298 0.0747, -0.748 0.9337 0.0697, -0.748 0.9387 0.0658, -0.748 0.9445 0.0634, -0.748 0.9508 0.0626, -0.748 0.8965 0.0744, -0.748 0.9006 0.0626, -0.748 0.9508 0.0311, -0.748 0.9384 0.0325, -0.748 0.9266 0.0366, -0.748 0.9161 0.0433, -0.748 0.9072 0.0521, -0.6299 0.9266 0.0984, -0.6299 0.8951 0.0984, -0.5512 0.9266 0.0984, -0.5512 0.8951 0.0984, -0.6299 1.5014 0.0311, -0.6299 1.5014 0.0626, -0.5512 1.5014 0.0311, -0.5512 1.5014 0.0626, -0.6299 0.8951 0.0868, -0.6299 0.9266 0.0868, -0.5512 0.9266 0.0868, -0.5512 0.8951 0.0868, -0.6299 0.9508 0.0626, -0.6299 0.9508 0.0311, -0.6299 0.9445 0.0634, -0.6299 0.9384 0.0325, -0.6299 0.9387 0.0658, -0.6299 0.9266 0.0366, -0.6299 0.9337 0.0697, -0.6299 0.8965 0.0744, -0.6299 0.9274 0.0805, -0.6299 0.9006 0.0626, -0.6299 0.9298 0.0747, -0.6299 0.9072 0.0521, -0.6299 0.9161 0.0433, -0.5512 0.9274 0.0805, -0.5512 0.9298 0.0747, -0.5512 0.9337 0.0697, -0.5512 0.9387 0.0658, -0.5512 0.9445 0.0634, -0.5512 0.9508 0.0626, -0.5512 0.8965 0.0744, -0.5512 0.9508 0.0311, -0.5512 0.9384 0.0325, -0.5512 0.9266 0.0366, -0.5512 0.9161 0.0433, -0.5512 0.9072 0.0521, -0.5512 0.9006 0.0626, -0.4331 0.9266 0.0984, -0.4331 0.8951 0.0984, -0.3543 0.9266 0.0984, -0.3543 0.8951 0.0984, -0.4331 1.5014 0.0311, -0.4331 1.5014 0.0626, -0.3543 1.5014 0.0311, -0.3543 1.5014 0.0626, -0.4331 0.8951 0.0868, -0.4331 0.9266 0.0868, -0.3543 0.9266 0.0868, -0.3543 0.8951 0.0868, -0.4331 0.9508 0.0626, -0.4331 0.9508 0.0311, -0.4331 0.9445 0.0634, -0.4331 0.9384 0.0325, -0.4331 0.9387 0.0658, -0.4331 0.8965 0.0744, -0.4331 0.9274 0.0805, -0.4331 0.9006 0.0626, -0.4331 0.9298 0.0747, -0.4331 0.9072 0.0521, -0.4331 0.9337 0.0697, -0.4331 0.9161 0.0433, -0.4331 0.9266 0.0366, -0.3543 0.9274 0.0805, -0.3543 0.9298 0.0747, -0.3543 0.9337 0.0697, -0.3543 0.9387 0.0658, -0.3543 0.9445 0.0634, -0.3543 0.9508 0.0626, -0.3543 0.8965 0.0744, -0.3543 0.9006 0.0626, -0.3543 0.9508 0.0311, -0.3543 0.9384 0.0325, -0.3543 0.9266 0.0366, -0.3543 0.9161 0.0433, -0.3543 0.9072 0.0521, -0.2362 0.9266 0.0984, -0.2362 0.8951 0.0984, -0.1575 0.9266 0.0984, -0.1575 0.8951 0.0984, -0.2362 1.5014 0.0311, -0.2362 1.5014 0.0626, -0.1575 1.5014 0.0311, -0.1575 1.5014 0.0626, -0.2362 0.8951 0.0868, -0.2362 0.9266 0.0868, -0.1575 0.9266 0.0868, -0.1575 0.8951 0.0868, -0.2362 0.8965 0.0744, -0.2362 0.9274 0.0805, -0.2362 0.9006 0.0626, -0.2362 0.9298 0.0747, -0.2362 0.9072 0.0521, -0.2362 0.9337 0.0697, -0.2362 0.9508 0.0626, -0.2362 0.9508 0.0311, -0.2362 0.9445 0.0634, -0.2362 0.9384 0.0325, -0.2362 0.9387 0.0658, -0.2362 0.9266 0.0366, -0.2362 0.9161 0.0433, -0.1575 0.9274 0.0805, -0.1575 0.9298 0.0747, -0.1575 0.9337 0.0697, -0.1575 0.9387 0.0658, -0.1575 0.9445 0.0634, -0.1575 0.9508 0.0626, -0.1575 0.9072 0.0521, -0.1575 0.9161 0.0433, -0.1575 0.9266 0.0366, -0.1575 0.9384 0.0325, -0.1575 0.9508 0.0311, -0.1575 0.8965 0.0744, -0.1575 0.9006 0.0626, -0.0394 0.9266 0.0984, -0.0394 0.8951 0.0984, 0.0394 0.9266 0.0984, 0.0394 0.8951 0.0984, -0.0394 1.5014 0.0311, -0.0394 1.5014 0.0626, 0.0394 1.5014 0.0311, 0.0394 1.5014 0.0626, -0.0394 0.8951 0.0868, -0.0394 0.9266 0.0868, 0.0394 0.9266 0.0868, 0.0394 0.8951 0.0868, -0.0394 0.9508 0.0626, -0.0394 0.9508 0.0311, -0.0394 0.9445 0.0634, -0.0394 0.9384 0.0325, -0.0394 0.9387 0.0658, -0.0394 0.9266 0.0366, -0.0394 0.9337 0.0697, -0.0394 0.8965 0.0744, -0.0394 0.9274 0.0805, -0.0394 0.9006 0.0626, -0.0394 0.9298 0.0747, -0.0394 0.9072 0.0521, -0.0394 0.9161 0.0433, 0.0394 0.9274 0.0805, 0.0394 0.9298 0.0747, 0.0394 0.9337 0.0697, 0.0394 0.9387 0.0658, 0.0394 0.9445 0.0634, 0.0394 0.9508 0.0626, 0.0394 0.8965 0.0744, 0.0394 0.9508 0.0311, 0.0394 0.9384 0.0325, 0.0394 0.9266 0.0366, 0.0394 0.9161 0.0433, 0.0394 0.9072 0.0521, 0.0394 0.9006 0.0626, 0.1575 0.9266 0.0984, 0.1575 0.8951 0.0984, 0.2362 0.9266 0.0984, 0.2362 0.8951 0.0984, 0.1575 1.5014 0.0311, 0.1575 1.5014 0.0626, 0.2362 1.5014 0.0311, 0.2362 1.5014 0.0626, 0.1575 0.8951 0.0868, 0.1575 0.9266 0.0868, 0.2362 0.9266 0.0868, 0.2362 0.8951 0.0868, 0.1575 0.8965 0.0744, 0.1575 0.9274 0.0805, 0.1575 0.9006 0.0626, 0.1575 0.9298 0.0747, 0.1575 0.9072 0.0521, 0.1575 0.9337 0.0697, 0.1575 0.9161 0.0433, 0.1575 0.9387 0.0658, 0.1575 0.9508 0.0626, 0.1575 0.9508 0.0311, 0.1575 0.9445 0.0634, 0.1575 0.9384 0.0325, 0.1575 0.9266 0.0366, 0.2362 0.9274 0.0805, 0.2362 0.9298 0.0747, 0.2362 0.9337 0.0697, 0.2362 0.9387 0.0658, 0.2362 0.9445 0.0634, 0.2362 0.9508 0.0626, 0.2362 0.8965 0.0744, 0.2362 0.9006 0.0626, 0.2362 0.9508 0.0311, 0.2362 0.9384 0.0325, 0.2362 0.9266 0.0366, 0.2362 0.9161 0.0433, 0.2362 0.9072 0.0521, 0.3543 0.9266 0.0984, 0.3543 0.8951 0.0984, 0.4331 0.9266 0.0984, 0.4331 0.8951 0.0984, 0.3543 1.5014 0.0311, 0.3543 1.5014 0.0626, 0.4331 1.5014 0.0311, 0.4331 1.5014 0.0626, 0.3543 0.8951 0.0868, 0.3543 0.9266 0.0868, 0.4331 0.9266 0.0868, 0.4331 0.8951 0.0868, 0.3543 0.8965 0.0744, 0.3543 0.9274 0.0805, 0.3543 0.9006 0.0626, 0.3543 0.9298 0.0747, 0.3543 0.9072 0.0521, 0.3543 0.9337 0.0697, 0.3543 0.9508 0.0626, 0.3543 0.9508 0.0311, 0.3543 0.9445 0.0634, 0.3543 0.9384 0.0325, 0.3543 0.9387 0.0658, 0.3543 0.9266 0.0366, 0.3543 0.9161 0.0433, 0.4331 0.9274 0.0805, 0.4331 0.9298 0.0747, 0.4331 0.9337 0.0697, 0.4331 0.9387 0.0658, 0.4331 0.9445 0.0634, 0.4331 0.9508 0.0626, 0.4331 0.8965 0.0744, 0.4331 0.9006 0.0626, 0.4331 0.9072 0.0521, 0.4331 0.9161 0.0433, 0.4331 0.9266 0.0366, 0.4331 0.9384 0.0325, 0.4331 0.9508 0.0311, 0.5512 0.9266 0.0984, 0.5512 0.8951 0.0984, 0.6299 0.9266 0.0984, 0.6299 0.8951 0.0984, 0.5512 1.5014 0.0311, 0.5512 1.5014 0.0626, 0.6299 1.5014 0.0311, 0.6299 1.5014 0.0626, 0.5512 0.8951 0.0868, 0.5512 0.9266 0.0868, 0.6299 0.9266 0.0868, 0.6299 0.8951 0.0868, 0.5512 0.9387 0.0658, 0.5512 0.9161 0.0433, 0.5512 0.9337 0.0697, 0.5512 0.9072 0.0521, 0.5512 0.9298 0.0747, 0.5512 0.9006 0.0626, 0.5512 0.9274 0.0805, 0.5512 0.8965 0.0744, 0.5512 0.9508 0.0626, 0.5512 0.9508 0.0311, 0.5512 0.9445 0.0634, 0.5512 0.9384 0.0325, 0.5512 0.9266 0.0366, 0.6299 0.9274 0.0805, 0.6299 0.9298 0.0747, 0.6299 0.9337 0.0697, 0.6299 0.9387 0.0658, 0.6299 0.9445 0.0634, 0.6299 0.9508 0.0626, 0.6299 0.9508 0.0311, 0.6299 0.9384 0.0325, 0.6299 0.9266 0.0366, 0.6299 0.9161 0.0433, 0.6299 0.8965 0.0744, 0.6299 0.9006 0.0626, 0.6299 0.9072 0.0521, 0.748 0.9266 0.0984, 0.748 0.8951 0.0984, 0.8268 0.9266 0.0984, 0.8268 0.8951 0.0984, 0.748 1.5014 0.0311, 0.748 1.5014 0.0626, 0.8268 1.5014 0.0311, 0.8268 1.5014 0.0626, 0.748 0.8951 0.0868, 0.748 0.9266 0.0868, 0.8268 0.9266 0.0868, 0.8268 0.8951 0.0868, 0.748 0.9508 0.0626, 0.748 0.9508 0.0311, 0.748 0.9445 0.0634, 0.748 0.9384 0.0325, 0.748 0.9387 0.0658, 0.748 0.9266 0.0366, 0.748 0.9337 0.0697, 0.748 0.8965 0.0744, 0.748 0.9274 0.0805, 0.748 0.9006 0.0626, 0.748 0.9298 0.0747, 0.748 0.9072 0.0521, 0.748 0.9161 0.0433, 0.8268 0.9274 0.0805, 0.8268 0.9298 0.0747, 0.8268 0.9337 0.0697, 0.8268 0.9387 0.0658, 0.8268 0.9445 0.0634, 0.8268 0.9508 0.0626, 0.8268 0.8965 0.0744, 0.8268 0.9508 0.0311, 0.8268 0.9384 0.0325, 0.8268 0.9266 0.0366, 0.8268 0.9161 0.0433, 0.8268 0.9072 0.0521, 0.8268 0.9006 0.0626, 0.9449 0.9266 0.0984, 0.9449 0.8951 0.0984, 1.0236 0.9266 0.0984, 1.0236 0.8951 0.0984, 0.9449 1.5014 0.0311, 0.9449 1.5014 0.0626, 1.0236 1.5014 0.0311, 1.0236 1.5014 0.0626, 0.9449 0.8951 0.0868, 0.9449 0.9266 0.0868, 1.0236 0.9266 0.0868, 1.0236 0.8951 0.0868, 0.9449 0.9508 0.0626, 0.9449 0.9508 0.0311, 0.9449 0.9445 0.0634, 0.9449 0.9384 0.0325, 0.9449 0.9387 0.0658, 0.9449 0.9266 0.0366, 0.9449 0.9161 0.0433, 0.9449 0.9337 0.0697, 0.9449 0.9072 0.0521, 0.9449 0.9298 0.0747, 0.9449 0.9006 0.0626, 0.9449 0.9274 0.0805, 0.9449 0.8965 0.0744, 1.0236 0.9274 0.0805, 1.0236 0.9298 0.0747, 1.0236 0.9337 0.0697, 1.0236 0.9387 0.0658, 1.0236 0.9445 0.0634, 1.0236 0.9508 0.0626, 1.0236 0.9508 0.0311, 1.0236 0.9384 0.0325, 1.0236 0.9266 0.0366, 1.0236 0.9161 0.0433, 1.0236 0.8965 0.0744, 1.0236 0.9006 0.0626, 1.0236 0.9072 0.0521, 1.1417 0.9266 0.0984, 1.1417 0.8951 0.0984, 1.2205 0.9266 0.0984, 1.2205 0.8951 0.0984, 1.1417 1.5014 0.0311, 1.1417 1.5014 0.0626, 1.2205 1.5014 0.0311, 1.2205 1.5014 0.0626, 1.1417 0.8951 0.0868, 1.1417 0.9266 0.0868, 1.2205 0.9266 0.0868, 1.2205 0.8951 0.0868, 1.1417 0.9508 0.0626, 1.1417 0.9508 0.0311, 1.1417 0.9445 0.0634, 1.1417 0.9384 0.0325, 1.1417 0.9387 0.0658, 1.1417 0.8965 0.0744, 1.1417 0.9274 0.0805, 1.1417 0.9006 0.0626, 1.1417 0.9298 0.0747, 1.1417 0.9072 0.0521, 1.1417 0.9337 0.0697, 1.1417 0.9161 0.0433, 1.1417 0.9266 0.0366, 1.2205 0.9274 0.0805, 1.2205 0.9298 0.0747, 1.2205 0.9337 0.0697, 1.2205 0.9387 0.0658, 1.2205 0.9445 0.0634, 1.2205 0.9508 0.0626, 1.2205 0.8965 0.0744, 1.2205 0.9006 0.0626, 1.2205 0.9508 0.0311, 1.2205 0.9384 0.0325, 1.2205 0.9266 0.0366, 1.2205 0.9161 0.0433, 1.2205 0.9072 0.0521, 1.3386 0.9266 0.0984, 1.3386 0.8951 0.0984, 1.4173 0.9266 0.0984, 1.4173 0.8951 0.0984, 1.3386 1.5014 0.0311, 1.3386 1.5014 0.0626, 1.4173 1.5014 0.0311, 1.4173 1.5014 0.0626, 1.3386 0.8951 0.0868, 1.3386 0.9266 0.0868, 1.4173 0.9266 0.0868, 1.4173 0.8951 0.0868, 1.3386 0.9508 0.0626, 1.3386 0.9508 0.0311, 1.3386 0.9445 0.0634, 1.3386 0.9384 0.0325, 1.3386 0.9387 0.0658, 1.3386 0.9266 0.0366, 1.3386 0.9337 0.0697, 1.3386 0.8965 0.0744, 1.3386 0.9274 0.0805, 1.3386 0.9006 0.0626, 1.3386 0.9298 0.0747, 1.3386 0.9072 0.0521, 1.3386 0.9161 0.0433, 1.4173 0.9274 0.0805, 1.4173 0.9298 0.0747, 1.4173 0.9337 0.0697, 1.4173 0.9387 0.0658, 1.4173 0.9445 0.0634, 1.4173 0.9508 0.0626, 1.4173 0.8965 0.0744, 1.4173 0.9508 0.0311, 1.4173 0.9384 0.0325, 1.4173 0.9266 0.0366, 1.4173 0.9161 0.0433, 1.4173 0.9072 0.0521, 1.4173 0.9006 0.0626, 1.5354 0.9266 0.0984, 1.5354 0.8951 0.0984, 1.6142 0.9266 0.0984, 1.6142 0.8951 0.0984, 1.5354 1.5014 0.0311, 1.5354 1.5014 0.0626, 1.6142 1.5014 0.0311, 1.6142 1.5014 0.0626, 1.5354 0.8951 0.0868, 1.5354 0.9266 0.0868, 1.6142 0.9266 0.0868, 1.6142 0.8951 0.0868, 1.5354 0.8965 0.0744, 1.5354 0.9274 0.0805, 1.5354 0.9006 0.0626, 1.5354 0.9298 0.0747, 1.5354 0.9072 0.0521, 1.5354 0.9337 0.0697, 1.5354 0.9161 0.0433, 1.5354 0.9387 0.0658, 1.5354 0.9508 0.0626, 1.5354 0.9508 0.0311, 1.5354 0.9445 0.0634, 1.5354 0.9384 0.0325, 1.5354 0.9266 0.0366, 1.6142 0.9274 0.0805, 1.6142 0.9298 0.0747, 1.6142 0.9337 0.0697, 1.6142 0.9387 0.0658, 1.6142 0.9445 0.0634, 1.6142 0.9508 0.0626, 1.6142 0.8965 0.0744, 1.6142 0.9006 0.0626, 1.6142 0.9508 0.0311, 1.6142 0.9384 0.0325, 1.6142 0.9266 0.0366, 1.6142 0.9161 0.0433, 1.6142 0.9072 0.0521
            ]
        }
        coordIndex [
            0,1,2,-1,2,1,3,-1,4,5,6,-1,6,5,7,-1,6,0,4,-1,4,0,2,-1,0,6,1,-1,1,6,7,-1,8,9,10,-1,10,9,11,-1,12,13,14,-1,14,13,15,-1,14,8,12,-1,12,8,10,-1,8,14,9,-1,9,14,15,-1,16,17,18,-1,18,17,19,-1,17,20,19,-1,19,20,21,-1,22,16,23,-1,23,16,18,-1,17,16,20,-1,20,16,22,-1,24,25,26,-1,26,25,27,-1,25,28,27,-1,27,28,29,-1,30,24,31,-1,31,24,26,-1,25,24,28,-1,28,24,30,-1,32,33,34,-1,34,33,35,-1,36,37,38,-1,38,37,39,-1,38,32,36,-1,36,32,34,-1,32,38,33,-1,33,38,39,-1,40,41,42,-1,42,41,43,-1,44,45,46,-1,46,45,47,-1,46,40,44,-1,44,40,42,-1,40,46,41,-1,41,46,47,-1,48,49,50,-1,50,49,51,-1,52,53,54,-1,54,53,55,-1,54,48,52,-1,52,48,50,-1,48,54,49,-1,49,54,55,-1,56,57,58,-1,58,57,59,-1,60,61,62,-1,62,61,63,-1,62,56,60,-1,60,56,58,-1,56,62,57,-1,57,62,63,-1,64,65,66,-1,66,65,67,-1,68,69,70,-1,70,69,71,-1,70,64,68,-1,68,64,66,-1,64,70,65,-1,65,70,71,-1,72,73,74,-1,74,73,75,-1,76,77,78,-1,78,77,79,-1,78,72,76,-1,76,72,74,-1,72,78,73,-1,73,78,79,-1,80,81,82,-1,82,81,83,-1,84,85,86,-1,86,85,87,-1,86,80,84,-1,84,80,82,-1,80,86,81,-1,81,86,87,-1,88,89,90,-1,90,89,91,-1,92,93,94,-1,94,93,95,-1,94,88,92,-1,92,88,90,-1,88,94,89,-1,89,94,95,-1,96,97,98,-1,98,97,99,-1,97,100,99,-1,99,100,101,-1,102,96,103,-1,103,96,98,-1,97,96,100,-1,100,96,102,-1,104,105,106,-1,106,105,107,-1,105,108,107,-1,107,108,109,-1,110,104,111,-1,111,104,106,-1,105,104,108,-1,108,104,110,-1,112,113,114,-1,114,113,115,-1,113,116,115,-1,115,116,117,-1,118,112,119,-1,119,112,114,-1,113,112,116,-1,116,112,118,-1,120,121,122,-1,122,121,123,-1,121,124,123,-1,123,124,125,-1,126,120,127,-1,127,120,122,-1,121,120,124,-1,124,120,126,-1,128,129,130,-1,130,129,131,-1,129,132,131,-1,131,132,133,-1,134,128,135,-1,135,128,130,-1,129,128,132,-1,132,128,134,-1,136,137,138,-1,138,137,139,-1,137,140,139,-1,139,140,141,-1,142,136,143,-1,143,136,138,-1,137,136,140,-1,140,136,142,-1,144,145,146,-1,146,145,147,-1,145,148,147,-1,147,148,149,-1,150,144,151,-1,151,144,146,-1,145,144,148,-1,148,144,150,-1,152,153,154,-1,155,156,157,-1,157,156,158,-1,155,157,159,-1,159,157,160,-1,159,160,161,-1,161,160,162,-1,161,162,163,-1,163,162,164,-1,163,164,165,-1,154,153,164,-1,164,153,166,-1,164,166,165,-1,152,154,167,-1,167,154,168,-1,167,168,169,-1,169,168,170,-1,169,170,171,-1,171,170,172,-1,172,170,173,-1,172,173,174,-1,174,173,175,-1,174,175,176,-1,176,175,177,-1,176,177,178,-1,178,177,179,-1,179,177,180,-1,179,180,181,-1,181,180,182,-1,182,180,183,-1,182,183,184,-1,184,183,185,-1,185,183,186,-1,185,186,187,-1,187,186,188,-1,188,186,189,-1,188,189,190,-1,190,189,191,-1,190,191,192,-1,192,191,193,-1,192,193,194,-1,195,196,193,-1,193,196,197,-1,193,197,194,-1,198,199,200,-1,200,199,201,-1,200,201,195,-1,195,201,202,-1,195,202,196,-1,203,204,205,-1,205,204,206,-1,205,206,207,-1,207,206,208,-1,207,208,198,-1,198,208,209,-1,198,209,199,-1,210,211,203,-1,203,211,212,-1,203,212,204,-1,156,213,158,-1,158,213,214,-1,158,214,210,-1,210,214,215,-1,210,215,211,-1,207,198,216,-1,216,198,200,-1,216,200,195,-1,210,203,216,-1,216,203,205,-1,216,205,207,-1,160,157,216,-1,216,157,158,-1,216,158,210,-1,154,164,216,-1,216,164,162,-1,216,162,160,-1,173,170,216,-1,216,170,168,-1,216,168,154,-1,180,177,216,-1,216,177,175,-1,216,175,173,-1,189,186,216,-1,216,186,183,-1,216,183,180,-1,195,193,216,-1,216,193,191,-1,216,191,189,-1,217,218,219,-1,220,221,222,-1,222,221,223,-1,220,222,224,-1,224,222,225,-1,224,225,226,-1,226,225,227,-1,226,227,228,-1,228,227,229,-1,228,229,230,-1,219,218,229,-1,229,218,231,-1,229,231,230,-1,217,219,232,-1,232,219,233,-1,232,233,234,-1,234,233,235,-1,234,235,236,-1,236,235,237,-1,237,235,238,-1,237,238,239,-1,239,238,240,-1,239,240,241,-1,241,240,242,-1,241,242,243,-1,243,242,244,-1,244,242,245,-1,244,245,246,-1,246,245,247,-1,247,245,248,-1,247,248,249,-1,249,248,250,-1,250,248,251,-1,250,251,252,-1,252,251,253,-1,253,251,254,-1,253,254,255,-1,255,254,256,-1,255,256,257,-1,257,256,258,-1,257,258,259,-1,260,261,258,-1,258,261,262,-1,258,262,259,-1,263,264,265,-1,265,264,266,-1,265,266,260,-1,260,266,267,-1,260,267,261,-1,268,269,270,-1,270,269,271,-1,270,271,272,-1,272,271,273,-1,272,273,263,-1,263,273,274,-1,263,274,264,-1,275,276,268,-1,268,276,277,-1,268,277,269,-1,221,278,223,-1,223,278,279,-1,223,279,275,-1,275,279,280,-1,275,280,276,-1,272,263,281,-1,281,263,265,-1,281,265,260,-1,275,268,281,-1,281,268,270,-1,281,270,272,-1,225,222,281,-1,281,222,223,-1,281,223,275,-1,219,229,281,-1,281,229,227,-1,281,227,225,-1,238,235,281,-1,281,235,233,-1,281,233,219,-1,245,242,281,-1,281,242,240,-1,281,240,238,-1,254,251,281,-1,281,251,248,-1,281,248,245,-1,260,258,281,-1,281,258,256,-1,281,256,254,-1,282,283,284,-1,285,286,287,-1,287,286,288,-1,285,287,289,-1,289,287,290,-1,289,290,291,-1,291,290,292,-1,291,292,293,-1,293,292,294,-1,293,294,295,-1,284,283,294,-1,294,283,296,-1,294,296,295,-1,282,284,297,-1,297,284,298,-1,297,298,299,-1,299,298,300,-1,299,300,301,-1,301,300,302,-1,302,300,303,-1,302,303,304,-1,304,303,305,-1,304,305,306,-1,306,305,307,-1,306,307,308,-1,308,307,309,-1,309,307,310,-1,309,310,311,-1,311,310,312,-1,312,310,313,-1,312,313,314,-1,314,313,315,-1,315,313,316,-1,315,316,317,-1,317,316,318,-1,318,316,319,-1,318,319,320,-1,320,319,321,-1,320,321,322,-1,322,321,323,-1,322,323,324,-1,325,326,323,-1,323,326,327,-1,323,327,324,-1,328,329,330,-1,330,329,331,-1,330,331,325,-1,325,331,332,-1,325,332,326,-1,333,334,335,-1,335,334,336,-1,335,336,337,-1,337,336,338,-1,337,338,328,-1,328,338,339,-1,328,339,329,-1,340,341,333,-1,333,341,342,-1,333,342,334,-1,286,343,288,-1,288,343,344,-1,288,344,340,-1,340,344,345,-1,340,345,341,-1,337,328,346,-1,346,328,330,-1,346,330,325,-1,340,333,346,-1,346,333,335,-1,346,335,337,-1,290,287,346,-1,346,287,288,-1,346,288,340,-1,284,294,346,-1,346,294,292,-1,346,292,290,-1,303,300,346,-1,346,300,298,-1,346,298,284,-1,310,307,346,-1,346,307,305,-1,346,305,303,-1,319,316,346,-1,346,316,313,-1,346,313,310,-1,325,323,346,-1,346,323,321,-1,346,321,319,-1,347,348,349,-1,350,351,352,-1,352,351,353,-1,350,352,354,-1,354,352,355,-1,354,355,356,-1,356,355,357,-1,356,357,358,-1,358,357,359,-1,358,359,360,-1,349,348,359,-1,359,348,361,-1,359,361,360,-1,347,349,362,-1,362,349,363,-1,362,363,364,-1,364,363,365,-1,364,365,366,-1,366,365,367,-1,367,365,368,-1,367,368,369,-1,369,368,370,-1,369,370,371,-1,371,370,372,-1,371,372,373,-1,373,372,374,-1,374,372,375,-1,374,375,376,-1,376,375,377,-1,377,375,378,-1,377,378,379,-1,379,378,380,-1,380,378,381,-1,380,381,382,-1,382,381,383,-1,383,381,384,-1,383,384,385,-1,385,384,386,-1,385,386,387,-1,387,386,388,-1,387,388,389,-1,390,391,388,-1,388,391,392,-1,388,392,389,-1,393,394,395,-1,395,394,396,-1,395,396,390,-1,390,396,397,-1,390,397,391,-1,398,399,400,-1,400,399,401,-1,400,401,402,-1,402,401,403,-1,402,403,393,-1,393,403,404,-1,393,404,394,-1,405,406,398,-1,398,406,407,-1,398,407,399,-1,351,408,353,-1,353,408,409,-1,353,409,405,-1,405,409,410,-1,405,410,406,-1,402,393,411,-1,411,393,395,-1,411,395,390,-1,405,398,411,-1,411,398,400,-1,411,400,402,-1,355,352,411,-1,411,352,353,-1,411,353,405,-1,349,359,411,-1,411,359,357,-1,411,357,355,-1,368,365,411,-1,411,365,363,-1,411,363,349,-1,375,372,411,-1,411,372,370,-1,411,370,368,-1,384,381,411,-1,411,381,378,-1,411,378,375,-1,390,388,411,-1,411,388,386,-1,411,386,384,-1,412,413,414,-1,415,416,417,-1,417,416,418,-1,415,417,419,-1,419,417,420,-1,419,420,421,-1,421,420,422,-1,421,422,423,-1,423,422,424,-1,423,424,425,-1,414,413,424,-1,424,413,426,-1,424,426,425,-1,412,414,427,-1,427,414,428,-1,427,428,429,-1,429,428,430,-1,429,430,431,-1,431,430,432,-1,432,430,433,-1,432,433,434,-1,434,433,435,-1,434,435,436,-1,436,435,437,-1,436,437,438,-1,438,437,439,-1,439,437,440,-1,439,440,441,-1,441,440,442,-1,442,440,443,-1,442,443,444,-1,444,443,445,-1,445,443,446,-1,445,446,447,-1,447,446,448,-1,448,446,449,-1,448,449,450,-1,450,449,451,-1,450,451,452,-1,452,451,453,-1,452,453,454,-1,455,456,453,-1,453,456,457,-1,453,457,454,-1,458,459,460,-1,460,459,461,-1,460,461,455,-1,455,461,462,-1,455,462,456,-1,463,464,465,-1,465,464,466,-1,465,466,467,-1,467,466,468,-1,467,468,458,-1,458,468,469,-1,458,469,459,-1,470,471,463,-1,463,471,472,-1,463,472,464,-1,416,473,418,-1,418,473,474,-1,418,474,470,-1,470,474,475,-1,470,475,471,-1,467,458,476,-1,476,458,460,-1,476,460,455,-1,470,463,476,-1,476,463,465,-1,476,465,467,-1,420,417,476,-1,476,417,418,-1,476,418,470,-1,414,424,476,-1,476,424,422,-1,476,422,420,-1,433,430,476,-1,476,430,428,-1,476,428,414,-1,440,437,476,-1,476,437,435,-1,476,435,433,-1,449,446,476,-1,476,446,443,-1,476,443,440,-1,455,453,476,-1,476,453,451,-1,476,451,449,-1,477,478,479,-1,480,481,482,-1,482,481,483,-1,480,482,484,-1,484,482,485,-1,484,485,486,-1,486,485,487,-1,486,487,488,-1,488,487,489,-1,488,489,490,-1,479,478,489,-1,489,478,491,-1,489,491,490,-1,477,479,492,-1,492,479,493,-1,492,493,494,-1,494,493,495,-1,494,495,496,-1,496,495,497,-1,497,495,498,-1,497,498,499,-1,499,498,500,-1,499,500,501,-1,501,500,502,-1,501,502,503,-1,503,502,504,-1,504,502,505,-1,504,505,506,-1,506,505,507,-1,507,505,508,-1,507,508,509,-1,509,508,510,-1,510,508,511,-1,510,511,512,-1,512,511,513,-1,513,511,514,-1,513,514,515,-1,515,514,516,-1,515,516,517,-1,517,516,518,-1,517,518,519,-1,520,521,518,-1,518,521,522,-1,518,522,519,-1,523,524,525,-1,525,524,526,-1,525,526,520,-1,520,526,527,-1,520,527,521,-1,528,529,530,-1,530,529,531,-1,530,531,532,-1,532,531,533,-1,532,533,523,-1,523,533,534,-1,523,534,524,-1,535,536,528,-1,528,536,537,-1,528,537,529,-1,481,538,483,-1,483,538,539,-1,483,539,535,-1,535,539,540,-1,535,540,536,-1,532,523,541,-1,541,523,525,-1,541,525,520,-1,535,528,541,-1,541,528,530,-1,541,530,532,-1,485,482,541,-1,541,482,483,-1,541,483,535,-1,479,489,541,-1,541,489,487,-1,541,487,485,-1,498,495,541,-1,541,495,493,-1,541,493,479,-1,505,502,541,-1,541,502,500,-1,541,500,498,-1,514,511,541,-1,541,511,508,-1,541,508,505,-1,520,518,541,-1,541,518,516,-1,541,516,514,-1,542,543,544,-1,545,546,547,-1,547,546,548,-1,545,547,549,-1,549,547,550,-1,549,550,551,-1,551,550,552,-1,551,552,553,-1,553,552,554,-1,553,554,555,-1,544,543,554,-1,554,543,556,-1,554,556,555,-1,542,544,557,-1,557,544,558,-1,557,558,559,-1,559,558,560,-1,559,560,561,-1,561,560,562,-1,562,560,563,-1,562,563,564,-1,564,563,565,-1,564,565,566,-1,566,565,567,-1,566,567,568,-1,568,567,569,-1,569,567,570,-1,569,570,571,-1,571,570,572,-1,572,570,573,-1,572,573,574,-1,574,573,575,-1,575,573,576,-1,575,576,577,-1,577,576,578,-1,578,576,579,-1,578,579,580,-1,580,579,581,-1,580,581,582,-1,582,581,583,-1,582,583,584,-1,585,586,583,-1,583,586,587,-1,583,587,584,-1,588,589,590,-1,590,589,591,-1,590,591,585,-1,585,591,592,-1,585,592,586,-1,593,594,595,-1,595,594,596,-1,595,596,597,-1,597,596,598,-1,597,598,588,-1,588,598,599,-1,588,599,589,-1,600,601,593,-1,593,601,602,-1,593,602,594,-1,546,603,548,-1,548,603,604,-1,548,604,600,-1,600,604,605,-1,600,605,601,-1,597,588,606,-1,606,588,590,-1,606,590,585,-1,600,593,606,-1,606,593,595,-1,606,595,597,-1,550,547,606,-1,606,547,548,-1,606,548,600,-1,544,554,606,-1,606,554,552,-1,606,552,550,-1,563,560,606,-1,606,560,558,-1,606,558,544,-1,570,567,606,-1,606,567,565,-1,606,565,563,-1,579,576,606,-1,606,576,573,-1,606,573,570,-1,585,583,606,-1,606,583,581,-1,606,581,579,-1,607,608,609,-1,610,611,612,-1,612,611,613,-1,610,612,614,-1,614,612,615,-1,614,615,616,-1,616,615,617,-1,616,617,618,-1,618,617,619,-1,618,619,620,-1,609,608,619,-1,619,608,621,-1,619,621,620,-1,607,609,622,-1,622,609,623,-1,622,623,624,-1,624,623,625,-1,624,625,626,-1,626,625,627,-1,627,625,628,-1,627,628,629,-1,629,628,630,-1,629,630,631,-1,631,630,632,-1,631,632,633,-1,633,632,634,-1,634,632,635,-1,634,635,636,-1,636,635,637,-1,637,635,638,-1,637,638,639,-1,639,638,640,-1,640,638,641,-1,640,641,642,-1,642,641,643,-1,643,641,644,-1,643,644,645,-1,645,644,646,-1,645,646,647,-1,647,646,648,-1,647,648,649,-1,650,651,648,-1,648,651,652,-1,648,652,649,-1,653,654,655,-1,655,654,656,-1,655,656,650,-1,650,656,657,-1,650,657,651,-1,658,659,660,-1,660,659,661,-1,660,661,662,-1,662,661,663,-1,662,663,653,-1,653,663,664,-1,653,664,654,-1,665,666,658,-1,658,666,667,-1,658,667,659,-1,611,668,613,-1,613,668,669,-1,613,669,665,-1,665,669,670,-1,665,670,666,-1,662,653,671,-1,671,653,655,-1,671,655,650,-1,665,658,671,-1,671,658,660,-1,671,660,662,-1,615,612,671,-1,671,612,613,-1,671,613,665,-1,609,619,671,-1,671,619,617,-1,671,617,615,-1,628,625,671,-1,671,625,623,-1,671,623,609,-1,635,632,671,-1,671,632,630,-1,671,630,628,-1,644,641,671,-1,671,641,638,-1,671,638,635,-1,650,648,671,-1,671,648,646,-1,671,646,644,-1,672,673,674,-1,675,676,677,-1,677,676,678,-1,675,677,679,-1,679,677,680,-1,679,680,681,-1,681,680,682,-1,681,682,683,-1,683,682,684,-1,683,684,685,-1,674,673,684,-1,684,673,686,-1,684,686,685,-1,672,674,687,-1,687,674,688,-1,687,688,689,-1,689,688,690,-1,689,690,691,-1,691,690,692,-1,692,690,693,-1,692,693,694,-1,694,693,695,-1,694,695,696,-1,696,695,697,-1,696,697,698,-1,698,697,699,-1,699,697,700,-1,699,700,701,-1,701,700,702,-1,702,700,703,-1,702,703,704,-1,704,703,705,-1,705,703,706,-1,705,706,707,-1,707,706,708,-1,708,706,709,-1,708,709,710,-1,710,709,711,-1,710,711,712,-1,712,711,713,-1,712,713,714,-1,715,716,713,-1,713,716,717,-1,713,717,714,-1,718,719,720,-1,720,719,721,-1,720,721,715,-1,715,721,722,-1,715,722,716,-1,723,724,725,-1,725,724,726,-1,725,726,727,-1,727,726,728,-1,727,728,718,-1,718,728,729,-1,718,729,719,-1,730,731,723,-1,723,731,732,-1,723,732,724,-1,676,733,678,-1,678,733,734,-1,678,734,730,-1,730,734,735,-1,730,735,731,-1,727,718,736,-1,736,718,720,-1,736,720,715,-1,730,723,736,-1,736,723,725,-1,736,725,727,-1,680,677,736,-1,736,677,678,-1,736,678,730,-1,674,684,736,-1,736,684,682,-1,736,682,680,-1,693,690,736,-1,736,690,688,-1,736,688,674,-1,700,697,736,-1,736,697,695,-1,736,695,693,-1,709,706,736,-1,736,706,703,-1,736,703,700,-1,715,713,736,-1,736,713,711,-1,736,711,709,-1,737,738,739,-1,740,741,742,-1,742,741,743,-1,740,742,744,-1,744,742,745,-1,744,745,746,-1,746,745,747,-1,746,747,748,-1,748,747,749,-1,748,749,750,-1,739,738,749,-1,749,738,751,-1,749,751,750,-1,737,739,752,-1,752,739,753,-1,752,753,754,-1,754,753,755,-1,754,755,756,-1,756,755,757,-1,757,755,758,-1,757,758,759,-1,759,758,760,-1,759,760,761,-1,761,760,762,-1,761,762,763,-1,763,762,764,-1,764,762,765,-1,764,765,766,-1,766,765,767,-1,767,765,768,-1,767,768,769,-1,769,768,770,-1,770,768,771,-1,770,771,772,-1,772,771,773,-1,773,771,774,-1,773,774,775,-1,775,774,776,-1,775,776,777,-1,777,776,778,-1,777,778,779,-1,780,781,778,-1,778,781,782,-1,778,782,779,-1,783,784,785,-1,785,784,786,-1,785,786,780,-1,780,786,787,-1,780,787,781,-1,788,789,790,-1,790,789,791,-1,790,791,792,-1,792,791,793,-1,792,793,783,-1,783,793,794,-1,783,794,784,-1,795,796,788,-1,788,796,797,-1,788,797,789,-1,741,798,743,-1,743,798,799,-1,743,799,795,-1,795,799,800,-1,795,800,796,-1,792,783,801,-1,801,783,785,-1,801,785,780,-1,795,788,801,-1,801,788,790,-1,801,790,792,-1,745,742,801,-1,801,742,743,-1,801,743,795,-1,739,749,801,-1,801,749,747,-1,801,747,745,-1,758,755,801,-1,801,755,753,-1,801,753,739,-1,765,762,801,-1,801,762,760,-1,801,760,758,-1,774,771,801,-1,801,771,768,-1,801,768,765,-1,780,778,801,-1,801,778,776,-1,801,776,774,-1,802,803,804,-1,805,806,807,-1,807,806,808,-1,805,807,809,-1,809,807,810,-1,809,810,811,-1,811,810,812,-1,811,812,813,-1,813,812,814,-1,813,814,815,-1,804,803,814,-1,814,803,816,-1,814,816,815,-1,802,804,817,-1,817,804,818,-1,817,818,819,-1,819,818,820,-1,819,820,821,-1,821,820,822,-1,822,820,823,-1,822,823,824,-1,824,823,825,-1,824,825,826,-1,826,825,827,-1,826,827,828,-1,828,827,829,-1,829,827,830,-1,829,830,831,-1,831,830,832,-1,832,830,833,-1,832,833,834,-1,834,833,835,-1,835,833,836,-1,835,836,837,-1,837,836,838,-1,838,836,839,-1,838,839,840,-1,840,839,841,-1,840,841,842,-1,842,841,843,-1,842,843,844,-1,845,846,843,-1,843,846,847,-1,843,847,844,-1,848,849,850,-1,850,849,851,-1,850,851,845,-1,845,851,852,-1,845,852,846,-1,853,854,855,-1,855,854,856,-1,855,856,857,-1,857,856,858,-1,857,858,848,-1,848,858,859,-1,848,859,849,-1,860,861,853,-1,853,861,862,-1,853,862,854,-1,806,863,808,-1,808,863,864,-1,808,864,860,-1,860,864,865,-1,860,865,861,-1,857,848,866,-1,866,848,850,-1,866,850,845,-1,860,853,866,-1,866,853,855,-1,866,855,857,-1,810,807,866,-1,866,807,808,-1,866,808,860,-1,804,814,866,-1,866,814,812,-1,866,812,810,-1,823,820,866,-1,866,820,818,-1,866,818,804,-1,830,827,866,-1,866,827,825,-1,866,825,823,-1,839,836,866,-1,866,836,833,-1,866,833,830,-1,845,843,866,-1,866,843,841,-1,866,841,839,-1,867,868,869,-1,870,871,872,-1,872,871,873,-1,870,872,874,-1,874,872,875,-1,874,875,876,-1,876,875,877,-1,876,877,878,-1,878,877,879,-1,878,879,880,-1,869,868,879,-1,879,868,881,-1,879,881,880,-1,867,869,882,-1,882,869,883,-1,882,883,884,-1,884,883,885,-1,884,885,886,-1,886,885,887,-1,887,885,888,-1,887,888,889,-1,889,888,890,-1,889,890,891,-1,891,890,892,-1,891,892,893,-1,893,892,894,-1,894,892,895,-1,894,895,896,-1,896,895,897,-1,897,895,898,-1,897,898,899,-1,899,898,900,-1,900,898,901,-1,900,901,902,-1,902,901,903,-1,903,901,904,-1,903,904,905,-1,905,904,906,-1,905,906,907,-1,907,906,908,-1,907,908,909,-1,910,911,908,-1,908,911,912,-1,908,912,909,-1,913,914,915,-1,915,914,916,-1,915,916,910,-1,910,916,917,-1,910,917,911,-1,918,919,920,-1,920,919,921,-1,920,921,922,-1,922,921,923,-1,922,923,913,-1,913,923,924,-1,913,924,914,-1,925,926,918,-1,918,926,927,-1,918,927,919,-1,871,928,873,-1,873,928,929,-1,873,929,925,-1,925,929,930,-1,925,930,926,-1,922,913,931,-1,931,913,915,-1,931,915,910,-1,925,918,931,-1,931,918,920,-1,931,920,922,-1,875,872,931,-1,931,872,873,-1,931,873,925,-1,869,879,931,-1,931,879,877,-1,931,877,875,-1,888,885,931,-1,931,885,883,-1,931,883,869,-1,895,892,931,-1,931,892,890,-1,931,890,888,-1,904,901,931,-1,931,901,898,-1,931,898,895,-1,910,908,931,-1,931,908,906,-1,931,906,904,-1,932,933,934,-1,935,936,937,-1,937,936,938,-1,935,937,939,-1,939,937,940,-1,939,940,941,-1,941,940,942,-1,941,942,943,-1,943,942,944,-1,943,944,945,-1,934,933,944,-1,944,933,946,-1,944,946,945,-1,932,934,947,-1,947,934,948,-1,947,948,949,-1,949,948,950,-1,949,950,951,-1,951,950,952,-1,952,950,953,-1,952,953,954,-1,954,953,955,-1,954,955,956,-1,956,955,957,-1,956,957,958,-1,958,957,959,-1,959,957,960,-1,959,960,961,-1,961,960,962,-1,962,960,963,-1,962,963,964,-1,964,963,965,-1,965,963,966,-1,965,966,967,-1,967,966,968,-1,968,966,969,-1,968,969,970,-1,970,969,971,-1,970,971,972,-1,972,971,973,-1,972,973,974,-1,975,976,973,-1,973,976,977,-1,973,977,974,-1,978,979,980,-1,980,979,981,-1,980,981,975,-1,975,981,982,-1,975,982,976,-1,983,984,985,-1,985,984,986,-1,985,986,987,-1,987,986,988,-1,987,988,978,-1,978,988,989,-1,978,989,979,-1,990,991,983,-1,983,991,992,-1,983,992,984,-1,936,993,938,-1,938,993,994,-1,938,994,990,-1,990,994,995,-1,990,995,991,-1,987,978,996,-1,996,978,980,-1,996,980,975,-1,990,983,996,-1,996,983,985,-1,996,985,987,-1,940,937,996,-1,996,937,938,-1,996,938,990,-1,934,944,996,-1,996,944,942,-1,996,942,940,-1,953,950,996,-1,996,950,948,-1,996,948,934,-1,960,957,996,-1,996,957,955,-1,996,955,953,-1,969,966,996,-1,996,966,963,-1,996,963,960,-1,975,973,996,-1,996,973,971,-1,996,971,969,-1,997,998,999,-1,1000,1001,1002,-1,1002,1001,1003,-1,1000,1002,1004,-1,1004,1002,1005,-1,1004,1005,1006,-1,1006,1005,1007,-1,1006,1007,1008,-1,1008,1007,1009,-1,1008,1009,1010,-1,999,998,1009,-1,1009,998,1011,-1,1009,1011,1010,-1,997,999,1012,-1,1012,999,1013,-1,1012,1013,1014,-1,1014,1013,1015,-1,1014,1015,1016,-1,1016,1015,1017,-1,1017,1015,1018,-1,1017,1018,1019,-1,1019,1018,1020,-1,1019,1020,1021,-1,1021,1020,1022,-1,1021,1022,1023,-1,1023,1022,1024,-1,1024,1022,1025,-1,1024,1025,1026,-1,1026,1025,1027,-1,1027,1025,1028,-1,1027,1028,1029,-1,1029,1028,1030,-1,1030,1028,1031,-1,1030,1031,1032,-1,1032,1031,1033,-1,1033,1031,1034,-1,1033,1034,1035,-1,1035,1034,1036,-1,1035,1036,1037,-1,1037,1036,1038,-1,1037,1038,1039,-1,1040,1041,1038,-1,1038,1041,1042,-1,1038,1042,1039,-1,1043,1044,1045,-1,1045,1044,1046,-1,1045,1046,1040,-1,1040,1046,1047,-1,1040,1047,1041,-1,1048,1049,1050,-1,1050,1049,1051,-1,1050,1051,1052,-1,1052,1051,1053,-1,1052,1053,1043,-1,1043,1053,1054,-1,1043,1054,1044,-1,1055,1056,1048,-1,1048,1056,1057,-1,1048,1057,1049,-1,1001,1058,1003,-1,1003,1058,1059,-1,1003,1059,1055,-1,1055,1059,1060,-1,1055,1060,1056,-1,1052,1043,1061,-1,1061,1043,1045,-1,1061,1045,1040,-1,1055,1048,1061,-1,1061,1048,1050,-1,1061,1050,1052,-1,1005,1002,1061,-1,1061,1002,1003,-1,1061,1003,1055,-1,999,1009,1061,-1,1061,1009,1007,-1,1061,1007,1005,-1,1018,1015,1061,-1,1061,1015,1013,-1,1061,1013,999,-1,1025,1022,1061,-1,1061,1022,1020,-1,1061,1020,1018,-1,1034,1031,1061,-1,1061,1031,1028,-1,1061,1028,1025,-1,1040,1038,1061,-1,1061,1038,1036,-1,1061,1036,1034,-1,1062,1063,1064,-1,1065,1066,1067,-1,1067,1066,1068,-1,1065,1067,1069,-1,1069,1067,1070,-1,1069,1070,1071,-1,1071,1070,1072,-1,1071,1072,1073,-1,1073,1072,1074,-1,1073,1074,1075,-1,1064,1063,1074,-1,1074,1063,1076,-1,1074,1076,1075,-1,1062,1064,1077,-1,1077,1064,1078,-1,1077,1078,1079,-1,1079,1078,1080,-1,1079,1080,1081,-1,1081,1080,1082,-1,1082,1080,1083,-1,1082,1083,1084,-1,1084,1083,1085,-1,1084,1085,1086,-1,1086,1085,1087,-1,1086,1087,1088,-1,1088,1087,1089,-1,1089,1087,1090,-1,1089,1090,1091,-1,1091,1090,1092,-1,1092,1090,1093,-1,1092,1093,1094,-1,1094,1093,1095,-1,1095,1093,1096,-1,1095,1096,1097,-1,1097,1096,1098,-1,1098,1096,1099,-1,1098,1099,1100,-1,1100,1099,1101,-1,1100,1101,1102,-1,1102,1101,1103,-1,1102,1103,1104,-1,1105,1106,1103,-1,1103,1106,1107,-1,1103,1107,1104,-1,1108,1109,1110,-1,1110,1109,1111,-1,1110,1111,1105,-1,1105,1111,1112,-1,1105,1112,1106,-1,1113,1114,1115,-1,1115,1114,1116,-1,1115,1116,1117,-1,1117,1116,1118,-1,1117,1118,1108,-1,1108,1118,1119,-1,1108,1119,1109,-1,1120,1121,1113,-1,1113,1121,1122,-1,1113,1122,1114,-1,1066,1123,1068,-1,1068,1123,1124,-1,1068,1124,1120,-1,1120,1124,1125,-1,1120,1125,1121,-1,1117,1108,1126,-1,1126,1108,1110,-1,1126,1110,1105,-1,1120,1113,1126,-1,1126,1113,1115,-1,1126,1115,1117,-1,1070,1067,1126,-1,1126,1067,1068,-1,1126,1068,1120,-1,1064,1074,1126,-1,1126,1074,1072,-1,1126,1072,1070,-1,1083,1080,1126,-1,1126,1080,1078,-1,1126,1078,1064,-1,1090,1087,1126,-1,1126,1087,1085,-1,1126,1085,1083,-1,1099,1096,1126,-1,1126,1096,1093,-1,1126,1093,1090,-1,1105,1103,1126,-1,1126,1103,1101,-1,1126,1101,1099,-1,1127,1128,1129,-1,1130,1131,1132,-1,1132,1131,1133,-1,1130,1132,1134,-1,1134,1132,1135,-1,1134,1135,1136,-1,1136,1135,1137,-1,1136,1137,1138,-1,1138,1137,1139,-1,1138,1139,1140,-1,1129,1128,1139,-1,1139,1128,1141,-1,1139,1141,1140,-1,1127,1129,1142,-1,1142,1129,1143,-1,1142,1143,1144,-1,1144,1143,1145,-1,1144,1145,1146,-1,1146,1145,1147,-1,1147,1145,1148,-1,1147,1148,1149,-1,1149,1148,1150,-1,1149,1150,1151,-1,1151,1150,1152,-1,1151,1152,1153,-1,1153,1152,1154,-1,1154,1152,1155,-1,1154,1155,1156,-1,1156,1155,1157,-1,1157,1155,1158,-1,1157,1158,1159,-1,1159,1158,1160,-1,1160,1158,1161,-1,1160,1161,1162,-1,1162,1161,1163,-1,1163,1161,1164,-1,1163,1164,1165,-1,1165,1164,1166,-1,1165,1166,1167,-1,1167,1166,1168,-1,1167,1168,1169,-1,1170,1171,1168,-1,1168,1171,1172,-1,1168,1172,1169,-1,1173,1174,1175,-1,1175,1174,1176,-1,1175,1176,1170,-1,1170,1176,1177,-1,1170,1177,1171,-1,1178,1179,1180,-1,1180,1179,1181,-1,1180,1181,1182,-1,1182,1181,1183,-1,1182,1183,1173,-1,1173,1183,1184,-1,1173,1184,1174,-1,1185,1186,1178,-1,1178,1186,1187,-1,1178,1187,1179,-1,1131,1188,1133,-1,1133,1188,1189,-1,1133,1189,1185,-1,1185,1189,1190,-1,1185,1190,1186,-1,1182,1173,1191,-1,1191,1173,1175,-1,1191,1175,1170,-1,1185,1178,1191,-1,1191,1178,1180,-1,1191,1180,1182,-1,1135,1132,1191,-1,1191,1132,1133,-1,1191,1133,1185,-1,1129,1139,1191,-1,1191,1139,1137,-1,1191,1137,1135,-1,1148,1145,1191,-1,1191,1145,1143,-1,1191,1143,1129,-1,1155,1152,1191,-1,1191,1152,1150,-1,1191,1150,1148,-1,1164,1161,1191,-1,1191,1161,1158,-1,1191,1158,1155,-1,1170,1168,1191,-1,1191,1168,1166,-1,1191,1166,1164,-1,1192,1193,1194,-1,1195,1196,1197,-1,1197,1196,1198,-1,1195,1197,1199,-1,1199,1197,1200,-1,1199,1200,1201,-1,1201,1200,1202,-1,1201,1202,1203,-1,1203,1202,1204,-1,1203,1204,1205,-1,1194,1193,1204,-1,1204,1193,1206,-1,1204,1206,1205,-1,1192,1194,1207,-1,1207,1194,1208,-1,1207,1208,1209,-1,1209,1208,1210,-1,1209,1210,1211,-1,1211,1210,1212,-1,1212,1210,1213,-1,1212,1213,1214,-1,1214,1213,1215,-1,1214,1215,1216,-1,1216,1215,1217,-1,1216,1217,1218,-1,1218,1217,1219,-1,1219,1217,1220,-1,1219,1220,1221,-1,1221,1220,1222,-1,1222,1220,1223,-1,1222,1223,1224,-1,1224,1223,1225,-1,1225,1223,1226,-1,1225,1226,1227,-1,1227,1226,1228,-1,1228,1226,1229,-1,1228,1229,1230,-1,1230,1229,1231,-1,1230,1231,1232,-1,1232,1231,1233,-1,1232,1233,1234,-1,1235,1236,1233,-1,1233,1236,1237,-1,1233,1237,1234,-1,1238,1239,1240,-1,1240,1239,1241,-1,1240,1241,1235,-1,1235,1241,1242,-1,1235,1242,1236,-1,1243,1244,1245,-1,1245,1244,1246,-1,1245,1246,1247,-1,1247,1246,1248,-1,1247,1248,1238,-1,1238,1248,1249,-1,1238,1249,1239,-1,1250,1251,1243,-1,1243,1251,1252,-1,1243,1252,1244,-1,1196,1253,1198,-1,1198,1253,1254,-1,1198,1254,1250,-1,1250,1254,1255,-1,1250,1255,1251,-1,1247,1238,1256,-1,1256,1238,1240,-1,1256,1240,1235,-1,1250,1243,1256,-1,1256,1243,1245,-1,1256,1245,1247,-1,1200,1197,1256,-1,1256,1197,1198,-1,1256,1198,1250,-1,1194,1204,1256,-1,1256,1204,1202,-1,1256,1202,1200,-1,1213,1210,1256,-1,1256,1210,1208,-1,1256,1208,1194,-1,1220,1217,1256,-1,1256,1217,1215,-1,1256,1215,1213,-1,1229,1226,1256,-1,1256,1226,1223,-1,1256,1223,1220,-1,1235,1233,1256,-1,1256,1233,1231,-1,1256,1231,1229,-1,1257,1258,1259,-1,1260,1261,1262,-1,1262,1261,1263,-1,1260,1262,1264,-1,1264,1262,1265,-1,1264,1265,1266,-1,1266,1265,1267,-1,1266,1267,1268,-1,1268,1267,1269,-1,1268,1269,1270,-1,1259,1258,1269,-1,1269,1258,1271,-1,1269,1271,1270,-1,1257,1259,1272,-1,1272,1259,1273,-1,1272,1273,1274,-1,1274,1273,1275,-1,1274,1275,1276,-1,1276,1275,1277,-1,1277,1275,1278,-1,1277,1278,1279,-1,1279,1278,1280,-1,1279,1280,1281,-1,1281,1280,1282,-1,1281,1282,1283,-1,1283,1282,1284,-1,1284,1282,1285,-1,1284,1285,1286,-1,1286,1285,1287,-1,1287,1285,1288,-1,1287,1288,1289,-1,1289,1288,1290,-1,1290,1288,1291,-1,1290,1291,1292,-1,1292,1291,1293,-1,1293,1291,1294,-1,1293,1294,1295,-1,1295,1294,1296,-1,1295,1296,1297,-1,1297,1296,1298,-1,1297,1298,1299,-1,1300,1301,1298,-1,1298,1301,1302,-1,1298,1302,1299,-1,1303,1304,1305,-1,1305,1304,1306,-1,1305,1306,1300,-1,1300,1306,1307,-1,1300,1307,1301,-1,1308,1309,1310,-1,1310,1309,1311,-1,1310,1311,1312,-1,1312,1311,1313,-1,1312,1313,1303,-1,1303,1313,1314,-1,1303,1314,1304,-1,1315,1316,1308,-1,1308,1316,1317,-1,1308,1317,1309,-1,1261,1318,1263,-1,1263,1318,1319,-1,1263,1319,1315,-1,1315,1319,1320,-1,1315,1320,1316,-1,1312,1303,1321,-1,1321,1303,1305,-1,1321,1305,1300,-1,1315,1308,1321,-1,1321,1308,1310,-1,1321,1310,1312,-1,1265,1262,1321,-1,1321,1262,1263,-1,1321,1263,1315,-1,1259,1269,1321,-1,1321,1269,1267,-1,1321,1267,1265,-1,1278,1275,1321,-1,1321,1275,1273,-1,1321,1273,1259,-1,1285,1282,1321,-1,1321,1282,1280,-1,1321,1280,1278,-1,1294,1291,1321,-1,1321,1291,1288,-1,1321,1288,1285,-1,1300,1298,1321,-1,1321,1298,1296,-1,1321,1296,1294,-1,1322,1323,1324,-1,1325,1326,1327,-1,1327,1326,1328,-1,1325,1327,1329,-1,1329,1327,1330,-1,1329,1330,1331,-1,1331,1330,1332,-1,1331,1332,1333,-1,1333,1332,1334,-1,1333,1334,1335,-1,1324,1323,1334,-1,1334,1323,1336,-1,1334,1336,1335,-1,1322,1324,1337,-1,1337,1324,1338,-1,1337,1338,1339,-1,1339,1338,1340,-1,1339,1340,1341,-1,1341,1340,1342,-1,1342,1340,1343,-1,1342,1343,1344,-1,1344,1343,1345,-1,1344,1345,1346,-1,1346,1345,1347,-1,1346,1347,1348,-1,1348,1347,1349,-1,1349,1347,1350,-1,1349,1350,1351,-1,1351,1350,1352,-1,1352,1350,1353,-1,1352,1353,1354,-1,1354,1353,1355,-1,1355,1353,1356,-1,1355,1356,1357,-1,1357,1356,1358,-1,1358,1356,1359,-1,1358,1359,1360,-1,1360,1359,1361,-1,1360,1361,1362,-1,1362,1361,1363,-1,1362,1363,1364,-1,1365,1366,1363,-1,1363,1366,1367,-1,1363,1367,1364,-1,1368,1369,1370,-1,1370,1369,1371,-1,1370,1371,1365,-1,1365,1371,1372,-1,1365,1372,1366,-1,1373,1374,1375,-1,1375,1374,1376,-1,1375,1376,1377,-1,1377,1376,1378,-1,1377,1378,1368,-1,1368,1378,1379,-1,1368,1379,1369,-1,1380,1381,1373,-1,1373,1381,1382,-1,1373,1382,1374,-1,1326,1383,1328,-1,1328,1383,1384,-1,1328,1384,1380,-1,1380,1384,1385,-1,1380,1385,1381,-1,1377,1368,1386,-1,1386,1368,1370,-1,1386,1370,1365,-1,1380,1373,1386,-1,1386,1373,1375,-1,1386,1375,1377,-1,1330,1327,1386,-1,1386,1327,1328,-1,1386,1328,1380,-1,1324,1334,1386,-1,1386,1334,1332,-1,1386,1332,1330,-1,1343,1340,1386,-1,1386,1340,1338,-1,1386,1338,1324,-1,1350,1347,1386,-1,1386,1347,1345,-1,1386,1345,1343,-1,1359,1356,1386,-1,1386,1356,1353,-1,1386,1353,1350,-1,1365,1363,1386,-1,1386,1363,1361,-1,1386,1361,1359,-1,1387,1388,1389,-1,1389,1388,1390,-1,1391,1392,1393,-1,1393,1392,1394,-1,1395,1388,1396,-1,1396,1388,1387,-1,1396,1387,1397,-1,1397,1387,1389,-1,1397,1389,1398,-1,1398,1389,1390,-1,1390,1388,1398,-1,1398,1388,1395,-1,1399,1400,1401,-1,1401,1400,1402,-1,1401,1402,1403,-1,1395,1396,1404,-1,1404,1396,1405,-1,1404,1405,1406,-1,1406,1405,1407,-1,1406,1407,1408,-1,1408,1407,1409,-1,1408,1409,1410,-1,1410,1409,1403,-1,1410,1403,1411,-1,1411,1403,1402,-1,1396,1397,1405,-1,1405,1397,1412,-1,1405,1412,1407,-1,1407,1412,1413,-1,1407,1413,1409,-1,1409,1413,1414,-1,1409,1414,1403,-1,1403,1414,1415,-1,1403,1415,1401,-1,1401,1415,1416,-1,1401,1416,1399,-1,1399,1416,1417,-1,1397,1398,1412,-1,1412,1398,1418,-1,1412,1418,1413,-1,1413,1418,1419,-1,1413,1419,1414,-1,1420,1417,1421,-1,1421,1417,1416,-1,1421,1416,1422,-1,1422,1416,1415,-1,1422,1415,1423,-1,1423,1415,1414,-1,1423,1414,1424,-1,1424,1414,1419,-1,1400,1420,1421,-1,1400,1421,1402,-1,1402,1421,1422,-1,1402,1422,1411,-1,1411,1422,1423,-1,1411,1423,1410,-1,1410,1423,1424,-1,1410,1424,1408,-1,1408,1424,1419,-1,1408,1419,1406,-1,1406,1419,1418,-1,1406,1418,1404,-1,1404,1418,1398,-1,1404,1398,1395,-1,1391,1400,1392,-1,1392,1400,1399,-1,1392,1399,1394,-1,1394,1399,1417,-1,1394,1417,1393,-1,1393,1417,1420,-1,1420,1400,1393,-1,1393,1400,1391,-1,1425,1426,1427,-1,1427,1426,1428,-1,1429,1430,1431,-1,1431,1430,1432,-1,1433,1426,1434,-1,1434,1426,1425,-1,1434,1425,1435,-1,1435,1425,1427,-1,1435,1427,1436,-1,1436,1427,1428,-1,1428,1426,1436,-1,1436,1426,1433,-1,1433,1434,1437,-1,1437,1434,1438,-1,1437,1438,1439,-1,1439,1438,1440,-1,1439,1440,1441,-1,1441,1440,1442,-1,1441,1442,1443,-1,1443,1442,1444,-1,1445,1446,1447,-1,1447,1446,1448,-1,1447,1448,1444,-1,1444,1448,1449,-1,1444,1449,1443,-1,1434,1435,1438,-1,1438,1435,1450,-1,1438,1450,1440,-1,1440,1450,1451,-1,1440,1451,1442,-1,1442,1451,1452,-1,1442,1452,1444,-1,1444,1452,1453,-1,1444,1453,1447,-1,1447,1453,1454,-1,1447,1454,1445,-1,1445,1454,1455,-1,1435,1436,1450,-1,1450,1436,1456,-1,1450,1456,1451,-1,1451,1456,1457,-1,1451,1457,1452,-1,1458,1455,1459,-1,1459,1455,1454,-1,1459,1454,1460,-1,1460,1454,1453,-1,1460,1453,1461,-1,1461,1453,1452,-1,1461,1452,1462,-1,1462,1452,1457,-1,1446,1458,1459,-1,1446,1459,1448,-1,1448,1459,1460,-1,1448,1460,1449,-1,1449,1460,1461,-1,1449,1461,1443,-1,1443,1461,1462,-1,1443,1462,1441,-1,1441,1462,1457,-1,1441,1457,1439,-1,1439,1457,1456,-1,1439,1456,1437,-1,1437,1456,1436,-1,1437,1436,1433,-1,1429,1446,1430,-1,1430,1446,1445,-1,1430,1445,1432,-1,1432,1445,1455,-1,1432,1455,1431,-1,1431,1455,1458,-1,1458,1446,1431,-1,1431,1446,1429,-1,1463,1464,1465,-1,1465,1464,1466,-1,1467,1468,1469,-1,1469,1468,1470,-1,1471,1464,1472,-1,1472,1464,1463,-1,1472,1463,1473,-1,1473,1463,1465,-1,1473,1465,1474,-1,1474,1465,1466,-1,1466,1464,1474,-1,1474,1464,1471,-1,1475,1476,1477,-1,1477,1476,1478,-1,1477,1478,1479,-1,1478,1480,1479,-1,1479,1480,1481,-1,1479,1481,1482,-1,1482,1481,1483,-1,1482,1483,1484,-1,1484,1483,1485,-1,1484,1485,1486,-1,1486,1485,1487,-1,1486,1487,1472,-1,1472,1487,1471,-1,1472,1473,1486,-1,1486,1473,1488,-1,1486,1488,1484,-1,1484,1488,1489,-1,1484,1489,1482,-1,1482,1489,1490,-1,1482,1490,1479,-1,1479,1490,1491,-1,1479,1491,1477,-1,1477,1491,1492,-1,1477,1492,1475,-1,1475,1492,1493,-1,1494,1493,1495,-1,1495,1493,1492,-1,1495,1492,1496,-1,1496,1492,1491,-1,1496,1491,1497,-1,1497,1491,1490,-1,1473,1474,1488,-1,1488,1474,1498,-1,1488,1498,1489,-1,1489,1498,1499,-1,1489,1499,1490,-1,1490,1499,1500,-1,1490,1500,1497,-1,1476,1494,1495,-1,1476,1495,1478,-1,1478,1495,1496,-1,1478,1496,1480,-1,1480,1496,1497,-1,1480,1497,1481,-1,1481,1497,1500,-1,1481,1500,1483,-1,1483,1500,1499,-1,1483,1499,1485,-1,1485,1499,1498,-1,1485,1498,1487,-1,1487,1498,1474,-1,1487,1474,1471,-1,1467,1476,1468,-1,1468,1476,1475,-1,1468,1475,1470,-1,1470,1475,1493,-1,1470,1493,1469,-1,1469,1493,1494,-1,1494,1476,1469,-1,1469,1476,1467,-1,1501,1502,1503,-1,1503,1502,1504,-1,1505,1506,1507,-1,1507,1506,1508,-1,1509,1502,1510,-1,1510,1502,1501,-1,1510,1501,1511,-1,1511,1501,1503,-1,1511,1503,1512,-1,1512,1503,1504,-1,1504,1502,1512,-1,1512,1502,1509,-1,1513,1514,1515,-1,1515,1514,1516,-1,1515,1516,1517,-1,1517,1516,1518,-1,1517,1518,1519,-1,1509,1510,1520,-1,1520,1510,1521,-1,1520,1521,1522,-1,1522,1521,1523,-1,1522,1523,1524,-1,1524,1523,1519,-1,1524,1519,1525,-1,1525,1519,1518,-1,1510,1511,1521,-1,1521,1511,1526,-1,1521,1526,1523,-1,1523,1526,1527,-1,1523,1527,1519,-1,1519,1527,1528,-1,1519,1528,1517,-1,1517,1528,1529,-1,1517,1529,1515,-1,1515,1529,1530,-1,1515,1530,1513,-1,1513,1530,1531,-1,1511,1512,1526,-1,1526,1512,1532,-1,1526,1532,1527,-1,1533,1531,1534,-1,1534,1531,1530,-1,1534,1530,1535,-1,1535,1530,1529,-1,1535,1529,1536,-1,1536,1529,1528,-1,1536,1528,1537,-1,1537,1528,1527,-1,1537,1527,1538,-1,1538,1527,1532,-1,1514,1533,1534,-1,1514,1534,1516,-1,1516,1534,1535,-1,1516,1535,1518,-1,1518,1535,1536,-1,1518,1536,1525,-1,1525,1536,1537,-1,1525,1537,1524,-1,1524,1537,1538,-1,1524,1538,1522,-1,1522,1538,1532,-1,1522,1532,1520,-1,1520,1532,1512,-1,1520,1512,1509,-1,1505,1514,1506,-1,1506,1514,1513,-1,1506,1513,1508,-1,1508,1513,1531,-1,1508,1531,1507,-1,1507,1531,1533,-1,1533,1514,1507,-1,1507,1514,1505,-1,1539,1540,1541,-1,1541,1540,1542,-1,1543,1544,1545,-1,1545,1544,1546,-1,1547,1540,1548,-1,1548,1540,1539,-1,1548,1539,1549,-1,1549,1539,1541,-1,1549,1541,1550,-1,1550,1541,1542,-1,1542,1540,1550,-1,1550,1540,1547,-1,1551,1552,1553,-1,1553,1552,1554,-1,1553,1554,1555,-1,1547,1548,1556,-1,1556,1548,1557,-1,1556,1557,1558,-1,1558,1557,1559,-1,1558,1559,1560,-1,1560,1559,1561,-1,1560,1561,1562,-1,1562,1561,1555,-1,1562,1555,1563,-1,1563,1555,1554,-1,1548,1549,1557,-1,1557,1549,1564,-1,1557,1564,1559,-1,1559,1564,1565,-1,1559,1565,1561,-1,1561,1565,1566,-1,1561,1566,1555,-1,1555,1566,1567,-1,1555,1567,1553,-1,1553,1567,1568,-1,1553,1568,1551,-1,1551,1568,1569,-1,1549,1550,1564,-1,1564,1550,1570,-1,1564,1570,1565,-1,1565,1570,1571,-1,1565,1571,1566,-1,1572,1569,1573,-1,1573,1569,1568,-1,1573,1568,1574,-1,1574,1568,1567,-1,1574,1567,1575,-1,1575,1567,1566,-1,1575,1566,1576,-1,1576,1566,1571,-1,1552,1572,1573,-1,1552,1573,1554,-1,1554,1573,1574,-1,1554,1574,1563,-1,1563,1574,1575,-1,1563,1575,1562,-1,1562,1575,1576,-1,1562,1576,1560,-1,1560,1576,1571,-1,1560,1571,1558,-1,1558,1571,1570,-1,1558,1570,1556,-1,1556,1570,1550,-1,1556,1550,1547,-1,1543,1552,1544,-1,1544,1552,1551,-1,1544,1551,1546,-1,1546,1551,1569,-1,1546,1569,1545,-1,1545,1569,1572,-1,1572,1552,1545,-1,1545,1552,1543,-1,1577,1578,1579,-1,1579,1578,1580,-1,1581,1582,1583,-1,1583,1582,1584,-1,1585,1578,1586,-1,1586,1578,1577,-1,1586,1577,1587,-1,1587,1577,1579,-1,1587,1579,1588,-1,1588,1579,1580,-1,1580,1578,1588,-1,1588,1578,1585,-1,1589,1590,1591,-1,1591,1590,1592,-1,1591,1592,1593,-1,1593,1592,1594,-1,1593,1594,1595,-1,1585,1586,1596,-1,1596,1586,1597,-1,1596,1597,1598,-1,1598,1597,1599,-1,1598,1599,1600,-1,1600,1599,1595,-1,1600,1595,1601,-1,1601,1595,1594,-1,1586,1587,1597,-1,1597,1587,1602,-1,1597,1602,1599,-1,1599,1602,1603,-1,1599,1603,1595,-1,1595,1603,1604,-1,1595,1604,1593,-1,1593,1604,1605,-1,1593,1605,1591,-1,1591,1605,1606,-1,1591,1606,1589,-1,1589,1606,1607,-1,1587,1588,1602,-1,1602,1588,1608,-1,1602,1608,1603,-1,1609,1607,1610,-1,1610,1607,1606,-1,1610,1606,1611,-1,1611,1606,1605,-1,1611,1605,1612,-1,1612,1605,1604,-1,1612,1604,1613,-1,1613,1604,1603,-1,1613,1603,1614,-1,1614,1603,1608,-1,1590,1609,1610,-1,1590,1610,1592,-1,1592,1610,1611,-1,1592,1611,1594,-1,1594,1611,1612,-1,1594,1612,1601,-1,1601,1612,1613,-1,1601,1613,1600,-1,1600,1613,1614,-1,1600,1614,1598,-1,1598,1614,1608,-1,1598,1608,1596,-1,1596,1608,1588,-1,1596,1588,1585,-1,1581,1590,1582,-1,1582,1590,1589,-1,1582,1589,1584,-1,1584,1589,1607,-1,1584,1607,1583,-1,1583,1607,1609,-1,1609,1590,1583,-1,1583,1590,1581,-1,1615,1616,1617,-1,1617,1616,1618,-1,1619,1620,1621,-1,1621,1620,1622,-1,1623,1616,1624,-1,1624,1616,1615,-1,1624,1615,1625,-1,1625,1615,1617,-1,1625,1617,1626,-1,1626,1617,1618,-1,1618,1616,1626,-1,1626,1616,1623,-1,1623,1624,1627,-1,1627,1624,1628,-1,1627,1628,1629,-1,1629,1628,1630,-1,1629,1630,1631,-1,1631,1630,1632,-1,1631,1632,1633,-1,1633,1632,1634,-1,1635,1636,1637,-1,1637,1636,1638,-1,1637,1638,1634,-1,1634,1638,1639,-1,1634,1639,1633,-1,1624,1625,1628,-1,1628,1625,1640,-1,1628,1640,1630,-1,1630,1640,1641,-1,1630,1641,1632,-1,1632,1641,1642,-1,1632,1642,1634,-1,1634,1642,1643,-1,1634,1643,1637,-1,1637,1643,1644,-1,1637,1644,1635,-1,1635,1644,1645,-1,1625,1626,1640,-1,1640,1626,1646,-1,1640,1646,1641,-1,1641,1646,1647,-1,1641,1647,1642,-1,1648,1645,1649,-1,1649,1645,1644,-1,1649,1644,1650,-1,1650,1644,1643,-1,1650,1643,1651,-1,1651,1643,1642,-1,1651,1642,1652,-1,1652,1642,1647,-1,1636,1648,1649,-1,1636,1649,1638,-1,1638,1649,1650,-1,1638,1650,1639,-1,1639,1650,1651,-1,1639,1651,1633,-1,1633,1651,1652,-1,1633,1652,1631,-1,1631,1652,1647,-1,1631,1647,1629,-1,1629,1647,1646,-1,1629,1646,1627,-1,1627,1646,1626,-1,1627,1626,1623,-1,1619,1636,1620,-1,1620,1636,1635,-1,1620,1635,1622,-1,1622,1635,1645,-1,1622,1645,1621,-1,1621,1645,1648,-1,1648,1636,1621,-1,1621,1636,1619,-1,1653,1654,1655,-1,1655,1654,1656,-1,1657,1658,1659,-1,1659,1658,1660,-1,1661,1654,1662,-1,1662,1654,1653,-1,1662,1653,1663,-1,1663,1653,1655,-1,1663,1655,1664,-1,1664,1655,1656,-1,1656,1654,1664,-1,1664,1654,1661,-1,1665,1666,1667,-1,1667,1666,1668,-1,1667,1668,1669,-1,1669,1668,1670,-1,1669,1670,1671,-1,1661,1662,1672,-1,1672,1662,1673,-1,1672,1673,1674,-1,1674,1673,1675,-1,1674,1675,1676,-1,1676,1675,1671,-1,1676,1671,1677,-1,1677,1671,1670,-1,1662,1663,1673,-1,1673,1663,1678,-1,1673,1678,1675,-1,1675,1678,1679,-1,1675,1679,1671,-1,1671,1679,1680,-1,1671,1680,1669,-1,1669,1680,1681,-1,1669,1681,1667,-1,1667,1681,1682,-1,1667,1682,1665,-1,1665,1682,1683,-1,1663,1664,1678,-1,1678,1664,1684,-1,1678,1684,1679,-1,1685,1683,1686,-1,1686,1683,1682,-1,1686,1682,1687,-1,1687,1682,1681,-1,1687,1681,1688,-1,1688,1681,1680,-1,1688,1680,1689,-1,1689,1680,1679,-1,1689,1679,1690,-1,1690,1679,1684,-1,1666,1685,1686,-1,1666,1686,1668,-1,1668,1686,1687,-1,1668,1687,1670,-1,1670,1687,1688,-1,1670,1688,1677,-1,1677,1688,1689,-1,1677,1689,1676,-1,1676,1689,1690,-1,1676,1690,1674,-1,1674,1690,1684,-1,1674,1684,1672,-1,1672,1684,1664,-1,1672,1664,1661,-1,1657,1666,1658,-1,1658,1666,1665,-1,1658,1665,1660,-1,1660,1665,1683,-1,1660,1683,1659,-1,1659,1683,1685,-1,1685,1666,1659,-1,1659,1666,1657,-1,1691,1692,1693,-1,1693,1692,1694,-1,1695,1696,1697,-1,1697,1696,1698,-1,1699,1692,1700,-1,1700,1692,1691,-1,1700,1691,1701,-1,1701,1691,1693,-1,1701,1693,1702,-1,1702,1693,1694,-1,1694,1692,1702,-1,1702,1692,1699,-1,1703,1704,1705,-1,1705,1704,1706,-1,1705,1706,1707,-1,1699,1700,1708,-1,1708,1700,1709,-1,1708,1709,1710,-1,1710,1709,1711,-1,1710,1711,1712,-1,1712,1711,1713,-1,1712,1713,1714,-1,1714,1713,1707,-1,1714,1707,1715,-1,1715,1707,1706,-1,1700,1701,1709,-1,1709,1701,1716,-1,1709,1716,1711,-1,1711,1716,1717,-1,1711,1717,1713,-1,1713,1717,1718,-1,1713,1718,1707,-1,1707,1718,1719,-1,1707,1719,1705,-1,1705,1719,1720,-1,1705,1720,1703,-1,1703,1720,1721,-1,1701,1702,1716,-1,1716,1702,1722,-1,1716,1722,1717,-1,1717,1722,1723,-1,1717,1723,1718,-1,1724,1721,1725,-1,1725,1721,1720,-1,1725,1720,1726,-1,1726,1720,1719,-1,1726,1719,1727,-1,1727,1719,1718,-1,1727,1718,1728,-1,1728,1718,1723,-1,1704,1724,1725,-1,1704,1725,1706,-1,1706,1725,1726,-1,1706,1726,1715,-1,1715,1726,1727,-1,1715,1727,1714,-1,1714,1727,1728,-1,1714,1728,1712,-1,1712,1728,1723,-1,1712,1723,1710,-1,1710,1723,1722,-1,1710,1722,1708,-1,1708,1722,1702,-1,1708,1702,1699,-1,1695,1704,1696,-1,1696,1704,1703,-1,1696,1703,1698,-1,1698,1703,1721,-1,1698,1721,1697,-1,1697,1721,1724,-1,1724,1704,1697,-1,1697,1704,1695,-1,1729,1730,1731,-1,1731,1730,1732,-1,1733,1734,1735,-1,1735,1734,1736,-1,1737,1730,1738,-1,1738,1730,1729,-1,1738,1729,1739,-1,1739,1729,1731,-1,1739,1731,1740,-1,1740,1731,1732,-1,1732,1730,1740,-1,1740,1730,1737,-1,1737,1738,1741,-1,1741,1738,1742,-1,1741,1742,1743,-1,1743,1742,1744,-1,1743,1744,1745,-1,1745,1744,1746,-1,1747,1748,1749,-1,1749,1748,1750,-1,1749,1750,1751,-1,1751,1750,1752,-1,1751,1752,1746,-1,1746,1752,1753,-1,1746,1753,1745,-1,1738,1739,1742,-1,1742,1739,1754,-1,1742,1754,1744,-1,1744,1754,1755,-1,1744,1755,1746,-1,1746,1755,1756,-1,1746,1756,1751,-1,1751,1756,1757,-1,1751,1757,1749,-1,1749,1757,1758,-1,1749,1758,1747,-1,1747,1758,1759,-1,1755,1760,1756,-1,1756,1760,1761,-1,1756,1761,1757,-1,1757,1761,1762,-1,1757,1762,1758,-1,1758,1762,1763,-1,1758,1763,1759,-1,1759,1763,1764,-1,1739,1740,1754,-1,1754,1740,1765,-1,1754,1765,1755,-1,1755,1765,1766,-1,1755,1766,1760,-1,1748,1764,1763,-1,1748,1763,1750,-1,1750,1763,1762,-1,1750,1762,1752,-1,1752,1762,1761,-1,1752,1761,1753,-1,1753,1761,1760,-1,1753,1760,1745,-1,1745,1760,1766,-1,1745,1766,1743,-1,1743,1766,1765,-1,1743,1765,1741,-1,1741,1765,1740,-1,1741,1740,1737,-1,1733,1748,1734,-1,1734,1748,1747,-1,1734,1747,1736,-1,1736,1747,1759,-1,1736,1759,1735,-1,1735,1759,1764,-1,1764,1748,1735,-1,1735,1748,1733,-1,1767,1768,1769,-1,1769,1768,1770,-1,1771,1772,1773,-1,1773,1772,1774,-1,1775,1768,1776,-1,1776,1768,1767,-1,1776,1767,1777,-1,1777,1767,1769,-1,1777,1769,1778,-1,1778,1769,1770,-1,1770,1768,1778,-1,1778,1768,1775,-1,1779,1780,1781,-1,1781,1780,1782,-1,1781,1782,1783,-1,1783,1782,1784,-1,1783,1784,1785,-1,1775,1776,1786,-1,1786,1776,1787,-1,1786,1787,1788,-1,1788,1787,1789,-1,1788,1789,1790,-1,1790,1789,1785,-1,1790,1785,1791,-1,1791,1785,1784,-1,1776,1777,1787,-1,1787,1777,1792,-1,1787,1792,1789,-1,1789,1792,1793,-1,1789,1793,1785,-1,1785,1793,1794,-1,1785,1794,1783,-1,1783,1794,1795,-1,1783,1795,1781,-1,1781,1795,1796,-1,1781,1796,1779,-1,1779,1796,1797,-1,1777,1778,1792,-1,1792,1778,1798,-1,1792,1798,1793,-1,1799,1797,1800,-1,1800,1797,1796,-1,1800,1796,1801,-1,1801,1796,1795,-1,1801,1795,1802,-1,1802,1795,1794,-1,1802,1794,1803,-1,1803,1794,1793,-1,1803,1793,1804,-1,1804,1793,1798,-1,1780,1799,1800,-1,1780,1800,1782,-1,1782,1800,1801,-1,1782,1801,1784,-1,1784,1801,1802,-1,1784,1802,1791,-1,1791,1802,1803,-1,1791,1803,1790,-1,1790,1803,1804,-1,1790,1804,1788,-1,1788,1804,1798,-1,1788,1798,1786,-1,1786,1798,1778,-1,1786,1778,1775,-1,1771,1780,1772,-1,1772,1780,1779,-1,1772,1779,1774,-1,1774,1779,1797,-1,1774,1797,1773,-1,1773,1797,1799,-1,1799,1780,1773,-1,1773,1780,1771,-1,1805,1806,1807,-1,1807,1806,1808,-1,1809,1810,1811,-1,1811,1810,1812,-1,1813,1806,1814,-1,1814,1806,1805,-1,1814,1805,1815,-1,1815,1805,1807,-1,1815,1807,1816,-1,1816,1807,1808,-1,1808,1806,1816,-1,1816,1806,1813,-1,1813,1814,1817,-1,1817,1814,1818,-1,1817,1818,1819,-1,1819,1818,1820,-1,1819,1820,1821,-1,1821,1820,1822,-1,1821,1822,1823,-1,1823,1822,1824,-1,1825,1826,1827,-1,1827,1826,1828,-1,1827,1828,1824,-1,1824,1828,1829,-1,1824,1829,1823,-1,1814,1815,1818,-1,1818,1815,1830,-1,1818,1830,1820,-1,1820,1830,1831,-1,1820,1831,1822,-1,1822,1831,1832,-1,1822,1832,1824,-1,1824,1832,1833,-1,1824,1833,1827,-1,1827,1833,1834,-1,1827,1834,1825,-1,1825,1834,1835,-1,1815,1816,1830,-1,1830,1816,1836,-1,1830,1836,1831,-1,1831,1836,1837,-1,1831,1837,1832,-1,1838,1835,1839,-1,1839,1835,1834,-1,1839,1834,1840,-1,1840,1834,1833,-1,1840,1833,1841,-1,1841,1833,1832,-1,1841,1832,1842,-1,1842,1832,1837,-1,1826,1838,1839,-1,1826,1839,1828,-1,1828,1839,1840,-1,1828,1840,1829,-1,1829,1840,1841,-1,1829,1841,1823,-1,1823,1841,1842,-1,1823,1842,1821,-1,1821,1842,1837,-1,1821,1837,1819,-1,1819,1837,1836,-1,1819,1836,1817,-1,1817,1836,1816,-1,1817,1816,1813,-1,1809,1826,1810,-1,1810,1826,1825,-1,1810,1825,1812,-1,1812,1825,1835,-1,1812,1835,1811,-1,1811,1835,1838,-1,1838,1826,1811,-1,1811,1826,1809,-1,1843,1844,1845,-1,1845,1844,1846,-1,1847,1848,1849,-1,1849,1848,1850,-1,1851,1844,1852,-1,1852,1844,1843,-1,1852,1843,1853,-1,1853,1843,1845,-1,1853,1845,1854,-1,1854,1845,1846,-1,1846,1844,1854,-1,1854,1844,1851,-1,1851,1852,1855,-1,1855,1852,1856,-1,1855,1856,1857,-1,1857,1856,1858,-1,1857,1858,1859,-1,1859,1858,1860,-1,1861,1862,1863,-1,1863,1862,1864,-1,1863,1864,1865,-1,1865,1864,1866,-1,1865,1866,1860,-1,1860,1866,1867,-1,1860,1867,1859,-1,1852,1853,1856,-1,1856,1853,1868,-1,1856,1868,1858,-1,1858,1868,1869,-1,1858,1869,1860,-1,1860,1869,1870,-1,1860,1870,1865,-1,1865,1870,1871,-1,1865,1871,1863,-1,1863,1871,1872,-1,1863,1872,1861,-1,1861,1872,1873,-1,1853,1854,1868,-1,1868,1854,1874,-1,1868,1874,1869,-1,1874,1875,1869,-1,1869,1875,1876,-1,1869,1876,1870,-1,1870,1876,1877,-1,1870,1877,1871,-1,1871,1877,1878,-1,1871,1878,1872,-1,1872,1878,1879,-1,1872,1879,1873,-1,1873,1879,1880,-1,1862,1880,1879,-1,1862,1879,1864,-1,1864,1879,1878,-1,1864,1878,1866,-1,1866,1878,1877,-1,1866,1877,1867,-1,1867,1877,1876,-1,1867,1876,1859,-1,1859,1876,1875,-1,1859,1875,1857,-1,1857,1875,1874,-1,1857,1874,1855,-1,1855,1874,1854,-1,1855,1854,1851,-1,1847,1862,1848,-1,1848,1862,1861,-1,1848,1861,1850,-1,1850,1861,1873,-1,1850,1873,1849,-1,1849,1873,1880,-1,1880,1862,1849,-1,1849,1862,1847,-1,1881,1882,1883,-1,1883,1882,1884,-1,1885,1886,1887,-1,1887,1886,1888,-1,1889,1882,1890,-1,1890,1882,1881,-1,1890,1881,1891,-1,1891,1881,1883,-1,1891,1883,1892,-1,1892,1883,1884,-1,1884,1882,1892,-1,1892,1882,1889,-1,1893,1894,1895,-1,1895,1894,1896,-1,1895,1896,1897,-1,1897,1896,1898,-1,1897,1898,1899,-1,1899,1898,1900,-1,1899,1900,1890,-1,1890,1900,1889,-1,1901,1902,1903,-1,1903,1902,1904,-1,1903,1904,1893,-1,1893,1904,1905,-1,1893,1905,1894,-1,1890,1891,1899,-1,1899,1891,1906,-1,1899,1906,1897,-1,1897,1906,1907,-1,1897,1907,1895,-1,1895,1907,1908,-1,1895,1908,1893,-1,1893,1908,1909,-1,1893,1909,1903,-1,1903,1909,1910,-1,1903,1910,1901,-1,1901,1910,1911,-1,1912,1911,1913,-1,1913,1911,1910,-1,1913,1910,1914,-1,1914,1910,1909,-1,1914,1909,1915,-1,1915,1909,1908,-1,1891,1892,1906,-1,1906,1892,1916,-1,1906,1916,1907,-1,1907,1916,1917,-1,1907,1917,1908,-1,1908,1917,1918,-1,1908,1918,1915,-1,1902,1912,1913,-1,1902,1913,1904,-1,1904,1913,1914,-1,1904,1914,1905,-1,1905,1914,1915,-1,1905,1915,1894,-1,1894,1915,1918,-1,1894,1918,1896,-1,1896,1918,1917,-1,1896,1917,1898,-1,1898,1917,1916,-1,1898,1916,1900,-1,1900,1916,1892,-1,1900,1892,1889,-1,1885,1902,1886,-1,1886,1902,1901,-1,1886,1901,1888,-1,1888,1901,1911,-1,1888,1911,1887,-1,1887,1911,1912,-1,1912,1902,1887,-1,1887,1902,1885,-1,1919,1920,1921,-1,1921,1920,1922,-1,1923,1924,1925,-1,1925,1924,1926,-1,1927,1920,1928,-1,1928,1920,1919,-1,1928,1919,1929,-1,1929,1919,1921,-1,1929,1921,1930,-1,1930,1921,1922,-1,1922,1920,1930,-1,1930,1920,1927,-1,1931,1932,1933,-1,1933,1932,1934,-1,1933,1934,1935,-1,1935,1934,1936,-1,1935,1936,1937,-1,1927,1928,1938,-1,1938,1928,1939,-1,1938,1939,1940,-1,1940,1939,1941,-1,1940,1941,1942,-1,1942,1941,1937,-1,1942,1937,1943,-1,1943,1937,1936,-1,1928,1929,1939,-1,1939,1929,1944,-1,1939,1944,1941,-1,1941,1944,1945,-1,1941,1945,1937,-1,1937,1945,1946,-1,1937,1946,1935,-1,1935,1946,1947,-1,1935,1947,1933,-1,1933,1947,1948,-1,1933,1948,1931,-1,1931,1948,1949,-1,1929,1930,1944,-1,1944,1930,1950,-1,1944,1950,1945,-1,1951,1949,1952,-1,1952,1949,1948,-1,1952,1948,1953,-1,1953,1948,1947,-1,1953,1947,1954,-1,1954,1947,1946,-1,1954,1946,1955,-1,1955,1946,1945,-1,1955,1945,1956,-1,1956,1945,1950,-1,1932,1951,1952,-1,1932,1952,1934,-1,1934,1952,1953,-1,1934,1953,1936,-1,1936,1953,1954,-1,1936,1954,1943,-1,1943,1954,1955,-1,1943,1955,1942,-1,1942,1955,1956,-1,1942,1956,1940,-1,1940,1956,1950,-1,1940,1950,1938,-1,1938,1950,1930,-1,1938,1930,1927,-1,1923,1932,1924,-1,1924,1932,1931,-1,1924,1931,1926,-1,1926,1931,1949,-1,1926,1949,1925,-1,1925,1949,1951,-1,1951,1932,1925,-1,1925,1932,1923,-1,1957,1958,1959,-1,1959,1958,1960,-1,1961,1962,1963,-1,1963,1962,1964,-1,1965,1958,1966,-1,1966,1958,1957,-1,1966,1957,1967,-1,1967,1957,1959,-1,1967,1959,1968,-1,1968,1959,1960,-1,1960,1958,1968,-1,1968,1958,1965,-1,1969,1970,1971,-1,1971,1970,1972,-1,1971,1972,1973,-1,1972,1974,1973,-1,1973,1974,1975,-1,1973,1975,1976,-1,1976,1975,1977,-1,1976,1977,1978,-1,1978,1977,1979,-1,1978,1979,1980,-1,1980,1979,1981,-1,1980,1981,1966,-1,1966,1981,1965,-1,1966,1967,1980,-1,1980,1967,1982,-1,1980,1982,1978,-1,1978,1982,1983,-1,1978,1983,1976,-1,1976,1983,1984,-1,1976,1984,1973,-1,1973,1984,1985,-1,1973,1985,1971,-1,1971,1985,1986,-1,1971,1986,1969,-1,1969,1986,1987,-1,1988,1987,1989,-1,1989,1987,1986,-1,1989,1986,1990,-1,1990,1986,1985,-1,1990,1985,1991,-1,1991,1985,1984,-1,1967,1968,1982,-1,1982,1968,1992,-1,1982,1992,1983,-1,1983,1992,1993,-1,1983,1993,1984,-1,1984,1993,1994,-1,1984,1994,1991,-1,1970,1988,1989,-1,1970,1989,1972,-1,1972,1989,1990,-1,1972,1990,1974,-1,1974,1990,1991,-1,1974,1991,1975,-1,1975,1991,1994,-1,1975,1994,1977,-1,1977,1994,1993,-1,1977,1993,1979,-1,1979,1993,1992,-1,1979,1992,1981,-1,1981,1992,1968,-1,1981,1968,1965,-1,1961,1970,1962,-1,1962,1970,1969,-1,1962,1969,1964,-1,1964,1969,1987,-1,1964,1987,1963,-1,1963,1987,1988,-1,1988,1970,1963,-1,1963,1970,1961,-1,1995,1996,1997,-1,1997,1996,1998,-1,1999,2000,2001,-1,2001,2000,2002,-1,2003,1996,2004,-1,2004,1996,1995,-1,2004,1995,2005,-1,2005,1995,1997,-1,2005,1997,2006,-1,2006,1997,1998,-1,1998,1996,2006,-1,2006,1996,2003,-1,2007,2008,2009,-1,2009,2008,2010,-1,2009,2010,2011,-1,2003,2004,2012,-1,2012,2004,2013,-1,2012,2013,2014,-1,2014,2013,2015,-1,2014,2015,2016,-1,2016,2015,2017,-1,2016,2017,2018,-1,2018,2017,2011,-1,2018,2011,2019,-1,2019,2011,2010,-1,2004,2005,2013,-1,2013,2005,2020,-1,2013,2020,2015,-1,2015,2020,2021,-1,2015,2021,2017,-1,2017,2021,2022,-1,2017,2022,2011,-1,2011,2022,2023,-1,2011,2023,2009,-1,2009,2023,2024,-1,2009,2024,2007,-1,2007,2024,2025,-1,2005,2006,2020,-1,2020,2006,2026,-1,2020,2026,2021,-1,2021,2026,2027,-1,2021,2027,2022,-1,2028,2025,2029,-1,2029,2025,2024,-1,2029,2024,2030,-1,2030,2024,2023,-1,2030,2023,2031,-1,2031,2023,2022,-1,2031,2022,2032,-1,2032,2022,2027,-1,2008,2028,2029,-1,2008,2029,2010,-1,2010,2029,2030,-1,2010,2030,2019,-1,2019,2030,2031,-1,2019,2031,2018,-1,2018,2031,2032,-1,2018,2032,2016,-1,2016,2032,2027,-1,2016,2027,2014,-1,2014,2027,2026,-1,2014,2026,2012,-1,2012,2026,2006,-1,2012,2006,2003,-1,1999,2008,2000,-1,2000,2008,2007,-1,2000,2007,2002,-1,2002,2007,2025,-1,2002,2025,2001,-1,2001,2025,2028,-1,2028,2008,2001,-1,2001,2008,1999,-1,2033,2034,2035,-1,2035,2034,2036,-1,2037,2038,2039,-1,2039,2038,2040,-1,2041,2034,2042,-1,2042,2034,2033,-1,2042,2033,2043,-1,2043,2033,2035,-1,2043,2035,2044,-1,2044,2035,2036,-1,2036,2034,2044,-1,2044,2034,2041,-1,2045,2046,2047,-1,2047,2046,2048,-1,2047,2048,2049,-1,2049,2048,2050,-1,2049,2050,2051,-1,2041,2042,2052,-1,2052,2042,2053,-1,2052,2053,2054,-1,2054,2053,2055,-1,2054,2055,2056,-1,2056,2055,2051,-1,2056,2051,2057,-1,2057,2051,2050,-1,2042,2043,2053,-1,2053,2043,2058,-1,2053,2058,2055,-1,2055,2058,2059,-1,2055,2059,2051,-1,2051,2059,2060,-1,2051,2060,2049,-1,2049,2060,2061,-1,2049,2061,2047,-1,2047,2061,2062,-1,2047,2062,2045,-1,2045,2062,2063,-1,2043,2044,2058,-1,2058,2044,2064,-1,2058,2064,2059,-1,2065,2063,2066,-1,2066,2063,2062,-1,2066,2062,2067,-1,2067,2062,2061,-1,2067,2061,2068,-1,2068,2061,2060,-1,2068,2060,2069,-1,2069,2060,2059,-1,2069,2059,2070,-1,2070,2059,2064,-1,2046,2065,2066,-1,2046,2066,2048,-1,2048,2066,2067,-1,2048,2067,2050,-1,2050,2067,2068,-1,2050,2068,2057,-1,2057,2068,2069,-1,2057,2069,2056,-1,2056,2069,2070,-1,2056,2070,2054,-1,2054,2070,2064,-1,2054,2064,2052,-1,2052,2064,2044,-1,2052,2044,2041,-1,2037,2046,2038,-1,2038,2046,2045,-1,2038,2045,2040,-1,2040,2045,2063,-1,2040,2063,2039,-1,2039,2063,2065,-1,2065,2046,2039,-1,2039,2046,2037,-1,2071,2072,2073,-1,2073,2072,2074,-1,2075,2076,2077,-1,2077,2076,2078,-1,2079,2072,2080,-1,2080,2072,2071,-1,2080,2071,2081,-1,2081,2071,2073,-1,2081,2073,2082,-1,2082,2073,2074,-1,2074,2072,2082,-1,2082,2072,2079,-1,2079,2080,2083,-1,2083,2080,2084,-1,2083,2084,2085,-1,2085,2084,2086,-1,2085,2086,2087,-1,2087,2086,2088,-1,2087,2088,2089,-1,2089,2088,2090,-1,2091,2092,2093,-1,2093,2092,2094,-1,2093,2094,2090,-1,2090,2094,2095,-1,2090,2095,2089,-1,2080,2081,2084,-1,2084,2081,2096,-1,2084,2096,2086,-1,2086,2096,2097,-1,2086,2097,2088,-1,2088,2097,2098,-1,2088,2098,2090,-1,2090,2098,2099,-1,2090,2099,2093,-1,2093,2099,2100,-1,2093,2100,2091,-1,2091,2100,2101,-1,2081,2082,2096,-1,2096,2082,2102,-1,2096,2102,2097,-1,2097,2102,2103,-1,2097,2103,2098,-1,2104,2101,2105,-1,2105,2101,2100,-1,2105,2100,2106,-1,2106,2100,2099,-1,2106,2099,2107,-1,2107,2099,2098,-1,2107,2098,2108,-1,2108,2098,2103,-1,2092,2104,2105,-1,2092,2105,2094,-1,2094,2105,2106,-1,2094,2106,2095,-1,2095,2106,2107,-1,2095,2107,2089,-1,2089,2107,2108,-1,2089,2108,2087,-1,2087,2108,2103,-1,2087,2103,2085,-1,2085,2103,2102,-1,2085,2102,2083,-1,2083,2102,2082,-1,2083,2082,2079,-1,2075,2092,2076,-1,2076,2092,2091,-1,2076,2091,2078,-1,2078,2091,2101,-1,2078,2101,2077,-1,2077,2101,2104,-1,2104,2092,2077,-1,2077,2092,2075,-1,
        ]
    }
}
Shape{
    appearance Appearance {
        material  Material 	{
            diffuseColor 0.6470588235294118 0.6196078431372549 0.5882352941176471
            specularColor 0.45098039215686275 0.43529411764705883 0.4117647058823529
            ambientIntensity 0.6242
            transparency 0.0
            shininess 0.5
        }
    }
    geometry IndexedFaceSet {
        ccw TRUE
        solid FALSE
        coord DEF co Coordinate {
            point [
                -0.6824 -2.472 0.0984, -0.6574 -2.4633 0.0984, -0.1032 -2.8687 0.0984, -1.2323 -2.4633 0.0984, -1.8846 -2.8687 0.0984, -1.2547 -2.4492 0.0984, -1.2734 -2.4305 0.0984, -0.635 -2.4492 0.0984, -0.6163 -2.4305 0.0984, -0.6022 -2.4081 0.0984, -1.2992 -2.3569 0.0984, -1.2963 -2.3832 0.0984, -1.2875 -2.4081 0.0984, -0.6194 -0.9881 0.0984, -0.6398 -0.9724 0.0984, -0.1827 -0.5095 0.0984, -0.7382 -0.9724 0.0984, -0.7586 -0.9881 0.0984, -1.8846 -0.5095 0.0984, -0.7742 -1.0085 0.0984, -0.784 -1.0322 0.0984, -0.5906 -1.0577 0.0984, -0.1032 -0.5095 0.0984, -0.5906 -2.3569 0.0984, -0.5935 -2.3832 0.0984, -0.5939 -1.0322 0.0984, -0.6037 -1.0085 0.0984, -0.1514 -0.5095 0.0984, -0.1688 -0.5107 0.0984, -0.6635 -0.9626 0.0984, -0.689 -0.9593 0.0984, -0.7145 -0.9626 0.0984, -1.3833 -0.9677 0.0984, -1.4035 -0.9524 0.0984, -1.427 -0.9428 0.0984, -1.4521 -0.9396 0.0984, -1.8846 -0.9396 0.0984, -0.7874 -1.7423 0.0984, -1.1479 -1.7423 0.0984, -0.7874 -1.0577 0.0984, -1.3575 -1.0109 0.0984, -1.3676 -0.9876 0.0984, -1.2074 -2.472 0.0984, -1.1811 -2.475 0.0984, -0.7087 -2.475 0.0984, -1.378 -1.9699 0.0984, -1.3461 -1.9875 0.0984, -1.2992 -2.0813 0.0984, -1.3266 -2.0057 0.0984, -1.3229 -2.0104 0.0984, -1.3015 -2.061 0.0984, -1.3096 -2.0336 0.0984, -1.8846 -1.9632 0.0984, -1.4173 -1.9632 0.0984, -1.3973 -1.9649 0.0984, 0.7087 -0.9396 0.0984, 0.6781 -0.9436 0.0984, 1.3676 -0.9876 0.0984, 1.3833 -0.9677 0.0984, 1.4035 -0.9524 0.0984, 0.6496 -0.9554 0.0984, 0.6251 -0.9742 0.0984, 0.6064 -0.9986 0.0984, 1.427 -0.9428 0.0984, 1.8846 -0.5095 0.0984, 1.4521 -0.9396 0.0984, 1.8846 -0.9396 0.0984, 0.7652 -0.9738 0.0984, 0.7492 -0.9581 0.0984, 0.73 -0.9465 0.0984, 0.5935 -2.3832 0.0984, 0.6022 -2.4081 0.0984, 1.3575 -1.0109 0.0984, 1.1479 -1.7423 0.0984, 0.7874 -1.7423 0.0984, 0.7874 -1.036 0.0984, 0.7848 -1.0137 0.0984, 0.7773 -0.9926 0.0984, 0.6163 -2.4305 0.0984, 0.635 -2.4492 0.0984, 0.6574 -2.4633 0.0984, 1.2074 -2.472 0.0984, 1.2323 -2.4633 0.0984, 1.8846 -2.8687 0.0984, 1.2547 -2.4492 0.0984, 1.2734 -2.4305 0.0984, 0.5946 -1.0271 0.0984, 0.5906 -1.0577 0.0984, 0.5906 -2.3569 0.0984, 0.6824 -2.472 0.0984, 0.7087 -2.475 0.0984, 1.1811 -2.475 0.0984, 1.2875 -2.4081 0.0984, 1.2963 -2.3832 0.0984, 1.8846 -1.9632 0.0984, 1.2992 -2.3569 0.0984, 1.2992 -2.0813 0.0984, 1.3041 -2.0525 0.0984, 1.3055 -2.0448 0.0984, 1.3137 -2.0266 0.0984, 1.3173 -2.0186 0.0984, 1.3229 -2.0104 0.0984, 1.3284 -2.0046 0.0984, 1.378 -1.9699 0.0984, 1.3973 -1.9649 0.0984, 1.4173 -1.9632 0.0984, 1.3416 -1.991 0.0984, 1.3484 -1.9868 0.0984, 1.3692 -1.9738 0.0984, 0.0216 -0.3115 0.0984, -0.084 -0.3115 0.0984, -0.1032 0.1628 0.0984, 0.3817 -0.3115 0.0984, 0.3618 -0.3667 0.0984, 0.2805 -0.3667 0.0984, 0.012 -0.4003 0.0984, -0.0576 -0.4003 0.0984, -0.0576 -0.3331 0.0984, -0.084 -0.5083 0.0984, 0.0168 -0.5083 0.0984, 0.06 -0.3115 0.0984, 0.06 -0.5083 0.0984, 0.0216 -0.3331 0.0984, 0.2329 -0.3115 0.0984, 0.2617 -0.3115 0.0984, 1.2368 0.1628 0.0984, 0.1611 -0.3206 0.0984, 0.1385 -0.3137 0.0984, 0.1815 -0.3326 0.0984, 0.1976 -0.3482 0.0984, 0.1135 -0.3115 0.0984, 0.0168 -0.4867 0.0984, 0.2185 -0.4124 0.0984, 0.2157 -0.386 0.0984, 0.2087 -0.3655 0.0984, 0.4105 -0.3115 0.0984, 0.3337 -0.5083 0.0984, -0.0576 -0.4867 0.0984, -0.0576 -0.4219 0.0984, 0.012 -0.4219 0.0984, 0.3073 -0.5083 0.0984, 0.1671 -0.4972 0.0984, 0.1865 -0.4845 0.0984, 0.2181 -0.4221 0.0984, 0.2143 -0.4429 0.0984, 0.1942 -0.4774 0.0984, 0.206 -0.462 0.0984, 1.2673 0.1588 0.0984, 1.2958 0.147 0.0984, 1.3203 0.1282 0.0984, 0.1156 -0.5083 0.0984, 0.144 -0.5053 0.0984, 1.3391 0.1037 0.0984, 1.3509 0.0753 0.0984, 1.3549 0.0447 0.0984, 1.3549 -0.3096 0.0984, 1.3589 -0.3402 0.0984, 1.3707 -0.3687 0.0984, 1.3895 -0.3932 0.0984, 1.4139 -0.4119 0.0984, 1.4424 -0.4237 0.0984, 1.473 -0.4278 0.0984, 1.8846 -0.4278 0.0984, -0.1452 -0.5091 0.0984, -0.1224 -0.5029 0.0984, -0.1224 -0.4765 0.0984, -0.2857 -0.3115 0.0984, -1.1811 0.1628 0.0984, -0.3865 -0.3115 0.0984, -1.2117 0.1588 0.0984, -0.1685 -0.4891 0.0984, -0.126 -0.3413 0.0984, -0.1446 -0.486 0.0984, -0.1224 -0.3433 0.0984, -1.4173 -0.4278 0.0984, -1.3868 -0.4237 0.0984, -0.3865 -0.5083 0.0984, -1.3583 -0.4119 0.0984, -1.3338 -0.3932 0.0984, -0.1224 -0.3217 0.0984, -0.1434 -0.3131 0.0984, -0.1712 -0.3092 0.0984, -0.1879 -0.4869 0.0984, -0.2026 -0.4816 0.0984, -0.2165 -0.4723 0.0984, -0.2283 -0.4591 0.0984, -0.2364 -0.4439 0.0984, -0.2416 -0.4226 0.0984, -0.2425 -0.4078 0.0984, -0.2405 -0.3865 0.0984, -0.2351 -0.3696 0.0984, -0.173 -0.3307 0.0984, -0.2178 -0.3462 0.0984, -0.1912 -0.3327 0.0984, -0.2057 -0.338 0.0984, -0.2269 -0.3559 0.0984, -0.1468 -0.3336 0.0984, -1.315 -0.3687 0.0984, -1.3032 -0.3402 0.0984, -1.2992 -0.3096 0.0984, -0.3601 -0.5083 0.0984, -0.3601 -0.3331 0.0984, -0.2857 -0.3331 0.0984, -0.2467 -0.4752 0.0984, -0.2295 -0.4917 0.0984, -0.2111 -0.5024 0.0984, -0.2359 -0.3284 0.0984, -0.2199 -0.3181 0.0984, -0.2008 -0.3116 0.0984, -0.2503 -0.3436 0.0984, -0.2608 -0.3621 0.0984, -0.2669 -0.3832 0.0984, -0.1766 -0.3091 0.0984, -1.8846 -0.4278 0.0984, -0.1895 -0.5089 0.0984, -0.2689 -0.4062 0.0984, -0.266 -0.4341 0.0984, -0.2585 -0.4566 0.0984, -1.2992 0.0447 0.0984, -1.2952 0.0753 0.0984, -1.2834 0.1037 0.0984, -1.2646 0.1282 0.0984, -1.2402 0.147 0.0984, -1.2992 -2.3569 0.2953, -1.2992 -2.0813 0.2953, -1.1811 -2.475 0.2953, -1.2074 -2.472 0.2953, -1.2323 -2.4633 0.2953, -1.2547 -2.4492 0.2953, -1.2734 -2.4305 0.2953, -1.2875 -2.4081 0.2953, -1.2963 -2.3832 0.2953, -1.378 -1.9699 0.2953, -1.348 -1.9861 0.2953, -1.3034 -2.0524 0.2953, -1.304 -2.0526 0.0984, -1.313 -2.0262 0.2953, -1.3136 -2.0266 0.0984, -1.3279 -2.0041 0.2953, -1.3281 -2.0043 0.0984, -1.3481 -1.9864 0.0984, -1.4035 -0.9524 0.2953, -1.3833 -0.9677 0.2953, -0.784 -1.0322 0.2953, -1.3676 -0.9876 0.2953, -0.7874 -1.0577 0.2953, -1.3575 -1.0109 0.2953, -0.7874 -1.7423 0.2953, -1.1479 -1.7423 0.2953, -0.5939 -1.0322 0.2953, 0.7087 -0.9396 0.2953, -0.6037 -1.0085 0.2953, 1.2368 0.1628 0.2953, -0.6194 -0.9881 0.2953, 1.3676 -0.9876 0.2953, 1.3833 -0.9677 0.2953, 1.4424 -0.4237 0.2953, 1.3895 -0.3932 0.2953, 0.7773 -0.9926 0.2953, 1.4139 -0.4119 0.2953, 0.7848 -1.0137 0.2953, 1.3509 0.0753 0.2953, 1.3391 0.1037 0.2953, -1.2952 0.0753 0.2953, -1.2992 0.0447 0.2953, -0.7382 -0.9724 0.2953, -1.4173 -0.4278 0.2953, -1.8696 -0.4278 0.2953, -1.8696 -0.9396 0.2953, 0.6574 -2.4633 0.2953, 0.635 -2.4492 0.2953, -1.8696 -2.8687 0.2953, 0.6251 -0.9742 0.2953, 0.6064 -0.9986 0.2953, 0.5946 -1.0271 0.2953, 0.6496 -0.9554 0.2953, 0.6781 -0.9436 0.2953, 1.3575 -1.0109 0.2953, 1.3707 -0.3687 0.2953, 1.3589 -0.3402 0.2953, 1.3549 -0.3096 0.2953, 1.3549 0.0447 0.2953, -1.315 -0.3687 0.2953, -0.7586 -0.9881 0.2953, -1.3338 -0.3932 0.2953, -0.7742 -1.0085 0.2953, -1.3583 -0.4119 0.2953, -1.427 -0.9428 0.2953, -1.3868 -0.4237 0.2953, -1.4521 -0.9396 0.2953, 0.7874 -1.036 0.2953, 0.7874 -1.7423 0.2953, 1.1479 -1.7423 0.2953, 0.73 -0.9465 0.2953, 0.7492 -0.9581 0.2953, 0.7652 -0.9738 0.2953, 1.3203 0.1282 0.2953, 1.2958 0.147 0.2953, 1.2673 0.1588 0.2953, -1.2992 -0.3096 0.2953, -1.3032 -0.3402 0.2953, -0.7145 -0.9626 0.2953, -0.689 -0.9593 0.2953, -1.1811 0.1628 0.2953, -0.6635 -0.9626 0.2953, -0.6398 -0.9724 0.2953, 1.8696 -0.9396 0.2953, 1.8696 -0.4278 0.2953, 1.4521 -0.9396 0.2953, 1.473 -0.4278 0.2953, 1.427 -0.9428 0.2953, 1.4035 -0.9524 0.2953, 1.2992 -2.3569 0.2953, 1.2963 -2.3832 0.2953, 1.8696 -2.8687 0.2953, 1.2875 -2.4081 0.2953, 1.2734 -2.4305 0.2953, -1.2117 0.1588 0.2953, -1.2402 0.147 0.2953, 1.2547 -2.4492 0.2953, 1.2323 -2.4633 0.2953, 1.2074 -2.472 0.2953, -1.2646 0.1282 0.2953, -1.2834 0.1037 0.2953, 1.1811 -2.475 0.2953, 0.7087 -2.475 0.2953, 0.6824 -2.472 0.2953, -0.7087 -2.475 0.2953, 0.5935 -2.3832 0.2953, -0.6022 -2.4081 0.2953, -0.6163 -2.4305 0.2953, 1.8696 -1.9632 0.2953, 1.4173 -1.9632 0.2953, 1.2992 -2.0813 0.2953, 1.3973 -1.9649 0.2953, 1.3034 -2.0524 0.2953, -0.635 -2.4492 0.2953, -0.6574 -2.4633 0.2953, 0.6022 -2.4081 0.2953, -0.6824 -2.472 0.2953, 0.6163 -2.4305 0.2953, 1.378 -1.9699 0.2953, 1.348 -1.9861 0.2953, 1.313 -2.0262 0.2953, 1.3279 -2.0041 0.2953, -1.8696 -1.9632 0.2953, -1.4173 -1.9632 0.2953, -1.3973 -1.9649 0.2953, 0.5906 -1.0577 0.2953, -0.5906 -1.0577 0.2953, 0.5906 -2.3569 0.2953, -0.5906 -2.3569 0.2953, -0.5935 -2.3832 0.2953, -0.7874 -1.8616 0.1125, -1.1137 -1.8616 0.1125, -0.7874 -1.9744 0.1538, -1.0862 -1.9743 0.154, -1.0865 -1.9705 0.1518, -1.0979 -1.9168 0.1289, -0.7874 -2.0746 0.2201, -1.0827 -2.0746 0.2201, -1.0827 -2.0252 0.1832, -1.0827 -2.0867 0.2282, -0.7874 -2.0867 0.2282, -1.0827 -2.1003 0.2332, -0.7874 -2.1003 0.2332, -1.0827 -2.1148 0.2349, -0.7874 -2.1148 0.2349, -1.0827 -2.1292 0.2332, -0.7874 -2.1292 0.2332, -1.0827 -2.1428 0.2282, -0.7874 -2.1428 0.2282, -1.0827 -2.1549 0.2201, -0.7874 -2.1549 0.2201, -1.0827 -2.2182 0.1666, -0.9843 -2.2933 0.1031, -0.7874 -2.2182 0.1666, -0.7908 -2.2376 0.1502, -1.0538 -2.2713 0.1217, -1.0335 -2.2833 0.1116, -1.0097 -2.2908 0.1052, -1.0695 -2.2557 0.1349, -1.0793 -2.2376 0.1502, -0.8006 -2.2557 0.1349, -0.8162 -2.2713 0.1217, -0.8366 -2.2833 0.1116, -0.8604 -2.2908 0.1052, -0.8858 -2.2933 0.1031, -0.8858 -2.4205 0.2534, -0.9843 -2.4205 0.2534, -1.0904 -1.9474 0.3704, -0.7874 -1.9474 0.3704, -1.0979 -1.9168 0.3475, -0.7874 -1.8856 0.3295, -1.1068 -1.8856 0.3295, -0.7874 -1.8159 0.3039, -1.1268 -1.8159 0.3039, -1.0827 -2.2821 0.3704, -0.7874 -2.2821 0.3704, -0.7874 -2.2317 0.4038, -1.0827 -2.2317 0.4038, -0.7874 -2.1748 0.4246, -1.0827 -2.1748 0.4246, -0.7874 -2.1148 0.4317, -1.0827 -2.1148 0.4317, -0.7874 -2.0547 0.4246, -1.0827 -2.0547 0.4246, -1.0827 -2.0252 0.4157, -0.7874 -1.9979 0.4038, -1.0836 -1.9979 0.4038, -1.0873 -1.9706 0.3858, -0.7874 -2.3453 0.3169, -1.0827 -2.3453 0.3169, -1.0793 -2.3648 0.3005, -1.0695 -2.3829 0.2851, -1.0538 -2.3984 0.272, -1.0335 -2.4104 0.2619, -1.0097 -2.4179 0.2555, -0.8366 -2.4104 0.2619, -0.8162 -2.3984 0.272, -0.8006 -2.3829 0.2851, -0.8604 -2.4179 0.2555, -0.7908 -2.3648 0.3005, -2.7559 1.5014 0.7573, -2.7559 1.5014 0.1969, -2.9528 1.5014 0.7573, -2.9528 1.5014 0.1969, -2.9528 1.5014 1.2691, -2.9528 1.5014 1.7913, -2.7559 1.5014 1.2691, -2.7559 1.5014 1.7913, -2.7559 -0.2309 0.1969, -2.7559 -0.2309 0.9843, -2.9528 -0.2309 0.1969, -2.9528 -0.2309 0.9843, -2.7559 1.3045 -0.8661, -2.7559 0.714 -0.8661, -2.9528 1.3045 -0.8661, -2.9528 0.714 -0.8661, -2.7559 -1.7663 0.3754, -2.7559 -1.7663 0.9843, -2.9528 -1.7663 0.3754, -2.9528 -1.7663 0.9843, -2.7559 -1.2348 -0.8661, -2.7559 -1.4317 -0.8661, -2.9528 -1.2348 -0.8661, -2.9528 -1.4317 -0.8661, 1.0827 -2.0547 0.4246, 1.0827 -2.0252 0.4157, 0.7874 -1.9979 0.4038, 0.7874 -2.0547 0.4246, 0.7874 -2.1148 0.4317, 1.0827 -2.1148 0.4317, 0.7874 -2.1748 0.4246, 1.0827 -2.1748 0.4246, 0.7874 -2.2317 0.4038, 1.0827 -2.2317 0.4038, 0.7874 -2.2821 0.3704, 1.0827 -2.2821 0.3704, 1.0904 -1.9474 0.3704, 0.7874 -1.9474 0.3704, 1.0873 -1.9706 0.3858, 1.0836 -1.9979 0.4038, 0.8604 -2.4179 0.2555, 0.8858 -2.4205 0.2534, 0.7874 -2.3453 0.3169, 0.8006 -2.3829 0.2851, 0.8162 -2.3984 0.272, 0.8366 -2.4104 0.2619, 0.9843 -2.4205 0.2534, 0.7908 -2.3648 0.3005, 1.0097 -2.4179 0.2555, 1.0793 -2.3648 0.3005, 1.0827 -2.3453 0.3169, 1.0335 -2.4104 0.2619, 1.0538 -2.3984 0.272, 1.0695 -2.3829 0.2851, 2.9528 -0.9396 0.9843, 2.7559 -0.9396 0.9843, 2.9528 -0.9396 0.9304, 2.7559 -0.9396 0.9601, 2.9423 -0.9396 0.8498, 2.7507 -0.9396 0.9198, 2.9115 -0.9396 0.7746, 2.7353 -0.9396 0.8822, 2.8626 -0.9396 0.7098, 2.7108 -0.9396 0.8498, 2.7987 -0.9396 0.6596, 2.6789 -0.9396 0.8247, 2.7241 -0.9396 0.6275, 2.6416 -0.9396 0.8086, 2.6086 -0.9396 0.5945, 2.4766 -0.9396 0.7616, 2.5431 -0.9396 0.5676, 2.4439 -0.9396 0.7482, 2.4854 -0.9396 0.5268, 2.415 -0.9396 0.7278, 2.0941 -0.9396 0.1782, 1.9744 -0.9396 0.3352, 2.0315 -0.9396 0.1348, 1.943 -0.9396 0.3135, 1.9603 -0.9396 0.1076, 1.9074 -0.9396 0.2999, 2.9528 1.5014 0.7573, 2.9528 1.5014 0.1969, 2.7559 1.5014 0.7573, 2.7559 1.5014 0.1969, 2.7559 1.5014 1.2691, 2.7559 1.5014 1.7913, 2.9528 1.5014 1.2691, 2.9528 1.5014 1.7913, -2.7241 -1.9632 0.6275, -2.7241 -2.8687 0.6275, -2.7987 -2.8687 0.6596, -2.7987 -1.9632 0.6596, -2.8626 -2.8687 0.7098, -2.8626 -1.9632 0.7098, -2.9115 -2.8687 0.7746, -2.9115 -1.9632 0.7746, -2.9423 -2.8687 0.8498, -2.9423 -1.9632 0.8498, -2.9528 -2.8687 0.9304, -2.9528 -1.9632 0.9304, 2.9528 -0.4278 0.9304, 2.9423 -0.4278 0.8498, 2.9115 -0.4278 0.7746, 2.8626 -0.4278 0.7098, 2.7987 -0.4278 0.6596, 2.7241 -0.4278 0.6275, 2.6086 -0.4278 0.5945, 2.5431 -0.4278 0.5676, 2.4854 -0.4278 0.5268, 2.0941 -0.4278 0.1782, 1.9603 -0.4278 0.1076, 2.0315 -0.4278 0.1348, -1.9603 -2.8687 0.1076, -1.9603 -1.9632 0.1076, -2.0315 -2.8687 0.1348, -2.0315 -1.9632 0.1348, -2.0941 -2.8687 0.1782, -2.0941 -1.9632 0.1782, -2.4854 -1.9632 0.5268, -2.4854 -2.8687 0.5268, -2.5431 -1.9632 0.5676, -2.5431 -2.8687 0.5676, -2.6086 -1.9632 0.5945, -2.6086 -2.8687 0.5945, -2.7559 -1.9632 0.9601, -2.7559 -2.8687 0.9601, -2.7507 -1.9632 0.9198, -2.7507 -2.8687 0.9198, -2.7353 -1.9632 0.8822, -2.7353 -2.8687 0.8822, -2.7108 -1.9632 0.8498, -2.7108 -2.8687 0.8498, -2.6789 -1.9632 0.8247, -2.6789 -2.8687 0.8247, -2.6416 -1.9632 0.8086, -2.6416 -2.8687 0.8086, 2.6416 -0.4278 0.8086, 2.6789 -0.4278 0.8247, 2.7108 -0.4278 0.8498, 2.7353 -0.4278 0.8822, 2.7507 -0.4278 0.9198, 2.7559 -0.4278 0.9601, 2.4766 -0.4278 0.7616, 2.415 -0.4278 0.7278, 2.4439 -0.4278 0.7482, 1.9744 -0.4278 0.3352, 1.9074 -0.4278 0.2999, 1.943 -0.4278 0.3135, -1.9744 -1.9632 0.3352, -1.9744 -2.8687 0.3352, -1.943 -1.9632 0.3135, -1.943 -2.8687 0.3135, -1.9074 -1.9632 0.2999, -1.9074 -2.8687 0.2999, -2.415 -2.8687 0.7278, -2.415 -1.9632 0.7278, -2.4766 -1.9632 0.7616, -2.4766 -2.8687 0.7616, -2.4439 -2.8687 0.7482, -2.4439 -1.9632 0.7482, 1.9074 -2.8687 0.2999, 1.9603 -2.8687 0.1076, 1.943 -2.8687 0.3135, 2.0315 -2.8687 0.1348, 1.9744 -2.8687 0.3352, 2.0941 -2.8687 0.1782, 2.415 -2.8687 0.7278, 2.4854 -2.8687 0.5268, 2.4439 -2.8687 0.7482, 2.5431 -2.8687 0.5676, 2.4766 -2.8687 0.7616, 2.6086 -2.8687 0.5945, 2.6416 -2.8687 0.8086, 2.7241 -2.8687 0.6275, 2.6789 -2.8687 0.8247, 2.7987 -2.8687 0.6596, 2.7108 -2.8687 0.8498, 2.8626 -2.8687 0.7098, 2.7353 -2.8687 0.8822, 2.9115 -2.8687 0.7746, 2.7507 -2.8687 0.9198, 2.9423 -2.8687 0.8498, 2.7559 -2.8687 0.9601, 2.9528 -2.8687 0.9304, 2.7559 -2.8687 1.9685, 2.9528 -2.8687 1.9685, 2.7529 -2.8687 1.9948, 2.9449 -2.8687 2.0386, 2.7442 -2.8687 2.0198, 2.9216 -2.8687 2.1052, 2.7301 -2.8687 2.0421, 2.884 -2.8687 2.1649, 2.7114 -2.8687 2.0608, 2.8342 -2.8687 2.2148, 2.689 -2.8687 2.0749, 2.7745 -2.8687 2.2523, 2.6641 -2.8687 2.0837, 2.7079 -2.8687 2.2756, 2.6378 -2.8687 2.0866, 2.6378 -2.8687 2.2835, -2.6378 -2.8687 2.0866, -2.6378 -2.8687 2.2835, -2.6641 -2.8687 2.0837, -2.7079 -2.8687 2.2756, -2.689 -2.8687 2.0749, -2.7745 -2.8687 2.2523, -2.7114 -2.8687 2.0608, -2.8342 -2.8687 2.2148, -2.7301 -2.8687 2.0421, -2.884 -2.8687 2.1649, -2.7442 -2.8687 2.0198, -2.9216 -2.8687 2.1052, -2.7529 -2.8687 1.9948, -2.9449 -2.8687 2.0386, -2.7559 -2.8687 1.9685, -2.9528 -2.8687 1.9685, -2.7241 -0.4278 0.6275, -2.7241 -0.9396 0.6275, -2.7987 -0.9396 0.6596, -2.7987 -0.4278 0.6596, -2.8626 -0.9396 0.7098, -2.8626 -0.4278 0.7098, -2.9115 -0.9396 0.7746, -2.9115 -0.4278 0.7746, -2.9423 -0.9396 0.8498, -2.9423 -0.4278 0.8498, -2.9528 -0.9396 0.9304, -2.9528 -0.4278 0.9304, -2.9528 -1.9632 0.9843, -2.9528 0.6824 0.8674, -2.9528 1.403 0.0984, -2.9528 0.66 0.8815, -2.9528 0.6413 0.9002, -2.9528 -1.914 1.0695, -2.9528 -1.8902 1.0793, -2.9528 -1.8648 1.0827, -2.9528 0.7074 0.8587, -2.9528 0.7337 0.8557, -2.9528 1.4284 0.1018, -2.9528 1.4522 0.1116, -2.9528 -1.8393 1.0793, -2.9528 0.5979 1.9685, -2.9528 -1.8155 1.0695, -2.9528 -1.9344 1.0539, -2.9528 -1.95 1.0335, -2.9528 -1.9598 1.0097, -2.9528 -0.3548 1.0793, -2.9528 -0.9429 1.0097, -2.9528 -0.4278 0.9843, -2.9528 1.4522 0.8425, -2.9528 1.4726 0.8269, -2.9528 1.4284 0.8524, -2.9528 1.4882 0.8065, -2.9528 1.403 0.8557, -2.9528 1.498 0.7828, -2.9528 1.498 0.1714, -2.9528 -0.4146 1.0335, -2.9528 -0.4244 1.0097, -2.9528 -0.9396 0.9843, -2.9528 -1.7697 1.0097, -2.9528 -1.7795 1.0335, -2.9528 -1.7952 1.0539, -2.9528 1.4882 0.1476, -2.9528 1.4726 0.1273, -2.9528 -0.2343 1.0097, -2.9528 0.6413 1.1262, -2.9528 0.6272 1.1038, -2.9528 0.6156 -0.0197, -2.9528 0.6126 0.0066, -2.9528 -0.2441 1.0335, -2.9528 -0.2597 1.0539, -2.9528 -0.2801 1.0695, -2.9528 -0.3785 1.0695, -2.9528 -0.3989 1.0539, -2.9528 -0.9528 1.0335, -2.9528 -0.9684 1.0539, -2.9528 -0.9888 1.0695, -2.9528 -1.0125 1.0793, -2.9528 0.6451 1.903, -2.9528 0.6688 1.8931, -2.9528 0.6943 1.8898, -2.9528 1.403 1.8898, -2.9528 1.498 1.8168, -2.9528 1.4882 1.8406, -2.9528 0.7074 1.1677, -2.9528 0.6824 1.159, -2.9528 0.66 1.1449, -2.9528 -0.3039 1.0793, -2.9528 -0.3293 1.0827, -2.9528 0.5992 1.9627, -2.9528 0.6091 1.939, -2.9528 0.6247 1.9186, -2.9528 1.4726 1.8609, -2.9528 1.4284 1.8864, -2.9528 1.4522 1.8766, -2.9528 0.6272 0.9226, -2.9528 0.6185 0.9476, -2.9528 0.6156 -0.7677, -2.9528 0.7337 1.1707, -2.9528 1.403 1.1707, -2.9528 1.498 1.2436, -2.9528 -1.0994 1.0612, -2.9528 -1.1149 1.0456, -2.9528 -1.1267 1.027, -2.9528 -1.1339 1.0062, -2.9528 0.5711 0.0727, -2.9528 0.5898 0.054, -2.9528 0.6039 0.0316, -2.9528 0.5487 0.0867, -2.9528 0.5237 0.0955, -2.9528 0.4974 0.0984, -2.9528 -0.1325 0.0984, -2.9528 1.4882 1.2199, -2.9528 1.4726 1.1995, -2.9528 1.4284 1.174, -2.9528 1.4522 1.1839, -2.9528 -1.038 1.0827, -2.9528 -1.0599 1.0802, -2.9528 -1.0807 1.0729, -2.9528 -1.55 0.1151, -2.9528 -1.1364 0.9843, -2.9528 -1.5391 0.0947, -2.9528 -1.5324 0.0725, -2.9528 0.6185 1.0789, -2.9528 0.6156 1.0526, -2.9528 0.6156 0.9738, -2.9528 1.403 -0.7677, -2.9528 1.3996 -0.7932, -2.9528 1.3898 -0.8169, -2.9528 1.33 -0.8628, -2.9528 1.3741 -0.8373, -2.9528 1.3537 -0.853, -2.9528 0.6648 -0.853, -2.9528 0.6444 -0.8373, -2.9528 0.6885 -0.8628, -2.9528 0.6287 -0.8169, -2.9528 0.6189 -0.7932, -2.9528 -0.158 0.1018, -2.9528 -0.1817 0.1116, -2.9528 -0.2021 0.1273, -2.9528 -0.2177 0.1476, -2.9528 -0.2275 0.1714, -2.9528 -1.5647 0.133, -2.9528 -1.7375 0.3058, -2.9528 -1.7532 0.3262, -2.9528 -1.1398 -0.7932, -2.9528 -1.1364 -0.7677, -2.9528 -1.4572 -0.8628, -2.9528 -1.5268 -0.7932, -2.9528 -1.5301 -0.7677, -2.9528 -1.5301 0.0495, -2.9528 -1.763 0.3499, -2.9528 -1.1496 -0.8169, -2.9528 -1.1652 -0.8373, -2.9528 -1.4809 -0.853, -2.9528 -1.5013 -0.8373, -2.9528 -1.5169 -0.8169, -2.9528 -1.1856 -0.853, -2.9528 -1.2094 -0.8628, -2.9521 0.5959 1.9882, -2.9449 0.5959 2.0386, -2.9216 0.5959 2.1052, -2.884 0.5959 2.1649, -2.8342 0.5959 2.2148, -2.7745 0.5959 2.2523, -2.7079 0.5959 2.2756, -2.6378 0.5959 2.2835, 1.0229 0.2049 2.2835, -0.9646 0.2809 2.2835, 1.0433 0.2022 2.2835, -0.9673 0.2605 2.2835, 1.0039 0.2127 2.2835, 0.9876 0.2252 2.2835, 0.9751 0.2415 2.2835, -1.0229 0.5144 2.2835, -1.0039 0.5066 2.2835, 2.0992 0.6305 2.2835, 2.0832 -0.5453 2.2835, 1.6502 0.2252 2.2835, 2.0643 -0.5384 2.2835, 1.6339 0.2127 2.2835, 2.0443 -0.5366 2.2835, -0.9876 0.4941 2.2835, -0.9751 0.4778 2.2835, -0.9673 0.4588 2.2835, 1.6149 0.5144 2.2835, 1.6339 0.5066 2.2835, 1.6732 0.4384 2.2835, 1.6732 0.2809 2.2835, 2.6378 0.5959 2.2835, 1.6705 0.2605 2.2835, 1.6627 0.2415 2.2835, 1.9711 -0.5954 2.2835, 1.9786 -0.5768 2.2835, 1.3679 -0.5768 2.2835, -0.9751 0.2415 2.2835, -0.9876 0.2252 2.2835, -1.0039 0.2127 2.2835, -1.5945 0.2022 2.2835, -1.6149 0.2049 2.2835, -2.0997 -0.5566 2.2835, -1.6627 0.2415 2.2835, -2.0992 0.6305 2.2835, -2.1236 0.6117 2.2835, 2.0804 0.6549 2.2835, 2.0686 0.6834 2.2835, -1.5945 0.5171 2.2835, 2.0646 0.714 2.2835, -1.0433 0.5171 2.2835, 2.1827 0.5959 2.2835, 2.1521 0.5999 2.2835, 1.6705 0.4588 2.2835, 2.1236 0.6117 2.2835, 1.6627 0.4778 2.2835, 1.6502 0.4941 2.2835, 2.0997 -0.5566 2.2835, 2.1275 -0.5872 2.2835, 2.1482 -0.623 2.2835, 1.6149 0.2049 2.2835, 2.0062 -0.5481 2.2835, 2.0245 -0.5399 2.2835, 2.161 -0.6623 2.2835, 2.1654 -0.7033 2.2835, 2.1654 -2.0813 2.2835, -1.6627 0.4778 2.2835, -1.6502 0.4941 2.2835, -2.0646 0.9305 2.2835, -1.9464 1.0486 2.2835, -1.6149 0.5144 2.2835, 0.9751 0.4778 2.2835, 0.9876 0.4941 2.2835, 1.0039 0.5066 2.2835, 1.9905 -0.5607 2.2835, 1.3559 -0.5607 2.2835, -1.6339 0.2127 2.2835, -1.6502 0.2252 2.2835, -2.1275 -0.5872 2.2835, -2.1482 -0.623 2.2835, -2.161 -0.6623 2.2835, -2.1521 0.5999 2.2835, -2.1654 -0.7033 2.2835, 0.9673 0.2605 2.2835, 0.9646 0.2809 2.2835, -0.9646 0.4384 2.2835, 0.9646 0.4384 2.2835, 0.9673 0.4588 2.2835, -2.0245 -0.5399 2.2835, -2.0062 -0.5481 2.2835, 1.3021 -0.5366 2.2835, 1.3219 -0.5399 2.2835, 1.3403 -0.5481 2.2835, 1.5945 0.2022 2.2835, -2.0643 -0.5384 2.2835, -2.0832 -0.5453 2.2835, -1.0229 0.2049 2.2835, -1.0433 0.2022 2.2835, -2.0646 0.714 2.2835, -2.0686 0.6834 2.2835, -1.6705 0.4588 2.2835, -2.0804 0.6549 2.2835, -1.6705 0.2605 2.2835, -1.6732 0.2809 2.2835, -1.6732 0.4384 2.2835, 2.1586 -2.1322 2.2835, 2.139 -2.1797 2.2835, 2.1077 -2.2205 2.2835, -2.0669 -2.2518 2.2835, -2.1077 -2.2205 2.2835, -2.139 -2.1797 2.2835, -2.03 1.014 2.2835, -2.0487 0.9896 2.2835, -2.0605 0.9611 2.2835, 1.9464 1.0486 2.2835, 2.0646 0.9305 2.2835, -2.0443 -0.5366 2.2835, 1.378 -0.6153 2.2835, 1.378 -1.3129 2.2835, 1.9685 -1.3129 2.2835, -1.2075 -2.1797 2.2835, -1.2388 -2.2205 2.2835, 1.2075 -2.1797 2.2835, -1.2795 -2.2518 2.2835, 1.2388 -2.2205 2.2835, -1.6339 0.5066 2.2835, -1.977 1.0446 2.2835, -2.0055 1.0328 2.2835, 1.0229 0.5144 2.2835, 1.0433 0.5171 2.2835, 1.5945 0.5171 2.2835, -1.3559 -0.5607 2.2835, -1.3403 -0.5481 2.2835, -1.9786 -0.5768 2.2835, -1.3219 -0.5399 2.2835, 1.3754 -0.5954 2.2835, 1.9685 -0.6153 2.2835, -1.1811 -2.0813 2.2835, -1.1878 -2.1322 2.2835, 1.1811 -2.0813 2.2835, -1.378 -2.2781 2.2835, -1.9685 -2.2781 2.2835, -2.0195 -2.2714 2.2835, -1.9905 -0.5607 2.2835, -1.3021 -0.5366 2.2835, -1.2821 -0.5384 2.2835, -1.2633 -0.5453 2.2835, -1.2467 -0.5566 2.2835, 1.1878 -2.1322 2.2835, -1.1811 -0.7033 2.2835, 1.1854 -0.6623 2.2835, 1.1983 -0.623 2.2835, -2.1586 -2.1322 2.2835, -2.1654 -2.0813 2.2835, -2.1827 0.5959 2.2835, 2.0487 0.9896 2.2835, 2.03 1.014 2.2835, 2.0605 0.9611 2.2835, 2.0055 1.0328 2.2835, 1.977 1.0446 2.2835, 2.0669 -2.2518 2.2835, 2.0195 -2.2714 2.2835, 1.9685 -2.2781 2.2835, -1.327 -2.2714 2.2835, -1.219 -0.5872 2.2835, -1.1983 -0.623 2.2835, -1.1854 -0.6623 2.2835, 1.378 -2.2781 2.2835, 1.327 -2.2714 2.2835, 1.2795 -2.2518 2.2835, 1.1811 -0.7033 2.2835, -1.9685 -1.3129 2.2835, -1.378 -1.3129 2.2835, -1.9685 -0.6153 2.2835, -1.378 -0.6153 2.2835, -1.9711 -0.5954 2.2835, -1.3754 -0.5954 2.2835, -1.3679 -0.5768 2.2835, 1.219 -0.5872 2.2835, 1.2467 -0.5566 2.2835, 1.2633 -0.5453 2.2835, 1.2821 -0.5384 2.2835, 2.7079 0.5959 2.2756, 2.7745 0.5959 2.2523, 2.8342 0.5959 2.2148, 2.884 0.5959 2.1649, 2.9216 0.5959 2.1052, 2.9449 0.5959 2.0386, 2.9521 0.5959 1.9882, 2.9528 0.5979 1.9685, 2.9528 -1.0872 1.0695, 2.9528 -1.0635 1.0793, 2.9528 -1.8155 1.0695, 2.9528 1.403 0.8557, 2.9528 0.7337 0.8557, 2.9528 -1.8393 1.0793, 2.9528 -0.158 0.1018, 2.9528 -0.1325 0.0984, 2.9528 0.6688 1.8931, 2.9528 0.6413 0.9002, 2.9528 1.403 0.0984, 2.9528 0.66 0.8815, 2.9528 0.6824 0.8674, 2.9528 -1.9632 0.9304, 2.9528 -1.9632 0.9843, 2.9528 -1.9598 1.0097, 2.9528 -1.95 1.0335, 2.9528 -1.9344 1.0539, 2.9528 -1.1331 1.0097, 2.9528 -1.1232 1.0335, 2.9528 -1.7795 1.0335, 2.9528 -1.7952 1.0539, 2.9528 1.4284 0.1018, 2.9528 0.7074 0.8587, 2.9528 -1.914 1.0695, 2.9528 -1.8902 1.0793, 2.9528 -1.8648 1.0827, 2.9528 -1.1076 1.0539, 2.9528 -0.4244 1.0097, 2.9528 -0.4146 1.0335, 2.9528 -0.9528 1.0335, 2.9528 -0.3293 1.0827, 2.9528 -0.3039 1.0793, 2.9528 -0.2801 1.0695, 2.9528 1.498 0.7828, 2.9528 1.4882 0.8065, 2.9528 1.4284 0.8524, 2.9528 1.4726 0.8269, 2.9528 1.4522 0.8425, 2.9528 -1.5647 0.133, 2.9528 -1.55 0.1151, 2.9528 -1.1364 0.9843, 2.9528 0.6272 1.1038, 2.9528 0.6413 1.1262, 2.9528 0.66 1.1449, 2.9528 -0.2343 1.0097, 2.9528 -0.2309 0.9843, 2.9528 0.6451 1.903, 2.9528 -0.2309 0.1969, 2.9528 -0.2275 0.1714, 2.9528 -0.2177 0.1476, 2.9528 -1.0125 1.0793, 2.9528 -0.9888 1.0695, 2.9528 -0.9684 1.0539, 2.9528 1.4522 0.1116, 2.9528 1.4726 0.1273, 2.9528 1.4882 0.1476, 2.9528 1.498 0.1714, 2.9528 0.5237 0.0955, 2.9528 0.5487 0.0867, 2.9528 0.5711 0.0727, 2.9528 0.5898 0.054, 2.9528 0.6039 0.0316, 2.9528 0.6824 1.159, 2.9528 0.7074 1.1677, 2.9528 0.6943 1.8898, 2.9528 0.7337 1.1707, 2.9528 -0.2021 0.1273, 2.9528 -0.1817 0.1116, 2.9528 -1.038 1.0827, 2.9528 -0.2441 1.0335, 2.9528 0.6247 1.9186, 2.9528 -0.2597 1.0539, 2.9528 0.6091 1.939, 2.9528 0.5992 1.9627, 2.9528 -1.5391 0.0947, 2.9528 -1.5324 0.0725, 2.9528 -1.5301 0.0495, 2.9528 0.4974 0.0984, 2.9528 0.6272 0.9226, 2.9528 0.6185 0.9476, 2.9528 0.6156 0.9738, 2.9528 -0.3989 1.0539, 2.9528 -0.3785 1.0695, 2.9528 -0.3548 1.0793, 2.9528 0.6156 1.0526, 2.9528 0.6185 1.0789, 2.9528 0.6126 0.0066, 2.9528 0.6156 -0.0197, 2.9528 1.403 -0.7677, 2.9528 -0.9429 1.0097, 2.9528 -0.4278 0.9843, 2.9528 -1.763 0.3499, 2.9528 -1.7532 0.3262, 2.9528 -1.7375 0.3058, 2.9528 -1.4572 -0.8628, 2.9528 -1.4317 -0.8661, 2.9528 -1.5268 -0.7932, 2.9528 -1.5301 -0.7677, 2.9528 1.403 1.1707, 2.9528 1.498 1.2436, 2.9528 1.4882 1.2199, 2.9528 -1.7697 1.0097, 2.9528 -1.7663 0.9843, 2.9528 -1.7663 0.3754, 2.9528 -1.2094 -0.8628, 2.9528 -1.1364 -0.7677, 2.9528 -1.2348 -0.8661, 2.9528 0.6156 -0.7677, 2.9528 0.714 -0.8661, 2.9528 1.3045 -0.8661, 2.9528 1.4726 1.1995, 2.9528 1.4284 1.174, 2.9528 1.4522 1.1839, 2.9528 1.498 1.8168, 2.9528 1.403 1.8898, 2.9528 0.6189 -0.7932, 2.9528 0.6287 -0.8169, 2.9528 0.6885 -0.8628, 2.9528 0.6444 -0.8373, 2.9528 0.6648 -0.853, 2.9528 1.4882 1.8406, 2.9528 1.4726 1.8609, 2.9528 1.4284 1.8864, 2.9528 1.4522 1.8766, 2.9528 -1.5169 -0.8169, 2.9528 -1.5013 -0.8373, 2.9528 -1.4809 -0.853, 2.9528 -1.1856 -0.853, 2.9528 -1.1652 -0.8373, 2.9528 1.3537 -0.853, 2.9528 1.3741 -0.8373, 2.9528 1.33 -0.8628, 2.9528 1.3898 -0.8169, 2.9528 1.3996 -0.7932, 2.9528 -1.1496 -0.8169, 2.9528 -1.1398 -0.7932, 2.9423 -1.9632 0.8498, 2.9115 -1.9632 0.7746, 2.8626 -1.9632 0.7098, 2.7987 -1.9632 0.6596, 2.7241 -1.9632 0.6275, 2.6086 -1.9632 0.5945, 2.5431 -1.9632 0.5676, 2.4854 -1.9632 0.5268, 2.0941 -1.9632 0.1782, 2.0315 -1.9632 0.1348, 1.9603 -1.9632 0.1076, -1.9603 -0.9396 0.1076, -1.9603 -0.4278 0.1076, -2.0315 -0.9396 0.1348, -2.0315 -0.4278 0.1348, -2.0941 -0.9396 0.1782, -2.0941 -0.4278 0.1782, -2.4854 -0.4278 0.5268, -2.4854 -0.9396 0.5268, -2.5431 -0.4278 0.5676, -2.5431 -0.9396 0.5676, -2.6086 -0.4278 0.5945, -2.6086 -0.9396 0.5945, -2.7559 -0.4278 0.9601, -2.7559 -0.9396 0.9601, -2.7507 -0.4278 0.9198, -2.7507 -0.9396 0.9198, -2.7353 -0.4278 0.8822, -2.7353 -0.9396 0.8822, -2.7108 -0.4278 0.8498, -2.7108 -0.9396 0.8498, -2.6789 -0.4278 0.8247, -2.6789 -0.9396 0.8247, -2.6416 -0.4278 0.8086, -2.6416 -0.9396 0.8086, -2.7559 -1.9344 1.0539, -2.7559 -1.914 1.0695, -2.7559 0.6413 0.9002, -2.7559 1.403 0.0984, -2.7559 0.66 0.8815, -2.7559 0.6824 0.8674, -2.7559 1.403 0.8557, -2.7559 0.7337 0.8557, -2.7559 -1.9632 0.9843, -2.7559 -1.9598 1.0097, -2.7559 -1.95 1.0335, -2.7559 -1.8902 1.0793, -2.7559 -1.8648 1.0827, -2.7559 0.5979 1.9685, -2.7559 -1.8393 1.0793, -2.7559 -1.8155 1.0695, -2.7559 -1.0125 1.0793, -2.7559 -0.9888 1.0695, -2.7559 -0.9684 1.0539, -2.7559 0.6943 1.8898, -2.7559 0.6688 1.8931, -2.7559 -0.9429 1.0097, -2.7559 1.4284 0.1018, -2.7559 0.7074 0.8587, -2.7559 -1.7952 1.0539, -2.7559 -1.7795 1.0335, -2.7559 -1.7697 1.0097, -2.7559 0.6451 1.903, -2.7559 0.6247 1.9186, -2.7559 -0.9528 1.0335, -2.7559 0.6091 1.939, -2.7559 0.5992 1.9627, -2.7559 -0.4146 1.0335, -2.7559 -0.3989 1.0539, -2.7559 -0.3785 1.0695, -2.7559 -0.3548 1.0793, -2.7559 -0.3293 1.0827, -2.7559 -0.3039 1.0793, -2.7559 -0.2801 1.0695, -2.7559 -0.2597 1.0539, -2.7559 -0.2441 1.0335, -2.7559 -0.2343 1.0097, -2.7559 -0.9396 0.9843, -2.7559 -0.4278 0.9843, -2.7559 -0.4244 1.0097, -2.7559 1.4522 0.1116, -2.7559 1.4726 0.1273, -2.7559 1.4882 0.1476, -2.7559 1.498 0.7828, -2.7559 1.4882 0.8065, -2.7559 1.4284 0.8524, -2.7559 1.4726 0.8269, -2.7559 1.4522 0.8425, -2.7559 1.403 1.8898, -2.7559 0.6272 0.9226, -2.7559 0.6185 1.0789, -2.7559 0.6272 1.1038, -2.7559 0.6413 1.1262, -2.7559 0.66 1.1449, -2.7559 1.498 0.1714, -2.7559 -1.5647 0.133, -2.7559 -1.55 0.1151, -2.7559 -1.1364 0.9843, -2.7559 -1.0994 1.0612, -2.7559 -1.1149 1.0456, -2.7559 -1.1267 1.027, -2.7559 0.6824 1.159, -2.7559 0.7074 1.1677, -2.7559 0.7337 1.1707, -2.7559 1.403 1.1707, -2.7559 1.498 1.2436, -2.7559 1.4882 1.2199, -2.7559 0.6039 0.0316, -2.7559 0.6126 0.0066, -2.7559 0.6156 -0.0197, -2.7559 1.403 -0.7677, -2.7559 1.498 1.8168, -2.7559 1.4882 1.8406, -2.7559 1.4284 1.8864, -2.7559 1.4726 1.8609, -2.7559 1.4522 1.8766, -2.7559 1.4726 1.1995, -2.7559 1.4284 1.174, -2.7559 1.4522 1.1839, -2.7559 0.5237 0.0955, -2.7559 0.4974 0.0984, -2.7559 -0.1325 0.0984, -2.7559 0.5487 0.0867, -2.7559 0.5711 0.0727, -2.7559 0.5898 0.054, -2.7559 -1.5391 0.0947, -2.7559 -1.5324 0.0725, -2.7559 -1.5301 0.0495, -2.7559 -1.0807 1.0729, -2.7559 -1.0599 1.0802, -2.7559 -1.038 1.0827, -2.7559 0.6156 -0.7677, -2.7559 0.6185 0.9476, -2.7559 0.6156 0.9738, -2.7559 0.6156 1.0526, -2.7559 -0.2275 0.1714, -2.7559 -0.2177 0.1476, -2.7559 -0.2021 0.1273, -2.7559 -0.1817 0.1116, -2.7559 -0.158 0.1018, -2.7559 0.6189 -0.7932, -2.7559 0.6287 -0.8169, -2.7559 0.6885 -0.8628, -2.7559 0.6444 -0.8373, -2.7559 0.6648 -0.853, -2.7559 -1.763 0.3499, -2.7559 -1.7532 0.3262, -2.7559 -1.7375 0.3058, -2.7559 -1.4572 -0.8628, -2.7559 -1.5268 -0.7932, -2.7559 -1.5301 -0.7677, -2.7559 1.3537 -0.853, -2.7559 1.3741 -0.8373, -2.7559 1.33 -0.8628, -2.7559 1.3898 -0.8169, -2.7559 1.3996 -0.7932, -2.7559 -1.1339 1.0062, -2.7559 -1.2094 -0.8628, -2.7559 -1.1364 -0.7677, -2.7559 -1.5169 -0.8169, -2.7559 -1.5013 -0.8373, -2.7559 -1.4809 -0.853, -2.7559 -1.1856 -0.853, -2.7559 -1.1652 -0.8373, -2.7559 -1.1496 -0.8169, -2.7559 -1.1398 -0.7932, -2.6378 0.5959 2.0866, -2.6641 0.5959 2.0837, -2.689 0.5959 2.0749, -2.7114 0.5959 2.0608, -2.7301 0.5959 2.0421, -2.7442 0.5959 2.0198, -2.7529 0.5959 1.9948, -2.7543 0.5959 1.9882, 0.9876 0.4941 2.0866, 0.9751 0.4778 2.0866, -1.9464 1.0486 2.0866, 0.9673 0.4588 2.0866, -1.977 1.0446 2.0866, -1.6732 0.4384 2.0866, -1.6732 0.2809 2.0866, -1.6705 0.2605 2.0866, -1.6627 0.2415 2.0866, 1.0039 0.2127 2.0866, 1.0229 0.2049 2.0866, 1.1811 -0.7033 2.0866, 1.6705 0.4588 2.0866, 2.0992 0.6305 2.0866, 2.1236 0.6117 2.0866, -2.0992 0.6305 2.0866, -2.0804 0.6549 2.0866, 0.9646 0.4384 2.0866, -2.0686 0.6834 2.0866, -2.0646 0.714 2.0866, 2.1521 0.5999 2.0866, 2.1827 0.5959 2.0866, 1.6732 0.4384 2.0866, 2.6378 0.5959 2.0866, 1.6732 0.2809 2.0866, 1.6502 0.4941 2.0866, 1.6339 0.5066 2.0866, 2.0686 0.6834 2.0866, -1.6149 0.5144 2.0866, -1.6339 0.5066 2.0866, 1.6627 0.4778 2.0866, -0.9646 0.4384 2.0866, -0.9673 0.4588 2.0866, -2.1827 0.5959 2.0866, -2.1521 0.5999 2.0866, -1.6705 0.4588 2.0866, -2.1236 0.6117 2.0866, -1.6627 0.4778 2.0866, -1.6502 0.4941 2.0866, -2.1077 -2.2205 2.0866, -2.139 -2.1797 2.0866, -2.1586 -2.1322 2.0866, -1.2388 -2.2205 2.0866, 1.2075 -2.1797 2.0866, -1.2795 -2.2518 2.0866, 1.2388 -2.2205 2.0866, 1.2795 -2.2518 2.0866, 2.0669 -2.2518 2.0866, 2.1077 -2.2205 2.0866, 2.139 -2.1797 2.0866, 2.161 -0.6623 2.0866, 2.1482 -0.623 2.0866, -2.0646 0.9305 2.0866, -2.0605 0.9611 2.0866, -2.0487 0.9896 2.0866, -2.0832 -0.5453 2.0866, -1.6502 0.2252 2.0866, -2.0643 -0.5384 2.0866, -1.6339 0.2127 2.0866, -2.0443 -0.5366 2.0866, -2.0997 -0.5566 2.0866, -2.1275 -0.5872 2.0866, -2.1482 -0.623 2.0866, -0.9876 0.2252 2.0866, -0.9751 0.2415 2.0866, 0.9673 0.2605 2.0866, -0.9673 0.2605 2.0866, -0.9646 0.2809 2.0866, -0.9751 0.4778 2.0866, -0.9876 0.4941 2.0866, -1.0039 0.5066 2.0866, -1.9786 -0.5768 2.0866, -1.9905 -0.5607 2.0866, -2.0062 -0.5481 2.0866, -2.0245 -0.5399 2.0866, 0.9876 0.2252 2.0866, -1.2467 -0.5566 2.0866, 0.9751 0.2415 2.0866, 2.0443 -0.5366 2.0866, 2.0245 -0.5399 2.0866, 1.3754 -0.5954 2.0866, 2.0062 -0.5481 2.0866, 1.9905 -0.5607 2.0866, -2.161 -0.6623 2.0866, -2.1654 -0.7033 2.0866, -2.1654 -2.0813 2.0866, 1.6705 0.2605 2.0866, 1.6627 0.2415 2.0866, 2.1275 -0.5872 2.0866, 1.6502 0.2252 2.0866, 1.6149 0.5144 2.0866, 1.5945 0.5171 2.0866, 2.0646 0.714 2.0866, 1.0433 0.5171 2.0866, -2.03 1.014 2.0866, -2.0055 1.0328 2.0866, -1.5945 0.2022 2.0866, -1.0433 0.2022 2.0866, -1.0229 0.2049 2.0866, -1.0039 0.2127 2.0866, -1.2633 -0.5453 2.0866, -1.2821 -0.5384 2.0866, 2.0997 -0.5566 2.0866, 1.6149 0.2049 2.0866, 1.6339 0.2127 2.0866, 1.5945 0.2022 2.0866, 1.3021 -0.5366 2.0866, 1.0433 0.2022 2.0866, 1.2821 -0.5384 2.0866, 1.2633 -0.5453 2.0866, 1.2467 -0.5566 2.0866, 1.219 -0.5872 2.0866, -2.0669 -2.2518 2.0866, -2.0195 -2.2714 2.0866, -1.9685 -2.2781 2.0866, 1.327 -2.2714 2.0866, 1.378 -2.2781 2.0866, 2.1586 -2.1322 2.0866, 2.1654 -2.0813 2.0866, 2.1654 -0.7033 2.0866, 2.0804 0.6549 2.0866, -1.6149 0.2049 2.0866, -1.3021 -0.5366 2.0866, -1.3219 -0.5399 2.0866, -1.3403 -0.5481 2.0866, -1.3559 -0.5607 2.0866, 1.9685 -1.3129 2.0866, 1.378 -1.3129 2.0866, 1.9685 -0.6153 2.0866, 1.378 -0.6153 2.0866, 1.9711 -0.5954 2.0866, 1.9786 -0.5768 2.0866, -1.2075 -2.1797 2.0866, -1.1878 -2.1322 2.0866, 1.1878 -2.1322 2.0866, -1.1811 -2.0813 2.0866, 1.1811 -2.0813 2.0866, -1.1854 -0.6623 2.0866, -1.1983 -0.623 2.0866, -1.219 -0.5872 2.0866, 1.9685 -2.2781 2.0866, 2.0195 -2.2714 2.0866, 1.977 1.0446 2.0866, 1.9464 1.0486 2.0866, 1.0229 0.5144 2.0866, 1.0039 0.5066 2.0866, 0.9646 0.2809 2.0866, -1.0229 0.5144 2.0866, -1.0433 0.5171 2.0866, -1.5945 0.5171 2.0866, 2.0832 -0.5453 2.0866, 2.0643 -0.5384 2.0866, 1.1983 -0.623 2.0866, 1.1854 -0.6623 2.0866, -1.378 -2.2781 2.0866, -1.327 -2.2714 2.0866, 2.0055 1.0328 2.0866, 2.03 1.014 2.0866, 2.0487 0.9896 2.0866, 2.0605 0.9611 2.0866, 2.0646 0.9305 2.0866, 1.3679 -0.5768 2.0866, 1.3559 -0.5607 2.0866, 1.3403 -0.5481 2.0866, 1.3219 -0.5399 2.0866, -1.1811 -0.7033 2.0866, -1.378 -0.6153 2.0866, -1.378 -1.3129 2.0866, -1.9685 -1.3129 2.0866, -1.3679 -0.5768 2.0866, -1.3754 -0.5954 2.0866, -1.9711 -0.5954 2.0866, -1.9685 -0.6153 2.0866, 2.6641 0.5959 2.0837, 2.689 0.5959 2.0749, 2.7114 0.5959 2.0608, 2.7301 0.5959 2.0421, 2.7442 0.5959 2.0198, 2.7529 0.5959 1.9948, 2.7543 0.5959 1.9882, 2.7559 0.5979 1.9685, 2.7559 0.6824 0.8674, 2.7559 1.403 0.0984, 2.7559 0.66 0.8815, 2.7559 0.6413 0.9002, 2.7559 0.7074 0.8587, 2.7559 0.7337 0.8557, 2.7559 1.4284 0.1018, 2.7559 -1.95 1.0335, 2.7559 -1.9598 1.0097, 2.7559 -1.9632 0.9843, 2.7559 -1.9632 0.9601, 2.7559 -1.1076 1.0539, 2.7559 -1.1232 1.0335, 2.7559 -1.8155 1.0695, 2.7559 -0.2309 0.1969, 2.7559 0.6451 1.903, 2.7559 -0.2275 0.1714, 2.7559 0.6688 1.8931, 2.7559 -1.7697 1.0097, 2.7559 -1.7795 1.0335, 2.7559 -1.1331 1.0097, 2.7559 -0.1325 0.0984, 2.7559 -0.158 0.1018, 2.7559 -0.1817 0.1116, 2.7559 0.6824 1.159, 2.7559 0.66 1.1449, 2.7559 -0.3548 1.0793, 2.7559 -0.3785 1.0695, 2.7559 -0.9429 1.0097, 2.7559 -0.3989 1.0539, 2.7559 -0.4146 1.0335, 2.7559 -1.7952 1.0539, 2.7559 -1.8393 1.0793, 2.7559 -1.8648 1.0827, 2.7559 -1.8902 1.0793, 2.7559 0.7074 1.1677, 2.7559 0.6943 1.8898, 2.7559 0.7337 1.1707, 2.7559 0.6156 -0.0197, 2.7559 0.6126 0.0066, 2.7559 1.4522 0.8425, 2.7559 1.4726 0.8269, 2.7559 1.4284 0.8524, 2.7559 1.4882 0.8065, 2.7559 1.403 0.8557, 2.7559 1.498 0.1714, 2.7559 1.4882 0.1476, 2.7559 -0.4278 0.9843, 2.7559 -0.2309 0.9843, 2.7559 -0.2343 1.0097, 2.7559 -0.2441 1.0335, 2.7559 -0.3293 1.0827, 2.7559 -0.9528 1.0335, 2.7559 -0.9684 1.0539, 2.7559 -0.9888 1.0695, 2.7559 -1.914 1.0695, 2.7559 -1.9344 1.0539, 2.7559 -0.2021 0.1273, 2.7559 -0.2177 0.1476, 2.7559 1.498 0.7828, 2.7559 1.4726 0.1273, 2.7559 1.4522 0.1116, 2.7559 -0.4244 1.0097, 2.7559 -0.2597 1.0539, 2.7559 -0.2801 1.0695, 2.7559 -0.3039 1.0793, 2.7559 0.6156 -0.7677, 2.7559 0.6039 0.0316, 2.7559 0.5898 0.054, 2.7559 0.5711 0.0727, 2.7559 0.5487 0.0867, 2.7559 0.5237 0.0955, 2.7559 0.6272 0.9226, 2.7559 0.4974 0.0984, 2.7559 0.5992 1.9627, 2.7559 0.6091 1.939, 2.7559 0.6247 1.9186, 2.7559 0.6156 1.0526, 2.7559 0.6156 0.9738, 2.7559 0.6185 0.9476, 2.7559 -1.0125 1.0793, 2.7559 -1.038 1.0827, 2.7559 -1.0635 1.0793, 2.7559 -1.0872 1.0695, 2.7559 -1.55 0.1151, 2.7559 -1.1364 0.9843, 2.7559 -1.5391 0.0947, 2.7559 -1.5324 0.0725, 2.7559 0.6413 1.1262, 2.7559 0.6272 1.1038, 2.7559 0.6185 1.0789, 2.7559 1.403 1.8898, 2.7559 1.498 1.8168, 2.7559 1.4882 1.8406, 2.7559 1.403 -0.7677, 2.7559 1.3045 -0.8661, 2.7559 0.714 -0.8661, 2.7559 1.4726 1.8609, 2.7559 1.4284 1.8864, 2.7559 1.4522 1.8766, 2.7559 1.498 1.2436, 2.7559 1.403 1.1707, 2.7559 1.3996 -0.7932, 2.7559 1.3898 -0.8169, 2.7559 1.33 -0.8628, 2.7559 1.3741 -0.8373, 2.7559 1.3537 -0.853, 2.7559 -1.5647 0.133, 2.7559 -1.7375 0.3058, 2.7559 -1.7532 0.3262, 2.7559 1.4882 1.2199, 2.7559 1.4726 1.1995, 2.7559 1.4284 1.174, 2.7559 1.4522 1.1839, 2.7559 0.6648 -0.853, 2.7559 0.6444 -0.8373, 2.7559 0.6885 -0.8628, 2.7559 0.6287 -0.8169, 2.7559 0.6189 -0.7932, 2.7559 -1.1398 -0.7932, 2.7559 -1.2348 -0.8661, 2.7559 -1.1364 -0.7677, 2.7559 -1.4317 -0.8661, 2.7559 -1.4572 -0.8628, 2.7559 -1.5268 -0.7932, 2.7559 -1.5301 -0.7677, 2.7559 -1.5301 0.0495, 2.7559 -1.763 0.3499, 2.7559 -1.7663 0.3754, 2.7559 -1.7663 0.9843, 2.7559 -1.1496 -0.8169, 2.7559 -1.1652 -0.8373, 2.7559 -1.4809 -0.853, 2.7559 -1.5013 -0.8373, 2.7559 -1.5169 -0.8169, 2.7559 -1.1856 -0.853, 2.7559 -1.2094 -0.8628, 2.6416 -1.9632 0.8086, 2.6789 -1.9632 0.8247, 2.7108 -1.9632 0.8498, 2.7353 -1.9632 0.8822, 2.7507 -1.9632 0.9198, 2.4766 -1.9632 0.7616, 2.415 -1.9632 0.7278, 2.4439 -1.9632 0.7482, 1.9744 -1.9632 0.3352, 1.9074 -1.9632 0.2999, 1.943 -1.9632 0.3135, -1.9744 -0.4278 0.3352, -1.9744 -0.9396 0.3352, -1.943 -0.4278 0.3135, -1.943 -0.9396 0.3135, -1.9074 -0.4278 0.2999, -1.9074 -0.9396 0.2999, -2.415 -0.9396 0.7278, -2.415 -0.4278 0.7278, -2.4766 -0.4278 0.7616, -2.4766 -0.9396 0.7616, -2.4439 -0.9396 0.7482, -2.4439 -0.4278 0.7482, 0.9843 -2.2933 0.1031, 0.8858 -2.2933 0.1031, 1.0827 -2.1549 0.2201, 1.0827 -2.2182 0.1666, 1.0793 -2.2376 0.1502, 0.7874 -2.1549 0.2201, 0.7874 -2.2182 0.1666, 1.0695 -2.2557 0.1349, 1.0538 -2.2713 0.1217, 1.0097 -2.2908 0.1052, 1.0335 -2.2833 0.1116, 0.8366 -2.2833 0.1116, 0.8162 -2.2713 0.1217, 0.8006 -2.2557 0.1349, 0.8604 -2.2908 0.1052, 0.7908 -2.2376 0.1502, 1.0827 -2.0746 0.2201, 0.7874 -2.0746 0.2201, 1.0827 -2.0252 0.1832, 0.7874 -1.9744 0.1538, 1.0862 -1.9743 0.154, 1.0865 -1.9705 0.1518, 1.0979 -1.9168 0.1289, 0.7874 -1.8616 0.1125, 1.1137 -1.8616 0.1125, 0.7874 -2.0867 0.2282, 1.0827 -2.0867 0.2282, 0.7874 -2.1003 0.2332, 1.0827 -2.1003 0.2332, 0.7874 -2.1148 0.2349, 1.0827 -2.1148 0.2349, 0.7874 -2.1292 0.2332, 1.0827 -2.1292 0.2332, 0.7874 -2.1428 0.2282, 1.0827 -2.1428 0.2282, 0.7874 -1.8856 0.3295, 1.0979 -1.9168 0.3475, 1.1068 -1.8856 0.3295, 1.1268 -1.8159 0.3039, 0.7874 -1.8159 0.3039, 1.5748 -2.1426 2.1272, 1.7717 -2.1426 2.1272, 1.5748 -2.02 2.2812, 1.7717 -2.02 2.2812, 1.9685 -1.4001 2.0789, 1.9685 -1.4347 2.2727, 1.9685 -1.4847 2.056, 1.9685 -1.5528 2.2407, 1.9685 -1.5638 2.0185, 1.9685 -1.6633 2.1884, 1.378 -1.6633 2.1884, 1.378 -1.5528 2.2407, 1.378 -1.4347 2.2727, 1.378 -1.5638 2.0185, 1.378 -1.4847 2.056, 1.378 -1.4001 2.0789, 1.9685 -1.6586 1.9774, 1.9685 -1.7148 2.166, 1.9685 -1.7605 1.96, 1.9685 -1.7701 2.1566, 1.9685 -1.8636 1.9674, 1.9685 -1.8261 2.1606, 1.9685 -1.9619 1.9991, 1.9685 -1.8576 2.169, 1.9685 -1.9842 2.0101, 1.9672 -1.8795 2.1778, 1.3847 -1.9049 2.1915, 1.9618 -1.9049 2.1915, 1.3942 -1.9272 2.2073, 1.9523 -1.9272 2.2073, 1.378 -1.7148 2.166, 1.378 -1.7701 2.1566, 1.378 -1.8261 2.1606, 1.378 -1.8576 2.169, 1.3793 -1.8795 2.1778, 1.378 -1.9842 2.0101, 1.378 -1.9619 1.9991, 1.378 -1.6586 1.9774, 1.378 -1.7605 1.96, 1.378 -1.8636 1.9674, 1.9523 -2.0499 2.0533, 1.3942 -2.0499 2.0533, 1.9618 -2.028 2.037, 1.3847 -2.028 2.037, 1.9668 -2.0067 2.023, 1.3796 -2.0068 2.0231, 1.4043 -1.943 2.2198, 1.8701 -1.9993 2.2647, 1.9108 -1.9749 2.2452, 1.9421 -1.943 2.2198, 1.4356 -1.9749 2.2452, 1.4764 -1.9993 2.2647, 1.5239 -2.0147 2.277, 1.8226 -2.0147 2.277, 1.4043 -2.0657 2.0659, 1.9421 -2.0657 2.0659, 1.9108 -2.0975 2.0913, 1.8701 -2.122 2.1108, 1.8226 -2.1374 2.123, 1.4356 -2.0975 2.0913, 1.5239 -2.1374 2.123, 1.4764 -2.122 2.1108, -1.7717 -2.1426 2.1272, -1.5748 -2.1426 2.1272, -1.7717 -2.02 2.2812, -1.5748 -2.02 2.2812, -1.378 -1.4001 2.0789, -1.378 -1.4347 2.2727, -1.378 -1.4847 2.056, -1.378 -1.5528 2.2407, -1.378 -1.5638 2.0185, -1.378 -1.6633 2.1884, -1.9685 -1.6633 2.1884, -1.9685 -1.5528 2.2407, -1.9685 -1.4347 2.2727, -1.9685 -1.5638 2.0185, -1.9685 -1.4847 2.056, -1.9685 -1.4001 2.0789, -1.378 -1.6586 1.9774, -1.378 -1.7148 2.166, -1.378 -1.7605 1.96, -1.378 -1.7701 2.1566, -1.378 -1.8636 1.9674, -1.378 -1.8261 2.1606, -1.378 -1.9619 1.9991, -1.378 -1.8576 2.169, -1.378 -1.9842 2.0101, -1.3793 -1.8795 2.1778, -1.9618 -1.9049 2.1915, -1.3847 -1.9049 2.1915, -1.9523 -1.9272 2.2073, -1.3942 -1.9272 2.2073, -1.9685 -1.7148 2.166, -1.9685 -1.7701 2.1566, -1.9685 -1.8261 2.1606, -1.9685 -1.8576 2.169, -1.9672 -1.8795 2.1778, -1.9685 -1.9842 2.0101, -1.9685 -1.9619 1.9991, -1.9685 -1.6586 1.9774, -1.9685 -1.7605 1.96, -1.9685 -1.8636 1.9674, -1.3942 -2.0499 2.0533, -1.9523 -2.0499 2.0533, -1.3847 -2.028 2.037, -1.9618 -2.028 2.037, -1.3796 -2.0067 2.023, -1.9668 -2.0068 2.0231, -1.9421 -1.943 2.2198, -1.9108 -1.9749 2.2452, -1.8701 -1.9993 2.2647, -1.4764 -1.9993 2.2647, -1.4356 -1.9749 2.2452, -1.4043 -1.943 2.2198, -1.8226 -2.0147 2.277, -1.5239 -2.0147 2.277, -1.8701 -2.122 2.1108, -1.9108 -2.0975 2.0913, -1.9421 -2.0657 2.0659, -1.4043 -2.0657 2.0659, -1.4356 -2.0975 2.0913, -1.4764 -2.122 2.1108, -1.8226 -2.1374 2.123, -1.5239 -2.1374 2.123
            ]
        }
        coordIndex [
            0,1,2,-1,3,4,5,-1,5,4,6,-1,1,7,2,-1,2,7,8,-1,2,8,9,-1,10,11,4,-1,4,11,12,-1,4,12,6,-1,13,14,15,-1,16,17,18,-1,18,17,19,-1,18,19,20,-1,21,22,23,-1,23,22,2,-1,23,2,24,-1,24,2,9,-1,21,25,22,-1,22,25,26,-1,22,26,27,-1,27,26,13,-1,27,13,28,-1,28,13,15,-1,14,29,15,-1,15,29,30,-1,15,30,18,-1,18,30,31,-1,18,31,16,-1,32,33,20,-1,20,33,34,-1,20,34,18,-1,18,34,35,-1,18,35,36,-1,37,38,39,-1,39,38,40,-1,39,40,20,-1,20,40,41,-1,20,41,32,-1,3,42,4,-1,4,42,43,-1,4,43,2,-1,2,43,44,-1,2,44,0,-1,45,46,47,-1,46,48,47,-1,47,48,49,-1,47,49,50,-1,50,49,51,-1,4,52,10,-1,10,52,53,-1,10,53,47,-1,47,53,54,-1,47,54,45,-1,55,56,22,-1,57,55,58,-1,58,55,59,-1,56,60,22,-1,22,60,61,-1,22,61,62,-1,63,64,65,-1,65,64,66,-1,67,68,57,-1,57,68,69,-1,57,69,55,-1,70,71,2,-1,72,73,74,-1,74,75,72,-1,72,75,76,-1,72,76,57,-1,57,76,77,-1,57,77,67,-1,71,78,2,-1,2,78,79,-1,2,79,80,-1,81,82,83,-1,83,82,84,-1,83,84,85,-1,62,86,22,-1,22,86,87,-1,22,87,2,-1,2,87,88,-1,2,88,70,-1,80,89,2,-1,2,89,90,-1,2,90,83,-1,83,90,91,-1,83,91,81,-1,85,92,83,-1,83,92,93,-1,83,93,94,-1,94,93,95,-1,94,95,96,-1,96,97,94,-1,94,97,98,-1,94,98,99,-1,99,100,94,-1,94,100,101,-1,94,101,102,-1,103,104,105,-1,102,106,94,-1,94,106,107,-1,94,107,105,-1,105,107,108,-1,105,108,103,-1,109,110,111,-1,112,113,114,-1,115,116,117,-1,111,110,22,-1,22,110,118,-1,22,118,119,-1,120,121,122,-1,123,111,124,-1,124,111,125,-1,111,126,127,-1,126,111,128,-1,128,111,123,-1,128,123,129,-1,122,109,120,-1,120,109,111,-1,120,111,130,-1,130,111,127,-1,119,131,121,-1,132,133,123,-1,123,133,134,-1,123,134,129,-1,114,124,112,-1,112,124,125,-1,112,125,135,-1,135,125,136,-1,137,138,131,-1,131,138,139,-1,131,139,121,-1,121,139,115,-1,121,115,122,-1,122,115,117,-1,140,141,142,-1,132,123,143,-1,143,123,140,-1,143,140,144,-1,142,145,140,-1,140,145,146,-1,140,146,144,-1,125,147,136,-1,136,147,148,-1,136,148,149,-1,119,121,22,-1,22,121,150,-1,22,150,140,-1,140,150,151,-1,140,151,141,-1,149,152,136,-1,136,152,153,-1,136,153,154,-1,154,155,136,-1,136,155,156,-1,136,156,157,-1,157,158,136,-1,136,158,159,-1,136,159,160,-1,160,161,136,-1,136,161,162,-1,136,162,64,-1,140,136,22,-1,22,136,64,-1,22,64,55,-1,55,64,63,-1,55,63,59,-1,27,163,22,-1,22,163,164,-1,22,164,165,-1,111,166,167,-1,167,166,168,-1,167,168,169,-1,170,171,172,-1,172,171,173,-1,172,173,165,-1,174,175,176,-1,176,175,177,-1,176,177,178,-1,165,173,22,-1,22,173,179,-1,22,179,111,-1,111,179,180,-1,111,180,181,-1,170,182,171,-1,171,182,183,-1,171,183,184,-1,184,185,171,-1,171,185,186,-1,171,186,187,-1,187,188,171,-1,171,188,189,-1,171,189,190,-1,191,192,193,-1,193,192,194,-1,190,195,171,-1,171,195,192,-1,171,192,196,-1,196,192,191,-1,178,197,176,-1,176,197,198,-1,176,198,168,-1,168,198,199,-1,200,201,202,-1,203,204,200,-1,200,204,205,-1,206,202,207,-1,207,202,208,-1,206,209,202,-1,202,209,210,-1,202,210,211,-1,202,166,208,-1,208,166,111,-1,208,111,212,-1,212,111,181,-1,213,174,18,-1,18,174,176,-1,18,176,15,-1,15,176,200,-1,15,200,214,-1,214,200,205,-1,211,215,202,-1,202,215,216,-1,202,216,200,-1,200,216,217,-1,200,217,203,-1,199,218,168,-1,168,218,219,-1,168,219,220,-1,220,221,168,-1,168,221,222,-1,168,222,169,-1,10,47,223,-1,223,47,224,-1,225,43,226,-1,226,43,42,-1,226,42,227,-1,227,42,3,-1,227,3,228,-1,228,3,5,-1,228,5,229,-1,229,5,6,-1,229,6,230,-1,230,6,12,-1,230,12,231,-1,231,12,11,-1,231,11,223,-1,223,11,10,-1,45,232,233,-1,47,50,224,-1,224,50,234,-1,50,235,234,-1,234,235,51,-1,234,51,236,-1,236,51,237,-1,236,237,238,-1,238,237,49,-1,238,49,48,-1,48,239,238,-1,238,239,46,-1,238,46,233,-1,233,46,240,-1,233,240,45,-1,241,242,243,-1,243,242,244,-1,243,244,245,-1,245,244,246,-1,245,246,247,-1,247,246,248,-1,249,250,251,-1,251,250,252,-1,251,252,253,-1,254,255,256,-1,257,258,259,-1,259,258,260,-1,261,262,252,-1,263,264,265,-1,266,267,268,-1,269,270,271,-1,272,249,273,-1,273,249,274,-1,272,275,249,-1,249,275,276,-1,249,276,250,-1,254,256,277,-1,278,279,250,-1,250,279,280,-1,250,280,252,-1,252,280,281,-1,252,281,261,-1,265,282,283,-1,283,282,284,-1,283,284,285,-1,285,284,286,-1,285,286,243,-1,243,286,287,-1,243,287,241,-1,286,288,287,-1,287,288,266,-1,287,266,289,-1,289,266,268,-1,260,290,259,-1,259,290,291,-1,259,291,256,-1,256,291,292,-1,256,292,277,-1,250,293,278,-1,278,293,294,-1,278,294,257,-1,257,294,295,-1,257,295,258,-1,296,297,262,-1,262,297,298,-1,262,298,252,-1,264,299,265,-1,265,299,300,-1,265,300,282,-1,301,302,303,-1,303,302,304,-1,303,304,252,-1,252,304,305,-1,252,305,253,-1,306,307,308,-1,308,307,309,-1,308,309,310,-1,310,309,256,-1,310,256,311,-1,311,256,255,-1,312,313,314,-1,314,313,315,-1,314,315,316,-1,229,271,228,-1,228,271,227,-1,301,303,265,-1,265,303,317,-1,265,317,318,-1,316,319,314,-1,314,319,320,-1,314,320,321,-1,318,322,265,-1,265,322,323,-1,265,323,263,-1,321,324,314,-1,314,324,325,-1,314,325,271,-1,271,325,326,-1,271,326,269,-1,327,225,271,-1,271,225,226,-1,271,226,227,-1,328,329,330,-1,314,331,312,-1,312,331,332,-1,312,332,333,-1,333,332,334,-1,333,334,335,-1,330,336,328,-1,328,336,337,-1,328,337,338,-1,327,271,339,-1,339,271,270,-1,339,270,337,-1,337,270,340,-1,337,340,338,-1,334,341,335,-1,335,341,342,-1,335,342,343,-1,343,342,344,-1,238,233,236,-1,236,233,234,-1,229,230,271,-1,271,230,231,-1,271,231,345,-1,345,231,223,-1,345,223,346,-1,346,223,224,-1,346,224,347,-1,347,224,234,-1,347,234,232,-1,232,234,233,-1,274,249,348,-1,348,249,349,-1,348,349,350,-1,350,349,351,-1,350,351,328,-1,328,351,352,-1,328,352,329,-1,232,45,54,-1,232,54,347,-1,347,54,53,-1,347,53,346,-1,37,353,38,-1,38,353,354,-1,355,356,357,-1,355,357,353,-1,353,357,358,-1,353,358,354,-1,359,360,355,-1,355,360,361,-1,355,361,356,-1,360,359,362,-1,362,359,363,-1,362,363,364,-1,364,363,365,-1,364,365,366,-1,366,365,367,-1,366,367,368,-1,368,367,369,-1,368,369,370,-1,370,369,371,-1,370,371,372,-1,372,371,373,-1,374,372,375,-1,373,376,372,-1,372,376,377,-1,378,375,379,-1,379,375,380,-1,378,381,375,-1,375,381,382,-1,375,382,374,-1,377,383,372,-1,372,383,384,-1,372,384,385,-1,385,386,372,-1,372,386,387,-1,372,387,375,-1,388,389,387,-1,387,389,375,-1,390,391,392,-1,392,391,393,-1,392,393,394,-1,394,393,395,-1,394,395,396,-1,396,395,247,-1,396,247,248,-1,397,398,399,-1,397,399,400,-1,400,399,401,-1,400,401,402,-1,402,401,403,-1,402,403,404,-1,404,403,405,-1,404,405,406,-1,406,405,407,-1,407,405,408,-1,407,408,409,-1,409,408,410,-1,410,408,391,-1,410,391,390,-1,397,389,398,-1,398,389,388,-1,398,388,411,-1,397,412,389,-1,389,412,413,-1,389,413,414,-1,414,415,389,-1,389,415,416,-1,389,416,417,-1,418,419,420,-1,388,421,411,-1,411,421,418,-1,411,418,422,-1,422,418,420,-1,423,424,425,-1,425,424,426,-1,427,428,429,-1,429,428,430,-1,431,432,433,-1,433,432,434,-1,435,436,437,-1,437,436,438,-1,439,440,441,-1,441,440,442,-1,443,444,445,-1,445,444,446,-1,447,448,449,-1,449,450,447,-1,447,450,451,-1,447,451,452,-1,452,451,453,-1,452,453,454,-1,454,453,455,-1,454,455,456,-1,456,455,457,-1,456,457,458,-1,459,460,461,-1,461,460,449,-1,461,449,462,-1,462,449,448,-1,463,464,465,-1,466,467,468,-1,469,458,464,-1,464,458,457,-1,464,457,465,-1,463,465,468,-1,468,465,470,-1,468,470,466,-1,471,472,469,-1,469,472,473,-1,469,473,458,-1,471,474,472,-1,472,474,475,-1,472,475,476,-1,477,478,479,-1,479,478,480,-1,479,480,481,-1,481,480,482,-1,481,482,483,-1,483,482,484,-1,483,484,485,-1,485,484,486,-1,485,486,487,-1,487,486,488,-1,487,488,489,-1,489,488,490,-1,489,490,491,-1,491,490,492,-1,491,492,493,-1,493,492,494,-1,493,494,495,-1,495,494,496,-1,495,496,497,-1,497,496,498,-1,497,498,499,-1,499,498,500,-1,499,500,501,-1,501,500,502,-1,501,502,66,-1,66,502,306,-1,66,306,65,-1,65,306,308,-1,503,504,505,-1,505,504,506,-1,507,508,509,-1,509,508,510,-1,511,512,513,-1,511,513,514,-1,514,513,515,-1,514,515,516,-1,516,515,517,-1,516,517,518,-1,518,517,519,-1,518,519,520,-1,520,519,521,-1,520,521,522,-1,523,479,481,-1,523,481,524,-1,524,481,483,-1,524,483,525,-1,525,483,485,-1,525,485,526,-1,526,485,487,-1,526,487,527,-1,527,487,489,-1,527,489,528,-1,528,489,529,-1,529,489,491,-1,529,491,530,-1,530,491,493,-1,530,493,531,-1,531,493,495,-1,531,495,532,-1,532,495,497,-1,64,162,533,-1,532,497,499,-1,532,499,534,-1,534,499,501,-1,534,501,533,-1,533,501,66,-1,533,66,64,-1,52,4,535,-1,52,535,536,-1,536,535,537,-1,536,537,538,-1,538,537,539,-1,538,539,540,-1,540,539,541,-1,541,539,542,-1,541,542,543,-1,543,542,544,-1,543,544,545,-1,545,544,546,-1,545,546,511,-1,511,546,512,-1,547,548,549,-1,549,548,550,-1,549,550,551,-1,551,550,552,-1,551,552,553,-1,553,552,554,-1,553,554,555,-1,555,554,556,-1,555,556,557,-1,557,556,558,-1,559,490,560,-1,560,490,488,-1,560,488,561,-1,561,488,486,-1,561,486,562,-1,562,486,484,-1,562,484,563,-1,563,484,482,-1,563,482,564,-1,564,482,480,-1,492,490,565,-1,565,490,559,-1,566,496,494,-1,566,494,567,-1,567,494,492,-1,567,492,565,-1,498,496,568,-1,568,496,566,-1,307,306,569,-1,569,306,502,-1,569,502,570,-1,570,502,500,-1,570,500,568,-1,568,500,498,-1,571,572,573,-1,573,572,574,-1,573,574,575,-1,575,574,576,-1,575,576,345,-1,345,576,271,-1,577,572,578,-1,578,572,571,-1,579,580,581,-1,579,581,582,-1,582,581,577,-1,582,577,578,-1,558,580,557,-1,557,580,579,-1,535,4,271,-1,271,4,2,-1,271,2,314,-1,314,2,83,-1,314,83,583,-1,583,83,584,-1,583,584,585,-1,585,584,586,-1,585,586,587,-1,587,586,588,-1,587,588,589,-1,589,588,590,-1,589,590,591,-1,591,590,592,-1,591,592,593,-1,593,592,594,-1,593,594,595,-1,595,594,596,-1,595,596,597,-1,597,596,598,-1,597,598,599,-1,599,598,600,-1,599,600,601,-1,601,600,602,-1,601,602,603,-1,603,602,604,-1,603,604,605,-1,605,604,606,-1,605,606,607,-1,607,606,608,-1,607,608,609,-1,609,608,610,-1,609,610,611,-1,611,610,612,-1,611,612,613,-1,613,612,614,-1,613,614,615,-1,615,614,616,-1,615,616,617,-1,617,616,618,-1,617,618,619,-1,619,618,620,-1,619,620,621,-1,621,620,622,-1,621,622,623,-1,623,622,624,-1,623,624,625,-1,625,624,626,-1,625,626,627,-1,627,626,628,-1,627,628,629,-1,629,628,630,-1,629,630,631,-1,631,630,632,-1,631,632,633,-1,633,632,634,-1,633,634,635,-1,635,634,636,-1,635,636,637,-1,637,636,638,-1,637,638,548,-1,548,638,521,-1,548,521,550,-1,550,521,519,-1,550,519,552,-1,552,519,517,-1,552,517,554,-1,554,517,515,-1,554,515,556,-1,556,515,513,-1,556,513,558,-1,558,513,512,-1,558,512,580,-1,580,512,546,-1,580,546,581,-1,581,546,544,-1,581,544,577,-1,577,544,542,-1,577,542,572,-1,572,542,539,-1,572,539,574,-1,574,539,537,-1,574,537,576,-1,576,537,535,-1,576,535,271,-1,639,640,641,-1,639,641,642,-1,642,641,643,-1,642,643,644,-1,644,643,645,-1,644,645,646,-1,646,645,647,-1,646,647,648,-1,648,647,649,-1,648,649,650,-1,651,522,521,-1,652,653,654,-1,654,653,655,-1,656,638,657,-1,657,638,658,-1,652,659,653,-1,653,659,660,-1,653,660,661,-1,661,660,662,-1,658,638,663,-1,663,638,664,-1,663,664,665,-1,656,666,638,-1,638,666,667,-1,638,667,521,-1,521,667,668,-1,521,668,651,-1,669,670,428,-1,671,650,649,-1,672,673,674,-1,674,673,675,-1,674,675,676,-1,675,677,676,-1,676,677,425,-1,676,425,660,-1,660,425,426,-1,660,426,678,-1,679,680,670,-1,670,680,671,-1,670,671,681,-1,681,671,649,-1,682,683,664,-1,664,683,684,-1,664,684,665,-1,678,685,660,-1,660,685,686,-1,660,686,662,-1,687,688,689,-1,690,691,653,-1,692,693,428,-1,428,693,694,-1,669,695,670,-1,670,695,696,-1,670,696,679,-1,697,698,664,-1,664,698,699,-1,664,699,700,-1,701,702,670,-1,670,702,703,-1,670,703,428,-1,428,703,704,-1,428,704,705,-1,705,704,706,-1,707,708,687,-1,687,708,709,-1,687,709,688,-1,694,710,428,-1,428,710,711,-1,428,711,669,-1,664,712,697,-1,697,712,713,-1,697,713,670,-1,670,713,714,-1,670,714,701,-1,706,704,715,-1,715,704,716,-1,715,716,717,-1,718,433,719,-1,719,433,434,-1,690,653,720,-1,687,692,707,-1,707,692,428,-1,707,428,721,-1,721,428,427,-1,721,427,722,-1,722,427,723,-1,724,725,682,-1,682,725,726,-1,682,726,727,-1,728,655,729,-1,729,655,653,-1,729,653,730,-1,730,653,691,-1,728,731,655,-1,655,731,732,-1,655,732,718,-1,718,732,733,-1,718,733,734,-1,723,735,722,-1,722,735,736,-1,722,736,737,-1,737,736,738,-1,700,739,664,-1,664,739,740,-1,664,740,682,-1,682,740,741,-1,682,741,724,-1,742,743,744,-1,744,743,745,-1,689,746,687,-1,687,746,747,-1,687,747,434,-1,434,747,748,-1,434,748,719,-1,653,749,720,-1,720,749,437,-1,720,437,438,-1,749,750,437,-1,437,750,751,-1,437,751,752,-1,752,751,753,-1,752,753,754,-1,755,756,757,-1,757,756,758,-1,757,758,438,-1,438,758,759,-1,438,759,720,-1,734,760,718,-1,718,760,761,-1,718,761,762,-1,762,763,718,-1,718,763,764,-1,718,764,433,-1,742,765,743,-1,743,765,766,-1,743,766,767,-1,768,445,769,-1,769,445,446,-1,769,446,743,-1,770,771,446,-1,446,771,772,-1,446,772,743,-1,743,772,773,-1,743,773,745,-1,767,774,743,-1,743,774,441,-1,743,441,727,-1,727,441,442,-1,727,442,682,-1,768,775,776,-1,770,777,771,-1,771,777,778,-1,771,778,779,-1,776,780,768,-1,768,780,781,-1,768,781,445,-1,782,664,638,-1,782,638,783,-1,638,636,783,-1,783,636,634,-1,783,634,784,-1,784,634,632,-1,784,632,785,-1,785,632,630,-1,785,630,786,-1,786,630,628,-1,786,628,787,-1,787,628,626,-1,787,626,788,-1,788,626,624,-1,788,624,789,-1,790,791,792,-1,792,791,793,-1,790,794,791,-1,791,794,795,-1,791,795,796,-1,797,798,799,-1,800,801,802,-1,802,801,803,-1,802,803,804,-1,798,805,799,-1,799,805,806,-1,799,806,807,-1,799,808,809,-1,810,811,812,-1,812,811,813,-1,812,813,814,-1,815,816,817,-1,793,818,792,-1,792,818,819,-1,792,819,820,-1,821,822,823,-1,824,825,826,-1,827,828,829,-1,829,828,830,-1,827,829,799,-1,799,829,831,-1,799,831,797,-1,812,832,810,-1,810,832,833,-1,810,833,834,-1,834,833,835,-1,834,835,836,-1,836,835,799,-1,836,799,837,-1,837,799,809,-1,800,838,801,-1,801,838,839,-1,801,839,814,-1,814,839,840,-1,814,840,812,-1,841,842,803,-1,803,842,843,-1,803,843,804,-1,840,844,812,-1,812,844,845,-1,812,845,622,-1,622,845,846,-1,847,848,849,-1,850,851,829,-1,852,853,807,-1,807,853,854,-1,816,855,817,-1,817,855,842,-1,817,842,856,-1,856,842,841,-1,822,857,823,-1,823,857,858,-1,823,858,859,-1,859,858,824,-1,859,824,860,-1,860,824,826,-1,860,826,861,-1,861,826,862,-1,861,862,863,-1,796,864,791,-1,791,864,865,-1,791,865,866,-1,866,865,867,-1,866,867,807,-1,807,867,868,-1,807,868,852,-1,869,870,841,-1,871,872,841,-1,841,872,873,-1,841,873,856,-1,874,792,875,-1,875,792,820,-1,875,820,876,-1,876,820,877,-1,876,877,823,-1,823,877,878,-1,823,878,821,-1,849,879,847,-1,847,879,880,-1,847,880,881,-1,881,880,882,-1,824,883,825,-1,825,883,884,-1,825,884,882,-1,882,884,885,-1,882,885,881,-1,846,886,622,-1,622,886,887,-1,622,887,888,-1,889,890,624,-1,624,890,891,-1,892,893,848,-1,848,893,894,-1,848,894,849,-1,850,829,895,-1,895,829,830,-1,895,830,896,-1,874,875,841,-1,841,875,897,-1,841,897,869,-1,898,899,900,-1,901,902,903,-1,903,902,904,-1,903,904,905,-1,851,850,906,-1,906,850,907,-1,906,907,848,-1,848,907,908,-1,848,908,892,-1,854,909,807,-1,807,909,910,-1,807,910,799,-1,799,910,911,-1,799,911,808,-1,912,913,914,-1,914,913,915,-1,817,916,815,-1,815,916,898,-1,815,898,917,-1,917,898,900,-1,918,919,920,-1,921,922,624,-1,624,922,923,-1,624,923,889,-1,870,924,841,-1,841,924,914,-1,841,914,925,-1,925,914,915,-1,925,926,841,-1,841,926,927,-1,841,927,928,-1,901,903,919,-1,919,903,929,-1,919,929,920,-1,930,931,932,-1,891,933,624,-1,624,933,934,-1,624,934,789,-1,789,934,863,-1,789,863,935,-1,935,863,862,-1,936,937,938,-1,938,937,939,-1,938,939,896,-1,896,939,940,-1,896,940,895,-1,888,941,622,-1,622,941,942,-1,622,942,943,-1,921,624,944,-1,944,624,622,-1,944,622,904,-1,928,945,841,-1,841,945,946,-1,841,946,947,-1,943,948,622,-1,622,948,949,-1,622,949,904,-1,904,949,950,-1,904,950,905,-1,918,920,930,-1,930,920,951,-1,930,951,931,-1,952,953,954,-1,954,953,955,-1,954,955,956,-1,956,955,957,-1,956,957,914,-1,914,957,958,-1,914,958,912,-1,932,959,930,-1,930,959,960,-1,930,960,947,-1,947,960,961,-1,947,961,841,-1,841,961,962,-1,841,962,871,-1,812,622,620,-1,812,620,963,-1,963,620,618,-1,963,618,964,-1,964,618,616,-1,964,616,965,-1,965,616,614,-1,965,614,966,-1,966,614,612,-1,966,612,967,-1,967,612,610,-1,967,610,968,-1,968,610,969,-1,969,610,608,-1,969,608,970,-1,971,972,973,-1,974,975,503,-1,973,972,976,-1,977,978,979,-1,980,981,982,-1,982,981,983,-1,984,985,606,-1,606,985,986,-1,606,986,608,-1,608,986,987,-1,608,987,988,-1,989,990,991,-1,991,990,992,-1,993,975,981,-1,981,975,994,-1,981,994,983,-1,988,995,608,-1,608,995,996,-1,608,996,997,-1,992,990,973,-1,973,990,998,-1,973,998,971,-1,999,1000,1001,-1,1002,1003,970,-1,970,1003,1004,-1,503,1005,974,-1,974,1005,1006,-1,974,1006,1007,-1,1007,1006,1008,-1,1007,1008,1009,-1,1010,1011,1012,-1,978,1013,979,-1,979,1013,1014,-1,979,1014,1015,-1,1016,1017,1018,-1,1018,1017,1019,-1,1018,1019,979,-1,979,1019,1020,-1,979,1020,1021,-1,1022,1023,970,-1,970,1023,1024,-1,970,1024,1001,-1,993,1025,975,-1,975,1025,1026,-1,975,1026,1027,-1,1027,1028,975,-1,975,1028,504,-1,975,504,503,-1,1029,1030,980,-1,980,1030,1031,-1,980,1031,981,-1,981,1031,1032,-1,981,1032,1033,-1,1015,1034,979,-1,979,1034,1035,-1,979,1035,1036,-1,1036,1035,1037,-1,1021,1038,979,-1,979,1038,1039,-1,979,1039,977,-1,997,976,608,-1,608,976,972,-1,608,972,970,-1,970,972,1040,-1,970,1040,1022,-1,1016,1018,1041,-1,1041,1018,1042,-1,1041,1042,1043,-1,1043,1042,1044,-1,1043,1044,1004,-1,1004,1044,1045,-1,1004,1045,970,-1,1011,1046,1012,-1,1012,1046,1047,-1,1012,1047,1048,-1,1029,980,1049,-1,1049,980,1050,-1,1049,1050,978,-1,978,1050,1051,-1,978,1051,1052,-1,477,479,523,-1,1000,1053,1001,-1,1001,1053,1054,-1,1001,1054,970,-1,970,1054,1055,-1,970,1055,1002,-1,1052,1056,978,-1,978,1056,1057,-1,978,1057,1013,-1,1033,1058,981,-1,981,1058,1059,-1,981,1059,1060,-1,1001,1061,999,-1,999,1061,477,-1,999,477,1062,-1,1062,477,523,-1,1063,1064,1012,-1,1012,1064,1065,-1,1012,1065,1010,-1,1066,1067,1068,-1,1068,1067,1069,-1,509,1070,1071,-1,1071,1070,1072,-1,991,1073,989,-1,989,1073,1074,-1,989,1074,1012,-1,1012,1074,1075,-1,1012,1075,1063,-1,1076,1077,1078,-1,1078,1077,1012,-1,1078,1012,1067,-1,1067,1012,1048,-1,1067,1048,1069,-1,1059,1079,1060,-1,1060,1079,1080,-1,1060,1080,1081,-1,1072,1070,1082,-1,1082,1070,1083,-1,1082,1083,1084,-1,1085,1086,510,-1,510,1086,1036,-1,510,1036,509,-1,509,1036,1037,-1,509,1037,1070,-1,1079,1087,1080,-1,1080,1087,1088,-1,1080,1088,1089,-1,1089,1088,1090,-1,1089,1090,1091,-1,1085,1092,1086,-1,1086,1092,1093,-1,1086,1093,1094,-1,1094,1093,1095,-1,1096,1097,1068,-1,1068,1097,1098,-1,1068,1098,1066,-1,1076,1099,1100,-1,1101,1102,1103,-1,1103,1102,1104,-1,1103,1104,1081,-1,1081,1104,1105,-1,1081,1105,1060,-1,1100,1106,1076,-1,1076,1106,1107,-1,1076,1107,1077,-1,984,606,604,-1,984,604,1108,-1,1108,604,602,-1,1108,602,1109,-1,1109,602,600,-1,1109,600,1110,-1,1110,600,598,-1,1110,598,1111,-1,1111,598,596,-1,1111,596,1112,-1,1112,596,1113,-1,1113,596,594,-1,1113,594,1114,-1,1114,594,592,-1,1114,592,1115,-1,1115,592,590,-1,1115,590,1116,-1,1116,590,588,-1,1116,588,586,-1,1116,586,1117,-1,1117,586,584,-1,1117,584,1118,-1,1118,584,83,-1,1118,83,94,-1,18,36,1119,-1,1120,213,18,-1,18,1119,1120,-1,1120,1119,1121,-1,1120,1121,1122,-1,1122,1121,1123,-1,1122,1123,1124,-1,1124,1123,1125,-1,1125,1123,1126,-1,1125,1126,1127,-1,1127,1126,1128,-1,1127,1128,1129,-1,1129,1128,1130,-1,1129,1130,639,-1,639,1130,640,-1,1131,1132,1133,-1,1133,1132,1134,-1,1133,1134,1135,-1,1135,1134,1136,-1,1135,1136,1137,-1,1137,1136,1138,-1,1137,1138,1139,-1,1139,1138,1140,-1,1139,1140,1141,-1,1141,1140,1142,-1,1143,1144,637,-1,1145,1146,1147,-1,1147,1146,1148,-1,1149,1150,423,-1,547,1151,548,-1,548,1151,1152,-1,548,1152,637,-1,637,1152,1153,-1,637,1153,1143,-1,1144,1154,637,-1,637,1154,1155,-1,637,1155,1156,-1,1156,1155,1157,-1,1156,1157,1158,-1,1159,1160,1156,-1,1156,1160,1161,-1,1162,1163,1164,-1,1165,1150,1146,-1,1146,1150,1166,-1,1146,1166,1148,-1,1158,1167,1156,-1,1156,1167,1168,-1,1156,1168,1169,-1,1163,1170,1164,-1,1164,1170,1171,-1,1164,1171,1172,-1,1172,1171,1173,-1,1172,1173,1161,-1,1161,1173,1174,-1,1161,1174,1156,-1,1175,1176,1164,-1,1164,1176,1177,-1,1164,1177,1178,-1,1178,1179,430,-1,430,1179,1180,-1,430,1180,1181,-1,1181,1182,430,-1,430,1182,1183,-1,430,1183,1184,-1,1132,1131,1185,-1,1185,1131,1186,-1,1185,1186,1164,-1,1164,1186,1187,-1,1164,1187,1175,-1,1165,1188,1150,-1,1150,1188,1189,-1,1150,1189,1190,-1,423,1191,1149,-1,1149,1191,1192,-1,1149,1192,1193,-1,1193,1192,1194,-1,1193,1194,1195,-1,1178,430,1164,-1,1164,430,1196,-1,1164,1196,1162,-1,432,431,1197,-1,1198,1199,1184,-1,1184,1199,1200,-1,1184,1200,1201,-1,1190,1202,1150,-1,1150,1202,424,-1,1150,424,423,-1,1203,1204,1205,-1,1206,1169,1207,-1,1207,1169,1208,-1,1201,1209,1184,-1,1184,1209,1210,-1,1184,1210,430,-1,430,1210,1211,-1,430,1211,429,-1,429,1211,1212,-1,429,1212,1213,-1,1213,1212,1214,-1,1215,1216,1146,-1,1146,1216,1217,-1,1146,1217,1218,-1,430,1219,1196,-1,1196,1219,1220,-1,1196,1220,1221,-1,1221,1220,1222,-1,1221,1222,1223,-1,1214,1212,1224,-1,1224,1212,1225,-1,1224,1225,1226,-1,1227,1145,1228,-1,1228,1145,1197,-1,1228,1197,1229,-1,1227,1230,1145,-1,1145,1230,1231,-1,1145,1231,1146,-1,1146,1231,1232,-1,1146,1232,1215,-1,1204,1233,1205,-1,1205,1233,1234,-1,1205,1234,1235,-1,1206,1236,1169,-1,1169,1236,1237,-1,1169,1237,1156,-1,1156,1237,1238,-1,1156,1238,1159,-1,1217,1239,1218,-1,1218,1239,436,-1,1218,436,435,-1,1197,1240,432,-1,432,1240,1241,-1,432,1241,1184,-1,1184,1241,1242,-1,1184,1242,1198,-1,431,1243,1197,-1,1197,1243,1244,-1,1197,1244,1245,-1,1245,1246,1197,-1,1197,1246,1247,-1,1197,1247,1229,-1,1239,1248,436,-1,436,1248,1249,-1,436,1249,1250,-1,1250,1249,1251,-1,1250,1251,1252,-1,1253,1254,1205,-1,1205,1254,1255,-1,1205,1255,1203,-1,1256,444,1257,-1,1257,444,1258,-1,1259,1260,1261,-1,1261,1260,1262,-1,1261,1262,435,-1,435,1262,1263,-1,435,1263,1218,-1,1208,1169,1264,-1,1264,1169,440,-1,1264,440,1205,-1,1205,440,439,-1,1205,439,1253,-1,1265,1266,443,-1,443,1266,1205,-1,443,1205,444,-1,444,1205,1235,-1,444,1235,1258,-1,1267,1268,1257,-1,1257,1268,1269,-1,1257,1269,1256,-1,1265,1270,1271,-1,1271,1272,1265,-1,1265,1272,1273,-1,1265,1273,1266,-1,1274,623,1275,-1,1275,623,625,-1,1275,625,1276,-1,1276,625,627,-1,1276,627,1277,-1,1277,627,629,-1,1277,629,1278,-1,1278,629,631,-1,1278,631,1279,-1,1279,631,633,-1,1279,633,1280,-1,1280,633,635,-1,1280,635,1281,-1,1281,635,637,-1,1281,637,1156,-1,1282,1283,1284,-1,1284,1283,1285,-1,1284,1285,1286,-1,1287,1288,1274,-1,1274,1288,1289,-1,1274,1289,1290,-1,1291,1292,1293,-1,1294,1295,1296,-1,1297,1298,1299,-1,1299,1298,1300,-1,1299,1300,1285,-1,1285,1300,1301,-1,1296,1302,1294,-1,1294,1302,1303,-1,1294,1303,1304,-1,1304,1303,1305,-1,1304,1305,1306,-1,1307,1308,1309,-1,1297,1310,1311,-1,1307,1309,1312,-1,1313,1314,1299,-1,1274,1315,1287,-1,1287,1315,1316,-1,1287,1316,1317,-1,1317,1316,1318,-1,1317,1318,1319,-1,1319,1318,1297,-1,1319,1297,1320,-1,1320,1297,1311,-1,1321,623,1322,-1,1322,623,1323,-1,1324,1325,1326,-1,1326,1325,1327,-1,1326,1327,1328,-1,1329,1330,621,-1,621,1330,1331,-1,1305,1332,1333,-1,1301,1334,1285,-1,1285,1334,1335,-1,1285,1335,1336,-1,1337,1338,1339,-1,1339,1338,1340,-1,1339,1340,1341,-1,1337,1342,1338,-1,1338,1342,1343,-1,1338,1343,1290,-1,1290,1343,1344,-1,1290,1344,1274,-1,1345,1346,1347,-1,1347,1346,1348,-1,1347,1348,1349,-1,1314,1350,1299,-1,1299,1350,1351,-1,1299,1351,1352,-1,1353,1354,1347,-1,1347,1354,1355,-1,1347,1355,1356,-1,1291,1293,1357,-1,1357,1293,1358,-1,1357,1358,1359,-1,1360,1361,1362,-1,1362,1361,1363,-1,1362,1363,1364,-1,1344,1365,1274,-1,1274,1365,1366,-1,1274,1366,623,-1,623,1366,1367,-1,623,1367,1323,-1,1306,1305,1368,-1,1368,1305,1333,-1,1368,1333,1369,-1,1369,1333,1370,-1,1369,1370,1371,-1,1308,1372,1309,-1,1309,1372,1373,-1,1309,1373,1374,-1,1374,1373,1375,-1,1336,1376,1285,-1,1285,1376,1377,-1,1285,1377,1286,-1,1378,1379,1356,-1,1356,1379,1380,-1,1356,1380,1347,-1,1347,1380,1381,-1,1347,1381,1345,-1,1359,1358,1347,-1,1347,1358,1382,-1,1347,1382,1383,-1,1384,1385,1370,-1,1370,1385,1386,-1,1370,1386,1371,-1,1387,1388,1389,-1,1389,1388,1390,-1,1389,1390,1292,-1,1390,1391,1292,-1,1292,1391,1392,-1,1292,1392,1393,-1,1321,1394,623,-1,623,1394,1395,-1,623,1395,1396,-1,1397,1398,621,-1,1331,1399,621,-1,621,1399,1400,-1,621,1400,1305,-1,1305,1400,1401,-1,1305,1401,1332,-1,1312,1309,1294,-1,1294,1309,1402,-1,1294,1402,1295,-1,1341,1340,1356,-1,1356,1340,1403,-1,1356,1403,1378,-1,1383,1404,1347,-1,1347,1404,1405,-1,1347,1405,1353,-1,1353,1405,1406,-1,1353,1406,1407,-1,1408,1409,1410,-1,1410,1409,1411,-1,1410,1411,1412,-1,1412,1411,1362,-1,1412,1362,1413,-1,1413,1362,1364,-1,1324,1414,1325,-1,1325,1414,1415,-1,1325,1415,1416,-1,1416,1415,1417,-1,1416,1417,1418,-1,1419,1420,1293,-1,1293,1420,1421,-1,1293,1421,1358,-1,1398,1422,621,-1,621,1422,1423,-1,621,1423,1329,-1,1424,1375,1425,-1,1425,1375,1426,-1,1425,1426,1284,-1,1284,1426,1427,-1,1284,1427,1282,-1,1313,1299,1349,-1,1349,1299,1428,-1,1349,1428,1347,-1,1352,1429,1299,-1,1299,1429,1430,-1,1299,1430,1297,-1,1297,1430,1431,-1,1297,1431,1310,-1,1384,1432,1385,-1,1385,1432,1433,-1,1385,1433,1360,-1,1393,1434,1292,-1,1292,1434,1435,-1,1292,1435,1293,-1,1396,1436,623,-1,623,1436,1437,-1,623,1437,621,-1,621,1437,1326,-1,621,1326,1397,-1,1397,1326,1328,-1,1424,1438,1375,-1,1375,1438,1439,-1,1375,1439,1440,-1,1440,1441,1375,-1,1375,1441,1442,-1,1375,1442,1374,-1,1362,1443,1360,-1,1360,1443,1444,-1,1360,1444,1385,-1,1385,1444,1445,-1,1385,1445,1387,-1,1387,1445,1446,-1,1387,1446,1388,-1,1418,1417,1293,-1,1293,1417,1447,-1,1293,1447,1419,-1,1448,1449,1450,-1,1407,1451,1353,-1,1353,1451,1452,-1,1353,1452,1453,-1,1453,1452,1448,-1,1453,1448,1454,-1,1454,1448,1450,-1,621,1305,619,-1,619,1305,1455,-1,619,1455,617,-1,617,1455,1456,-1,617,1456,615,-1,615,1456,1457,-1,615,1457,613,-1,613,1457,1458,-1,613,1458,611,-1,611,1458,1459,-1,611,1459,609,-1,609,1459,1460,-1,609,1460,607,-1,607,1460,1461,-1,607,1461,1462,-1,1463,1464,1465,-1,1465,1464,1466,-1,1463,1467,1464,-1,1464,1467,1468,-1,1464,1468,1469,-1,605,607,1470,-1,1470,1471,605,-1,605,1471,1472,-1,605,1472,1473,-1,1474,1475,1476,-1,1477,1478,1479,-1,1479,1478,1480,-1,1481,1482,1483,-1,1484,1485,1480,-1,1480,1485,1486,-1,1480,1487,1488,-1,1489,1490,1491,-1,1491,1490,1492,-1,1491,1492,1493,-1,1483,1482,1475,-1,1475,1482,1494,-1,1475,1494,1476,-1,1476,1495,607,-1,607,1495,1496,-1,607,1496,1497,-1,1487,1480,1498,-1,1498,1480,1499,-1,1498,1499,1500,-1,1501,1502,1464,-1,1503,1504,1505,-1,1505,1504,1506,-1,1505,1506,1507,-1,1508,1509,1468,-1,1510,564,480,-1,1477,1511,1478,-1,1478,1511,1512,-1,1478,1512,1513,-1,1489,1491,1514,-1,1514,1491,1515,-1,1514,1515,1462,-1,1462,1515,1516,-1,1462,1516,1517,-1,1497,1518,607,-1,607,1518,1519,-1,607,1519,1470,-1,1486,1520,1480,-1,1480,1520,1521,-1,1480,1521,1479,-1,1506,1522,1507,-1,1507,1522,505,-1,1507,505,1468,-1,1468,505,506,-1,1468,506,1508,-1,1509,1523,1468,-1,1468,1523,1524,-1,1468,1524,1469,-1,1493,1525,1491,-1,1491,1525,1510,-1,1491,1510,478,-1,478,1510,480,-1,1526,1527,1462,-1,1462,1527,1528,-1,1462,1528,1514,-1,1501,1464,1529,-1,1502,1530,1464,-1,1464,1530,1531,-1,1464,1531,1466,-1,1466,1531,1532,-1,1532,1533,1466,-1,1466,1533,1534,-1,1466,1534,1535,-1,1535,1534,1536,-1,1535,1536,1484,-1,1462,1537,1526,-1,1526,1537,1538,-1,1526,1538,1513,-1,1513,1538,1539,-1,1513,1539,1478,-1,1540,1541,1484,-1,1484,1541,1542,-1,1484,1542,1535,-1,1517,1543,1462,-1,1462,1543,1544,-1,1462,1544,607,-1,607,1544,1545,-1,607,1545,1476,-1,1476,1545,1546,-1,1476,1546,1474,-1,1547,1548,1549,-1,1549,1548,1550,-1,1488,1551,1480,-1,1480,1551,1552,-1,1480,1552,1484,-1,1484,1552,1553,-1,1484,1553,1540,-1,508,1554,1555,-1,1555,1554,1556,-1,1464,1557,1529,-1,1529,1557,1558,-1,1529,1558,1559,-1,1556,1554,1560,-1,1560,1554,1561,-1,1560,1561,1562,-1,1563,1564,507,-1,507,1564,1500,-1,507,1500,508,-1,508,1500,1499,-1,508,1499,1554,-1,1557,1565,1558,-1,1558,1565,1566,-1,1558,1566,1567,-1,1567,1566,1568,-1,1567,1568,1569,-1,1547,1570,1548,-1,1548,1570,1571,-1,1548,1571,1572,-1,1563,1573,1564,-1,1564,1573,1574,-1,1564,1574,1575,-1,1575,1574,1576,-1,1577,1578,1579,-1,1579,1578,1580,-1,1579,1580,1559,-1,1559,1580,1581,-1,1559,1581,1529,-1,1582,1583,1584,-1,1584,1583,1585,-1,1584,1585,1548,-1,1586,1587,1585,-1,1585,1587,1588,-1,1585,1588,1548,-1,1548,1588,1589,-1,1548,1589,1550,-1,1572,1590,1548,-1,1548,1590,1591,-1,1548,1591,1483,-1,1483,1591,1592,-1,1483,1592,1481,-1,1582,1593,1594,-1,1586,1595,1587,-1,1587,1595,1596,-1,1587,1596,1597,-1,1594,1598,1582,-1,1582,1598,1599,-1,1582,1599,1583,-1,1600,595,1601,-1,1601,595,597,-1,1601,597,1602,-1,1602,597,599,-1,1602,599,1603,-1,1603,599,601,-1,1603,601,1604,-1,1604,601,603,-1,1604,603,1473,-1,1473,603,605,-1,593,595,1605,-1,1605,595,1600,-1,1606,589,591,-1,1606,591,1607,-1,1607,591,593,-1,1607,593,1605,-1,587,589,1608,-1,1608,589,1606,-1,331,314,1609,-1,1609,314,583,-1,1609,583,1610,-1,1610,583,585,-1,1610,585,1608,-1,1608,585,587,-1,1611,1612,1613,-1,1613,1612,1614,-1,1613,1614,1615,-1,1615,1614,1616,-1,1615,1616,267,-1,267,1616,268,-1,1617,1612,1618,-1,1618,1612,1611,-1,1619,1620,1621,-1,1619,1621,1622,-1,1622,1621,1617,-1,1622,1617,1618,-1,1142,1620,1141,-1,1141,1620,1619,-1,1281,782,1280,-1,1280,782,783,-1,1280,783,1279,-1,1279,783,784,-1,1279,784,1278,-1,1278,784,785,-1,1278,785,1277,-1,1277,785,786,-1,1277,786,1276,-1,1276,786,787,-1,1276,787,1275,-1,1275,787,788,-1,1275,788,1274,-1,1274,788,789,-1,1274,789,1315,-1,1315,789,935,-1,1303,832,1305,-1,1305,832,812,-1,1305,812,1455,-1,1455,812,963,-1,1455,963,1456,-1,1456,963,964,-1,1456,964,1457,-1,1457,964,965,-1,1457,965,1458,-1,1458,965,966,-1,1458,966,1459,-1,1459,966,967,-1,1459,967,1460,-1,1460,967,968,-1,1460,968,1461,-1,1461,968,969,-1,704,703,1196,-1,1196,703,1162,-1,1374,830,1309,-1,1309,830,828,-1,1309,828,1402,-1,1402,828,827,-1,1402,827,1295,-1,1295,827,799,-1,1295,799,1296,-1,1296,799,835,-1,1296,835,1302,-1,1302,835,833,-1,1302,833,1303,-1,1303,833,832,-1,896,830,1442,-1,1442,830,1374,-1,1425,895,940,-1,1425,940,1424,-1,1424,940,939,-1,1424,939,1438,-1,1438,939,937,-1,1438,937,1439,-1,1439,937,936,-1,1439,936,1440,-1,1440,936,938,-1,1440,938,1441,-1,1441,938,896,-1,1441,896,1442,-1,850,895,1284,-1,1284,895,1425,-1,1334,849,894,-1,1334,894,1335,-1,1335,894,893,-1,1335,893,1336,-1,1336,893,892,-1,1336,892,1376,-1,1376,892,908,-1,1376,908,1377,-1,1377,908,907,-1,1377,907,1286,-1,1286,907,850,-1,1286,850,1284,-1,879,849,1301,-1,1301,849,1334,-1,1315,935,1316,-1,1316,935,862,-1,1316,862,1318,-1,1318,862,826,-1,1318,826,1297,-1,1297,826,825,-1,1297,825,1298,-1,1298,825,882,-1,1298,882,1300,-1,1300,882,880,-1,1300,880,1301,-1,1301,880,879,-1,1554,1499,1086,-1,1086,1499,1036,-1,1304,810,1294,-1,1294,810,834,-1,1294,834,1312,-1,1312,834,836,-1,1312,836,1307,-1,1307,836,837,-1,1307,837,1308,-1,1308,837,809,-1,1308,809,1372,-1,1372,809,808,-1,1372,808,1373,-1,1373,808,911,-1,811,810,1306,-1,1306,810,1304,-1,1387,874,1385,-1,1385,874,841,-1,1385,841,1386,-1,1386,841,803,-1,1386,803,1371,-1,1371,803,801,-1,1371,801,1369,-1,1369,801,814,-1,1369,814,1368,-1,1368,814,813,-1,1368,813,1306,-1,1306,813,811,-1,792,874,1389,-1,1389,874,1387,-1,1428,865,1347,-1,1347,865,864,-1,1347,864,1359,-1,1359,864,796,-1,1359,796,1357,-1,1357,796,795,-1,1357,795,1291,-1,1291,795,794,-1,1291,794,1292,-1,1292,794,790,-1,1292,790,1389,-1,1389,790,792,-1,867,865,1299,-1,1299,865,1428,-1,1375,910,1426,-1,1426,910,909,-1,1426,909,1427,-1,1427,909,854,-1,1427,854,1282,-1,1282,854,853,-1,1282,853,1283,-1,1283,853,852,-1,1283,852,1285,-1,1285,852,868,-1,1285,868,1299,-1,1299,868,867,-1,911,910,1373,-1,1373,910,1375,-1,1401,845,1332,-1,1332,845,844,-1,1332,844,1333,-1,1333,844,840,-1,1333,840,1370,-1,1370,840,839,-1,1370,839,1384,-1,1384,839,838,-1,846,845,1400,-1,1400,845,1401,-1,1422,943,1423,-1,1423,943,942,-1,1423,942,1329,-1,1329,942,941,-1,1329,941,1330,-1,1330,941,888,-1,1330,888,1331,-1,1331,888,887,-1,1331,887,1399,-1,1399,887,886,-1,1399,886,1400,-1,1400,886,846,-1,948,943,1398,-1,1398,943,1422,-1,1418,920,1416,-1,1416,920,929,-1,1416,929,1325,-1,1325,929,903,-1,1325,903,1327,-1,1327,903,905,-1,1327,905,1328,-1,1328,905,950,-1,1328,950,1397,-1,1397,950,949,-1,1397,949,1398,-1,1398,949,948,-1,951,920,1293,-1,1293,920,1418,-1,1392,960,1393,-1,1393,960,959,-1,1393,959,1434,-1,1434,959,932,-1,1434,932,1435,-1,1435,932,931,-1,1435,931,1293,-1,1293,931,951,-1,1447,930,1419,-1,1419,930,947,-1,1419,947,1420,-1,1420,947,946,-1,1420,946,1421,-1,1421,946,945,-1,1421,945,1358,-1,1358,945,928,-1,918,930,1417,-1,1417,930,1447,-1,1436,921,1437,-1,1437,921,944,-1,1437,944,1326,-1,1326,944,904,-1,1326,904,1324,-1,1324,904,902,-1,1324,902,1414,-1,1414,902,901,-1,1414,901,1415,-1,1415,901,919,-1,1415,919,1417,-1,1417,919,918,-1,922,921,1396,-1,1396,921,1436,-1,1367,934,1323,-1,1323,934,933,-1,1323,933,1322,-1,1322,933,891,-1,1322,891,1321,-1,1321,891,890,-1,1321,890,1394,-1,1394,890,889,-1,1394,889,1395,-1,1395,889,923,-1,1395,923,1396,-1,1396,923,922,-1,863,934,1366,-1,1366,934,1367,-1,1342,823,1343,-1,1343,823,859,-1,1343,859,1344,-1,1344,859,860,-1,1344,860,1365,-1,1365,860,861,-1,1365,861,1366,-1,1366,861,863,-1,1379,878,1380,-1,1380,878,877,-1,1380,877,1381,-1,1381,877,820,-1,1381,820,1345,-1,1345,820,819,-1,1345,819,1346,-1,1346,819,818,-1,1346,818,1348,-1,1348,818,793,-1,1348,793,1349,-1,1349,793,791,-1,821,878,1378,-1,1378,878,1379,-1,1288,884,1289,-1,1289,884,883,-1,1289,883,1290,-1,1290,883,824,-1,1290,824,1338,-1,1338,824,858,-1,1338,858,1340,-1,1340,858,857,-1,1340,857,1403,-1,1403,857,822,-1,1403,822,1378,-1,1378,822,821,-1,885,884,1287,-1,1287,884,1288,-1,1431,829,1310,-1,1310,829,851,-1,1310,851,1311,-1,1311,851,906,-1,1311,906,1320,-1,1320,906,848,-1,1320,848,1319,-1,1319,848,847,-1,1319,847,1317,-1,1317,847,881,-1,1317,881,1287,-1,1287,881,885,-1,831,829,1430,-1,1430,829,1431,-1,1313,866,1314,-1,1314,866,807,-1,1314,807,1350,-1,1350,807,806,-1,1350,806,1351,-1,1351,806,805,-1,1351,805,1352,-1,1352,805,798,-1,1352,798,1429,-1,1429,798,797,-1,1429,797,1430,-1,1430,797,831,-1,791,866,1349,-1,1349,866,1313,-1,651,1151,522,-1,522,1151,547,-1,522,547,520,-1,520,547,549,-1,520,549,518,-1,518,549,551,-1,518,551,516,-1,516,551,553,-1,516,553,514,-1,514,553,555,-1,514,555,511,-1,511,555,557,-1,511,557,545,-1,545,557,579,-1,545,579,543,-1,543,579,582,-1,543,582,541,-1,541,582,578,-1,541,578,540,-1,540,578,571,-1,540,571,538,-1,538,571,573,-1,538,573,536,-1,536,573,575,-1,536,575,52,-1,52,575,345,-1,52,345,53,-1,53,345,346,-1,35,289,36,-1,36,289,268,-1,36,268,1119,-1,1119,268,1616,-1,1119,1616,1121,-1,1121,1616,1614,-1,1121,1614,1123,-1,1123,1614,1612,-1,1123,1612,1126,-1,1126,1612,1617,-1,1126,1617,1128,-1,1128,1617,1621,-1,1128,1621,1130,-1,1130,1621,1620,-1,1130,1620,640,-1,640,1620,1142,-1,640,1142,641,-1,641,1142,1140,-1,641,1140,643,-1,643,1140,1138,-1,643,1138,645,-1,645,1138,1136,-1,645,1136,647,-1,647,1136,1134,-1,647,1134,649,-1,649,1134,1132,-1,649,1132,681,-1,681,1132,1185,-1,44,43,327,-1,327,43,225,-1,351,23,352,-1,352,23,24,-1,352,24,329,-1,329,24,9,-1,329,9,330,-1,330,9,8,-1,330,8,336,-1,336,8,7,-1,336,7,337,-1,337,7,1,-1,337,1,339,-1,339,1,0,-1,339,0,327,-1,327,0,44,-1,21,23,349,-1,349,23,351,-1,161,309,162,-1,162,309,307,-1,162,307,533,-1,533,307,569,-1,533,569,534,-1,534,569,570,-1,534,570,532,-1,532,570,568,-1,532,568,531,-1,531,568,566,-1,531,566,530,-1,530,566,567,-1,530,567,529,-1,529,567,565,-1,529,565,528,-1,528,565,559,-1,528,559,527,-1,527,559,560,-1,527,560,526,-1,526,560,561,-1,526,561,525,-1,525,561,562,-1,525,562,524,-1,524,562,563,-1,524,563,523,-1,523,563,564,-1,523,564,1062,-1,1062,564,1510,-1,671,1186,650,-1,650,1186,1131,-1,650,1131,648,-1,648,1131,1133,-1,648,1133,646,-1,646,1133,1135,-1,646,1135,644,-1,644,1135,1137,-1,644,1137,642,-1,642,1137,1139,-1,642,1139,639,-1,639,1139,1141,-1,639,1141,1129,-1,1129,1141,1619,-1,1129,1619,1127,-1,1127,1619,1622,-1,1127,1622,1125,-1,1125,1622,1618,-1,1125,1618,1124,-1,1124,1618,1611,-1,1124,1611,1122,-1,1122,1611,1613,-1,1122,1613,1120,-1,1120,1613,1615,-1,1120,1615,213,-1,213,1615,267,-1,213,267,174,-1,174,267,266,-1,309,161,256,-1,256,161,160,-1,256,160,259,-1,259,160,159,-1,259,159,257,-1,257,159,158,-1,257,158,278,-1,278,158,157,-1,278,157,279,-1,279,157,156,-1,279,156,280,-1,280,156,155,-1,299,199,300,-1,300,199,198,-1,300,198,282,-1,282,198,197,-1,282,197,284,-1,284,197,178,-1,284,178,286,-1,286,178,177,-1,286,177,288,-1,288,177,175,-1,288,175,266,-1,266,175,174,-1,218,199,264,-1,264,199,299,-1,303,167,169,-1,303,169,317,-1,317,169,222,-1,317,222,318,-1,318,222,221,-1,318,221,322,-1,322,221,220,-1,322,220,323,-1,323,220,219,-1,323,219,263,-1,263,219,218,-1,263,218,264,-1,167,303,111,-1,111,303,252,-1,111,252,125,-1,281,154,153,-1,281,153,261,-1,261,153,152,-1,261,152,262,-1,262,152,149,-1,262,149,296,-1,296,149,148,-1,296,148,297,-1,297,148,147,-1,297,147,298,-1,298,147,125,-1,298,125,252,-1,155,154,280,-1,280,154,281,-1,105,332,94,-1,94,332,331,-1,94,331,1118,-1,1118,331,1609,-1,1118,1609,1117,-1,1117,1609,1610,-1,1117,1610,1116,-1,1116,1610,1608,-1,1116,1608,1115,-1,1115,1608,1606,-1,1115,1606,1114,-1,1114,1606,1607,-1,1114,1607,1113,-1,1113,1607,1605,-1,1113,1605,1112,-1,1112,1605,1600,-1,1112,1600,1111,-1,1111,1600,1601,-1,1111,1601,1110,-1,1110,1601,1602,-1,1110,1602,1109,-1,1109,1602,1603,-1,1109,1603,1108,-1,1108,1603,1604,-1,1108,1604,984,-1,984,1604,1473,-1,984,1473,985,-1,985,1473,1472,-1,348,87,274,-1,274,87,86,-1,274,86,273,-1,273,86,62,-1,273,62,272,-1,272,62,61,-1,272,61,275,-1,275,61,60,-1,275,60,276,-1,276,60,56,-1,276,56,250,-1,250,56,55,-1,88,87,350,-1,350,87,348,-1,325,90,326,-1,326,90,89,-1,326,89,269,-1,269,89,80,-1,269,80,270,-1,270,80,79,-1,270,79,340,-1,340,79,78,-1,340,78,338,-1,338,78,71,-1,338,71,328,-1,328,71,70,-1,328,70,350,-1,350,70,88,-1,91,90,324,-1,324,90,325,-1,312,95,313,-1,313,95,93,-1,313,93,315,-1,315,93,92,-1,315,92,316,-1,316,92,85,-1,316,85,319,-1,319,85,84,-1,319,84,320,-1,320,84,82,-1,320,82,321,-1,321,82,81,-1,321,81,324,-1,324,81,91,-1,333,96,312,-1,312,96,95,-1,332,105,104,-1,332,104,334,-1,334,104,103,-1,334,103,341,-1,1019,1017,1477,-1,1477,1017,1511,-1,1081,1080,1558,-1,1558,1080,1559,-1,1075,1074,1591,-1,1591,1074,1592,-1,1012,1077,1548,-1,1548,1077,1584,-1,1078,1067,1583,-1,1583,1067,1585,-1,1571,1570,1065,-1,1065,1570,1010,-1,1589,1048,1550,-1,1550,1048,1047,-1,1550,1047,1549,-1,1549,1047,1046,-1,1549,1046,1547,-1,1547,1046,1011,-1,1547,1011,1570,-1,1570,1011,1010,-1,1069,1048,1588,-1,1588,1048,1589,-1,1557,1464,1060,-1,1060,1464,981,-1,1484,1536,978,-1,978,1536,1049,-1,1501,1059,1502,-1,1502,1059,1058,-1,1502,1058,1530,-1,1530,1058,1033,-1,1530,1033,1531,-1,1531,1033,1032,-1,1531,1032,1532,-1,1532,1032,1031,-1,1532,1031,1533,-1,1533,1031,1030,-1,1533,1030,1534,-1,1534,1030,1029,-1,1534,1029,1536,-1,1536,1029,1049,-1,1079,1059,1529,-1,1529,1059,1501,-1,1507,1468,974,-1,974,1468,975,-1,1541,1052,1542,-1,1542,1052,1051,-1,1542,1051,1535,-1,1535,1051,1050,-1,1535,1050,1466,-1,1466,1050,980,-1,1466,980,1465,-1,1465,980,982,-1,1465,982,1463,-1,1463,982,983,-1,1463,983,1467,-1,1467,983,994,-1,1467,994,1468,-1,1468,994,975,-1,1541,1540,1052,-1,1052,1540,1056,-1,1500,1037,1498,-1,1498,1037,1035,-1,1498,1035,1487,-1,1487,1035,1034,-1,1487,1034,1488,-1,1488,1034,1015,-1,1488,1015,1551,-1,1551,1015,1014,-1,1551,1014,1552,-1,1552,1014,1013,-1,1552,1013,1553,-1,1553,1013,1057,-1,1553,1057,1540,-1,1540,1057,1056,-1,1070,1037,1564,-1,1564,1037,1500,-1,469,464,1623,-1,1623,464,1624,-1,1625,1626,1623,-1,1623,1626,1627,-1,1625,1623,1628,-1,1628,1623,1624,-1,1628,1624,1629,-1,1627,1630,1623,-1,1623,1630,1631,-1,1623,1631,1632,-1,1632,1631,1633,-1,1634,1635,1636,-1,1624,1637,1629,-1,1629,1637,1634,-1,1629,1634,1638,-1,1638,1634,1636,-1,1639,1640,1641,-1,1641,1640,1642,-1,1641,1642,1643,-1,1643,1642,1644,-1,1644,1642,1645,-1,1645,1642,1646,-1,1645,1646,1647,-1,1647,1646,74,-1,1647,74,73,-1,1640,1639,1648,-1,1648,1639,1649,-1,1648,1649,1650,-1,1650,1649,1651,-1,1650,1651,1652,-1,1652,1651,1653,-1,1652,1653,1654,-1,1654,1653,1655,-1,1654,1655,1656,-1,1656,1655,1657,-1,1656,1657,1628,-1,1628,1657,1625,-1,75,74,290,-1,290,74,291,-1,460,459,1658,-1,1658,459,1659,-1,1659,1660,1658,-1,1658,1660,1661,-1,1658,1661,1662,-1,1662,1661,292,-1,1662,292,291,-1,291,74,1662,-1,1662,74,1646,-1,1662,1646,1658,-1,1658,1646,1642,-1,1658,1642,460,-1,460,1642,1640,-1,1628,457,1656,-1,1656,457,455,-1,1656,455,1654,-1,1654,455,453,-1,1654,453,1652,-1,1652,453,451,-1,1652,451,1650,-1,1650,451,450,-1,1650,450,1648,-1,1648,450,449,-1,1648,449,1640,-1,1640,449,460,-1,465,457,1629,-1,1629,457,1628,-1,96,333,335,-1,341,103,108,-1,341,108,342,-1,102,344,106,-1,106,344,342,-1,106,342,107,-1,107,342,108,-1,102,101,344,-1,344,101,100,-1,344,100,343,-1,100,99,343,-1,343,99,98,-1,343,98,335,-1,335,98,97,-1,335,97,96,-1,72,277,73,-1,73,277,292,-1,73,292,1647,-1,1647,292,1661,-1,1647,1661,1645,-1,1645,1661,1660,-1,1645,1660,1659,-1,462,448,1641,-1,462,1641,461,-1,1644,1645,1659,-1,1641,1643,461,-1,461,1643,1644,-1,461,1644,459,-1,459,1644,1659,-1,1639,1641,448,-1,473,1626,458,-1,458,1626,1625,-1,458,1625,456,-1,456,1625,1657,-1,456,1657,454,-1,454,1657,1655,-1,454,1655,452,-1,452,1655,1653,-1,452,1653,447,-1,447,1653,1651,-1,447,1651,448,-1,448,1651,1649,-1,448,1649,1639,-1,1663,1664,1665,-1,1665,1664,1666,-1,917,900,1410,-1,1410,900,1408,-1,1411,1409,898,-1,898,1409,899,-1,1408,900,1667,-1,1667,900,1668,-1,1667,1668,1669,-1,1669,1668,1670,-1,1669,1670,1671,-1,1671,1670,1672,-1,1673,1672,1670,-1,1673,1670,1674,-1,1674,1670,1668,-1,1674,1668,1675,-1,1675,1668,900,-1,1675,900,899,-1,1676,1673,1677,-1,1677,1673,1674,-1,1677,1674,1678,-1,1678,1674,1675,-1,1678,1675,1409,-1,1409,1675,899,-1,1409,1408,1678,-1,1678,1408,1667,-1,1678,1667,1677,-1,1677,1667,1669,-1,1677,1669,1676,-1,1676,1669,1671,-1,1671,1672,1679,-1,1679,1672,1680,-1,1679,1680,1681,-1,1681,1680,1682,-1,1681,1682,1683,-1,1683,1682,1684,-1,1683,1684,1685,-1,1685,1684,1686,-1,1685,1686,1687,-1,1688,1689,1690,-1,1690,1689,1691,-1,1690,1691,1692,-1,1672,1673,1680,-1,1680,1673,1693,-1,1680,1693,1682,-1,1682,1693,1694,-1,1682,1694,1684,-1,1684,1694,1695,-1,1684,1695,1686,-1,1686,1695,1696,-1,1686,1696,1688,-1,1688,1696,1697,-1,1688,1697,1689,-1,1698,1696,1699,-1,1699,1696,1695,-1,1673,1676,1693,-1,1693,1676,1700,-1,1693,1700,1694,-1,1694,1700,1701,-1,1694,1701,1695,-1,1695,1701,1702,-1,1695,1702,1699,-1,1703,1704,1705,-1,1705,1704,1706,-1,1705,1706,1707,-1,1706,1708,1707,-1,1707,1708,1698,-1,1707,1698,1687,-1,1687,1698,1699,-1,1687,1699,1685,-1,1685,1699,1702,-1,1685,1702,1683,-1,1683,1702,1701,-1,1683,1701,1681,-1,1681,1701,1700,-1,1681,1700,1679,-1,1679,1700,1676,-1,1679,1676,1671,-1,1665,1691,1709,-1,1710,1711,1712,-1,1709,1713,1665,-1,1665,1713,1714,-1,1665,1714,1715,-1,1691,1665,1692,-1,1692,1665,1666,-1,1692,1666,1712,-1,1712,1666,1716,-1,1712,1716,1710,-1,1717,1704,1663,-1,1718,1719,1720,-1,1663,1704,1664,-1,1704,1703,1664,-1,1664,1703,1718,-1,1664,1718,1721,-1,1721,1718,1720,-1,1717,1663,1722,-1,1722,1663,1723,-1,1722,1723,1724,-1,1205,1266,743,-1,743,1266,769,-1,1258,1235,772,-1,772,1235,773,-1,1203,765,1204,-1,1204,765,742,-1,1204,742,1233,-1,1233,742,744,-1,1233,744,1234,-1,1234,744,745,-1,1234,745,1235,-1,1235,745,773,-1,766,765,1255,-1,1255,765,1203,-1,1239,1217,720,-1,720,1217,690,-1,734,733,1229,-1,1229,733,1228,-1,1228,733,1227,-1,1227,733,732,-1,1227,732,1230,-1,1230,732,731,-1,1230,731,1231,-1,1231,731,728,-1,1231,728,1232,-1,1232,728,729,-1,1232,729,1215,-1,1215,729,730,-1,1215,730,1216,-1,1216,730,691,-1,1216,691,1217,-1,1217,691,690,-1,749,653,1218,-1,1218,653,1146,-1,676,660,1149,-1,1149,660,1150,-1,1212,1211,722,-1,722,1211,721,-1,1242,747,1198,-1,1198,747,746,-1,1198,746,1199,-1,1199,746,689,-1,1199,689,1200,-1,1200,689,688,-1,1200,688,1201,-1,1201,688,709,-1,1201,709,1209,-1,1209,709,708,-1,1209,708,1210,-1,1210,708,707,-1,1210,707,1211,-1,1211,707,721,-1,1242,1241,747,-1,747,1241,748,-1,1150,660,1166,-1,1166,660,659,-1,1166,659,1148,-1,1148,659,652,-1,1148,652,1147,-1,1147,652,654,-1,1147,654,1145,-1,1145,654,655,-1,1145,655,1197,-1,1197,655,718,-1,1197,718,1240,-1,1240,718,719,-1,1240,719,1241,-1,1241,719,748,-1,245,247,39,-1,39,247,37,-1,391,359,393,-1,393,359,355,-1,393,355,395,-1,395,355,353,-1,395,353,247,-1,247,353,37,-1,359,391,363,-1,363,391,408,-1,363,408,365,-1,365,408,405,-1,365,405,367,-1,367,405,403,-1,367,403,369,-1,369,403,401,-1,369,401,371,-1,371,401,399,-1,371,399,373,-1,373,399,398,-1,376,373,411,-1,411,373,398,-1,374,412,372,-1,372,412,397,-1,372,397,370,-1,370,397,400,-1,370,400,368,-1,368,400,402,-1,368,402,366,-1,366,402,404,-1,366,404,364,-1,364,404,406,-1,364,406,362,-1,362,406,407,-1,362,407,360,-1,360,407,361,-1,392,358,390,-1,390,358,357,-1,390,357,410,-1,410,357,356,-1,410,356,409,-1,409,356,361,-1,409,361,407,-1,246,40,248,-1,248,40,38,-1,248,38,396,-1,396,38,354,-1,396,354,394,-1,394,354,358,-1,394,358,392,-1,1725,1726,1727,-1,1727,1726,1728,-1,955,953,1448,-1,1448,953,1449,-1,1454,1450,954,-1,954,1450,952,-1,1449,953,1729,-1,1729,953,1730,-1,1729,1730,1731,-1,1731,1730,1732,-1,1731,1732,1733,-1,1733,1732,1734,-1,1735,1734,1732,-1,1735,1732,1736,-1,1736,1732,1730,-1,1736,1730,1737,-1,1737,1730,953,-1,1737,953,952,-1,1738,1735,1739,-1,1739,1735,1736,-1,1739,1736,1740,-1,1740,1736,1737,-1,1740,1737,1450,-1,1450,1737,952,-1,1450,1449,1740,-1,1740,1449,1729,-1,1740,1729,1739,-1,1739,1729,1731,-1,1739,1731,1738,-1,1738,1731,1733,-1,1733,1734,1741,-1,1741,1734,1742,-1,1741,1742,1743,-1,1743,1742,1744,-1,1743,1744,1745,-1,1745,1744,1746,-1,1745,1746,1747,-1,1747,1746,1748,-1,1747,1748,1749,-1,1750,1751,1752,-1,1752,1751,1753,-1,1752,1753,1754,-1,1734,1735,1742,-1,1742,1735,1755,-1,1742,1755,1744,-1,1744,1755,1756,-1,1744,1756,1746,-1,1746,1756,1757,-1,1746,1757,1748,-1,1748,1757,1758,-1,1748,1758,1750,-1,1750,1758,1759,-1,1750,1759,1751,-1,1760,1758,1761,-1,1761,1758,1757,-1,1735,1738,1755,-1,1755,1738,1762,-1,1755,1762,1756,-1,1756,1762,1763,-1,1756,1763,1757,-1,1757,1763,1764,-1,1757,1764,1761,-1,1765,1766,1767,-1,1767,1766,1768,-1,1767,1768,1769,-1,1768,1770,1769,-1,1769,1770,1760,-1,1769,1760,1749,-1,1749,1760,1761,-1,1749,1761,1747,-1,1747,1761,1764,-1,1747,1764,1745,-1,1745,1764,1763,-1,1745,1763,1743,-1,1743,1763,1762,-1,1743,1762,1741,-1,1741,1762,1738,-1,1741,1738,1733,-1,1771,1772,1773,-1,1774,1775,1776,-1,1773,1777,1771,-1,1771,1777,1727,-1,1771,1727,1753,-1,1753,1727,1754,-1,1754,1727,1728,-1,1754,1728,1776,-1,1776,1728,1778,-1,1776,1778,1774,-1,1726,1725,1766,-1,1779,1780,1781,-1,1782,1783,1784,-1,1766,1725,1781,-1,1781,1725,1785,-1,1781,1785,1779,-1,1766,1765,1726,-1,1726,1765,1782,-1,1726,1782,1786,-1,1786,1782,1784,-1,1771,1780,1772,-1,1772,1780,1779,-1,1772,1779,1773,-1,1773,1779,1785,-1,1773,1785,1777,-1,1777,1785,1725,-1,1777,1725,1727,-1,1758,1760,1759,-1,1759,1760,1770,-1,1759,1770,1751,-1,1751,1770,1768,-1,1751,1768,1753,-1,1753,1768,1766,-1,1753,1766,1771,-1,1771,1766,1781,-1,1771,1781,1780,-1,1728,1726,1786,-1,1728,1786,1778,-1,1778,1786,1784,-1,1778,1784,1774,-1,1774,1784,1783,-1,1774,1783,1775,-1,1775,1783,1782,-1,1775,1782,1776,-1,1776,1782,1754,-1,1754,1782,1765,-1,1754,1765,1752,-1,1765,1767,1752,-1,1752,1767,1769,-1,1752,1769,1750,-1,1750,1769,1749,-1,1750,1749,1748,-1,1709,1722,1713,-1,1713,1722,1724,-1,1713,1724,1714,-1,1714,1724,1723,-1,1714,1723,1715,-1,1715,1723,1663,-1,1715,1663,1665,-1,1696,1698,1697,-1,1697,1698,1708,-1,1697,1708,1689,-1,1689,1708,1706,-1,1689,1706,1691,-1,1691,1706,1704,-1,1691,1704,1709,-1,1709,1704,1717,-1,1709,1717,1722,-1,1666,1664,1721,-1,1666,1721,1716,-1,1716,1721,1720,-1,1716,1720,1710,-1,1710,1720,1719,-1,1710,1719,1711,-1,1711,1719,1718,-1,1711,1718,1712,-1,1712,1718,1692,-1,1692,1718,1703,-1,1692,1703,1690,-1,1703,1705,1690,-1,1690,1705,1707,-1,1690,1707,1688,-1,1688,1707,1687,-1,1688,1687,1686,-1,1212,722,737,-1,1212,737,1225,-1,1225,737,738,-1,1225,738,1226,-1,1226,738,736,-1,1226,736,1224,-1,1224,736,735,-1,1224,735,1214,-1,1214,735,723,-1,1214,723,1213,-1,1213,723,427,-1,1213,427,429,-1,430,428,705,-1,430,705,1219,-1,1219,705,706,-1,1219,706,1220,-1,1220,706,715,-1,1220,715,1222,-1,1222,715,717,-1,1222,717,1223,-1,1223,717,716,-1,1223,716,1221,-1,1221,716,704,-1,1221,704,1196,-1,1162,703,1163,-1,1163,703,702,-1,1163,702,1170,-1,1170,702,701,-1,1170,701,1171,-1,1171,701,714,-1,1171,714,1173,-1,1173,714,713,-1,1173,713,1174,-1,1174,713,712,-1,1174,712,1156,-1,1156,712,664,-1,1156,664,1281,-1,1281,664,782,-1,423,425,677,-1,423,677,1191,-1,1191,677,675,-1,1191,675,1192,-1,1192,675,673,-1,1192,673,1194,-1,1194,673,672,-1,1194,672,1195,-1,1195,672,674,-1,1195,674,1193,-1,1193,674,676,-1,1193,676,1149,-1,503,505,1522,-1,503,1522,1005,-1,1005,1522,1506,-1,1005,1506,1006,-1,1006,1506,1504,-1,1006,1504,1008,-1,1008,1504,1503,-1,1008,1503,1009,-1,1009,1503,1505,-1,1009,1505,1007,-1,1007,1505,1507,-1,1007,1507,974,-1,1070,1564,1575,-1,1070,1575,1083,-1,1083,1575,1576,-1,1083,1576,1084,-1,1084,1576,1574,-1,1084,1574,1082,-1,1082,1574,1573,-1,1082,1573,1072,-1,1072,1573,1563,-1,1072,1563,1071,-1,1071,1563,507,-1,1071,507,509,-1,510,508,1555,-1,510,1555,1085,-1,1085,1555,1556,-1,1085,1556,1092,-1,1092,1556,1560,-1,1092,1560,1093,-1,1093,1560,1562,-1,1093,1562,1095,-1,1095,1562,1561,-1,1095,1561,1094,-1,1094,1561,1554,-1,1094,1554,1086,-1,1461,969,1462,-1,1462,969,970,-1,1462,970,1537,-1,1537,970,1045,-1,1537,1045,1538,-1,1538,1045,1044,-1,1538,1044,1539,-1,1539,1044,1042,-1,1539,1042,1478,-1,1478,1042,1018,-1,1478,1018,1480,-1,1480,1018,979,-1,1480,979,1499,-1,1499,979,1036,-1,435,437,752,-1,435,752,1261,-1,1261,752,754,-1,1261,754,1259,-1,1259,754,753,-1,1259,753,1260,-1,1260,753,751,-1,1260,751,1262,-1,1262,751,750,-1,1262,750,1263,-1,1263,750,749,-1,1263,749,1218,-1,439,441,774,-1,439,774,1253,-1,1253,774,767,-1,1253,767,1254,-1,1254,767,766,-1,1254,766,1255,-1,1179,711,1180,-1,1180,711,710,-1,1180,710,1181,-1,1181,710,694,-1,1181,694,1182,-1,1182,694,693,-1,1182,693,1183,-1,1183,693,692,-1,1183,692,1184,-1,1184,692,687,-1,1184,687,432,-1,432,687,434,-1,1186,671,1187,-1,1187,671,680,-1,1187,680,1175,-1,1175,680,679,-1,1175,679,1176,-1,1176,679,696,-1,1176,696,1177,-1,1177,696,695,-1,1177,695,1178,-1,1178,695,669,-1,1178,669,1179,-1,1179,669,711,-1,1238,739,1159,-1,1159,739,700,-1,1159,700,1160,-1,1160,700,699,-1,1160,699,1161,-1,1161,699,698,-1,1161,698,1172,-1,1172,698,697,-1,1172,697,1164,-1,1164,697,670,-1,1164,670,1185,-1,1185,670,681,-1,1205,743,1264,-1,1264,743,727,-1,1264,727,1208,-1,1208,727,726,-1,1208,726,1207,-1,1207,726,725,-1,1207,725,1206,-1,1206,725,724,-1,1206,724,1236,-1,1236,724,741,-1,1236,741,1237,-1,1237,741,740,-1,1237,740,1238,-1,1238,740,739,-1,442,440,682,-1,682,440,1169,-1,682,1169,683,-1,683,1169,1168,-1,683,1168,684,-1,684,1168,1167,-1,684,1167,665,-1,665,1167,1158,-1,665,1158,663,-1,663,1158,1157,-1,663,1157,658,-1,658,1157,1155,-1,658,1155,657,-1,657,1155,1154,-1,657,1154,656,-1,656,1154,1144,-1,656,1144,666,-1,666,1144,1143,-1,666,1143,667,-1,667,1143,1153,-1,667,1153,668,-1,668,1153,1152,-1,668,1152,651,-1,651,1152,1151,-1,1146,653,661,-1,1146,661,1165,-1,1165,661,662,-1,1165,662,1188,-1,1188,662,686,-1,1188,686,1189,-1,1189,686,685,-1,1189,685,1190,-1,1190,685,678,-1,1190,678,1202,-1,1202,678,426,-1,1202,426,424,-1,1239,720,759,-1,1239,759,1248,-1,1248,759,758,-1,1248,758,1249,-1,1249,758,756,-1,1249,756,1251,-1,1251,756,755,-1,1251,755,1252,-1,1252,755,757,-1,1252,757,1250,-1,1250,757,438,-1,1250,438,436,-1,431,433,764,-1,431,764,1243,-1,1243,764,763,-1,1243,763,1244,-1,1244,763,762,-1,1244,762,1245,-1,1245,762,761,-1,1245,761,1246,-1,1246,761,760,-1,1246,760,1247,-1,1247,760,734,-1,1247,734,1229,-1,443,445,781,-1,443,781,1265,-1,1265,781,780,-1,1265,780,1270,-1,1270,780,776,-1,1270,776,1271,-1,1271,776,775,-1,1271,775,1272,-1,1272,775,768,-1,1272,768,1273,-1,1273,768,769,-1,1273,769,1266,-1,1258,772,771,-1,1258,771,1257,-1,1257,771,779,-1,1257,779,1267,-1,1267,779,778,-1,1267,778,1268,-1,1268,778,777,-1,1268,777,1269,-1,1269,777,770,-1,1269,770,1256,-1,1256,770,446,-1,1256,446,444,-1,289,35,287,-1,287,35,34,-1,287,34,241,-1,241,34,33,-1,241,33,242,-1,242,33,32,-1,242,32,244,-1,244,32,41,-1,244,41,246,-1,246,41,40,-1,376,411,422,-1,376,422,377,-1,377,422,420,-1,377,420,383,-1,383,420,419,-1,383,419,384,-1,384,419,418,-1,384,418,385,-1,385,418,421,-1,385,421,386,-1,386,421,388,-1,386,388,387,-1,412,374,382,-1,412,382,413,-1,413,382,381,-1,413,381,414,-1,414,381,378,-1,414,378,415,-1,415,378,379,-1,415,379,416,-1,416,379,380,-1,416,380,417,-1,417,380,375,-1,417,375,389,-1,245,39,243,-1,243,39,20,-1,243,20,285,-1,285,20,19,-1,285,19,283,-1,283,19,17,-1,283,17,265,-1,265,17,16,-1,265,16,301,-1,301,16,31,-1,301,31,302,-1,302,31,30,-1,302,30,304,-1,304,30,29,-1,304,29,305,-1,305,29,14,-1,305,14,253,-1,253,14,13,-1,253,13,251,-1,251,13,26,-1,251,26,249,-1,249,26,25,-1,249,25,349,-1,349,25,21,-1,1002,1514,1003,-1,1003,1514,1528,-1,1003,1528,1004,-1,1004,1528,1527,-1,1004,1527,1043,-1,1043,1527,1526,-1,1043,1526,1041,-1,1041,1526,1513,-1,1041,1513,1016,-1,1016,1513,1512,-1,1016,1512,1017,-1,1017,1512,1511,-1,1062,1510,999,-1,999,1510,1525,-1,999,1525,1000,-1,1000,1525,1493,-1,1000,1493,1053,-1,1053,1493,1492,-1,1053,1492,1054,-1,1054,1492,1490,-1,1054,1490,1055,-1,1055,1490,1489,-1,1055,1489,1002,-1,1002,1489,1514,-1,478,477,1491,-1,1491,477,1061,-1,1491,1061,1515,-1,1515,1061,1001,-1,1515,1001,1516,-1,1516,1001,1024,-1,1516,1024,1517,-1,1517,1024,1023,-1,1517,1023,1543,-1,1543,1023,1022,-1,1543,1022,1544,-1,1544,1022,1040,-1,1544,1040,1545,-1,1545,1040,972,-1,1545,972,1546,-1,1546,972,971,-1,1546,971,1474,-1,1474,971,998,-1,1474,998,1475,-1,1475,998,990,-1,1475,990,1483,-1,1483,990,989,-1,1483,989,1548,-1,1548,989,1012,-1,997,1496,976,-1,976,1496,1495,-1,976,1495,973,-1,973,1495,1476,-1,973,1476,992,-1,992,1476,1494,-1,992,1494,991,-1,991,1494,1482,-1,991,1482,1073,-1,1073,1482,1481,-1,1073,1481,1074,-1,1074,1481,1592,-1,985,1472,986,-1,986,1472,1471,-1,986,1471,987,-1,987,1471,1470,-1,987,1470,988,-1,988,1470,1519,-1,988,1519,995,-1,995,1519,1518,-1,995,1518,996,-1,996,1518,1497,-1,996,1497,997,-1,997,1497,1496,-1,1626,473,472,-1,1626,472,1627,-1,1627,472,476,-1,1627,476,1630,-1,1630,476,475,-1,1630,475,1631,-1,1631,475,474,-1,1631,474,1633,-1,1633,474,471,-1,1633,471,1632,-1,1632,471,469,-1,1632,469,1623,-1,465,1629,1638,-1,465,1638,470,-1,470,1638,1636,-1,470,1636,466,-1,466,1636,1635,-1,466,1635,467,-1,467,1635,1634,-1,467,1634,468,-1,468,1634,1637,-1,468,1637,463,-1,463,1637,1624,-1,463,1624,464,-1,250,55,293,-1,293,55,69,-1,293,69,294,-1,294,69,68,-1,294,68,295,-1,295,68,67,-1,295,67,258,-1,258,67,77,-1,258,77,260,-1,260,77,76,-1,260,76,290,-1,290,76,75,-1,277,72,254,-1,254,72,57,-1,254,57,255,-1,255,57,58,-1,255,58,311,-1,311,58,59,-1,311,59,310,-1,310,59,63,-1,310,63,308,-1,308,63,65,-1,981,1464,1469,-1,981,1469,993,-1,993,1469,1524,-1,993,1524,1025,-1,1025,1524,1523,-1,1025,1523,1026,-1,1026,1523,1509,-1,1026,1509,1027,-1,1027,1509,1508,-1,1027,1508,1028,-1,1028,1508,506,-1,1028,506,504,-1,1484,978,977,-1,1484,977,1485,-1,1485,977,1039,-1,1485,1039,1486,-1,1486,1039,1038,-1,1486,1038,1520,-1,1520,1038,1021,-1,1520,1021,1521,-1,1521,1021,1020,-1,1521,1020,1479,-1,1479,1020,1019,-1,1479,1019,1477,-1,1081,1558,1567,-1,1081,1567,1103,-1,1103,1567,1569,-1,1103,1569,1101,-1,1101,1569,1568,-1,1101,1568,1102,-1,1102,1568,1566,-1,1102,1566,1104,-1,1104,1566,1565,-1,1104,1565,1105,-1,1105,1565,1557,-1,1105,1557,1060,-1,1079,1529,1581,-1,1079,1581,1087,-1,1087,1581,1580,-1,1087,1580,1088,-1,1088,1580,1578,-1,1088,1578,1090,-1,1090,1578,1577,-1,1090,1577,1091,-1,1091,1577,1579,-1,1091,1579,1089,-1,1089,1579,1559,-1,1089,1559,1080,-1,1078,1583,1599,-1,1078,1599,1076,-1,1076,1599,1598,-1,1076,1598,1099,-1,1099,1598,1594,-1,1099,1594,1100,-1,1100,1594,1593,-1,1100,1593,1106,-1,1106,1593,1582,-1,1106,1582,1107,-1,1107,1582,1584,-1,1107,1584,1077,-1,1069,1588,1587,-1,1069,1587,1068,-1,1068,1587,1597,-1,1068,1597,1096,-1,1096,1597,1596,-1,1096,1596,1097,-1,1097,1596,1595,-1,1097,1595,1098,-1,1098,1595,1586,-1,1098,1586,1066,-1,1066,1586,1585,-1,1066,1585,1067,-1,1571,1065,1064,-1,1571,1064,1572,-1,1572,1064,1063,-1,1572,1063,1590,-1,1590,1063,1075,-1,1590,1075,1591,-1,1454,954,1453,-1,1453,954,956,-1,1453,956,1353,-1,1353,956,914,-1,1353,914,1354,-1,1354,914,924,-1,1354,924,1355,-1,1355,924,870,-1,1355,870,1356,-1,1356,870,869,-1,1356,869,1341,-1,1341,869,897,-1,1341,897,1339,-1,1339,897,875,-1,1339,875,1337,-1,1337,875,876,-1,1337,876,1342,-1,1342,876,823,-1,1358,928,1382,-1,1382,928,927,-1,1382,927,1383,-1,1383,927,926,-1,1383,926,1404,-1,1404,926,925,-1,1404,925,1405,-1,1405,925,915,-1,1405,915,1406,-1,1406,915,913,-1,1406,913,1407,-1,1407,913,912,-1,1407,912,1451,-1,1451,912,958,-1,1451,958,1452,-1,1452,958,957,-1,1452,957,1448,-1,1448,957,955,-1,1384,838,1432,-1,1432,838,800,-1,1432,800,1433,-1,1433,800,802,-1,1433,802,1360,-1,1360,802,804,-1,1360,804,1361,-1,1361,804,843,-1,1361,843,1363,-1,1363,843,842,-1,1363,842,1364,-1,1364,842,855,-1,1364,855,1413,-1,1413,855,816,-1,1413,816,1412,-1,1412,816,815,-1,1412,815,1410,-1,1410,815,917,-1,1411,898,1362,-1,1362,898,916,-1,1362,916,1443,-1,1443,916,817,-1,1443,817,1444,-1,1444,817,856,-1,1444,856,1445,-1,1445,856,873,-1,1445,873,1446,-1,1446,873,872,-1,1446,872,1388,-1,1388,872,871,-1,1388,871,1390,-1,1390,871,962,-1,1390,962,1391,-1,1391,962,961,-1,1391,961,1392,-1,1392,961,960,-1,
        ]
    }
}
Shape{
    appearance Appearance {
        material  Material 	{
            diffuseColor 0.2235294117647059 0.2235294117647059 0.2235294117647059
            specularColor 0.11372549019607843 0.11372549019607843 0.11372549019607843
            ambientIntensity 0.2235
            transparency 0.0
            shininess 0.5
        }
    }
    geometry IndexedFaceSet {
        ccw TRUE
        solid FALSE
        coord DEF co Coordinate {
            point [
                0.3337 -0.5083 0.1024, 0.4105 -0.3115 0.1024, 0.3337 -0.5083 0.0984, 0.4105 -0.3115 0.0984, 0.3817 -0.3115 0.1024, 0.3817 -0.3115 0.0984, 0.3618 -0.3667 0.1024, 0.3618 -0.3667 0.0984, 0.2805 -0.3667 0.1024, 0.2805 -0.3667 0.0984, 0.2617 -0.3115 0.1024, 0.2617 -0.3115 0.0984, 0.2329 -0.3115 0.1024, 0.2329 -0.3115 0.0984, 0.3073 -0.5083 0.1024, 0.3073 -0.5083 0.0984, 0.2871 -0.3883 0.1024, 0.3529 -0.3883 0.1024, 0.3165 -0.4705 0.1024, 0.3183 -0.4773 0.1024, 0.3196 -0.4843 0.1024, 0.3203 -0.4843 0.1024, 0.3215 -0.4774 0.1024, 0.3233 -0.4705 0.1024, 0.2871 -0.3883 0.0984, 0.3529 -0.3883 0.0984, 0.3165 -0.4705 0.0984, 0.3183 -0.4773 0.0984, 0.3196 -0.4843 0.0984, 0.3203 -0.4843 0.0984, 0.3215 -0.4774 0.0984, 0.3233 -0.4705 0.0984, 0.1135 -0.3115 0.1024, 0.06 -0.3115 0.1024, 0.1135 -0.3115 0.0984, 0.06 -0.3115 0.0984, 0.06 -0.5083 0.1024, 0.06 -0.5083 0.0984, 0.1156 -0.5083 0.1024, 0.1156 -0.5083 0.0984, 0.2185 -0.4124 0.1024, 0.2185 -0.4124 0.0984, 0.2181 -0.4221 0.0984, 0.2181 -0.4221 0.1024, 0.2143 -0.4429 0.0984, 0.2143 -0.4429 0.1024, 0.206 -0.462 0.0984, 0.206 -0.462 0.1024, 0.1942 -0.4774 0.0984, 0.1942 -0.4774 0.1024, 0.1865 -0.4845 0.0984, 0.1865 -0.4845 0.1024, 0.1671 -0.4972 0.0984, 0.1671 -0.4972 0.1024, 0.144 -0.5053 0.0984, 0.144 -0.5053 0.1024, 0.1385 -0.3137 0.0984, 0.1385 -0.3137 0.1024, 0.1611 -0.3206 0.0984, 0.1611 -0.3206 0.1024, 0.1815 -0.3326 0.0984, 0.1815 -0.3326 0.1024, 0.1976 -0.3482 0.0984, 0.1976 -0.3482 0.1024, 0.2087 -0.3655 0.0984, 0.2087 -0.3655 0.1024, 0.2157 -0.386 0.0984, 0.2157 -0.386 0.1024, 0.192 -0.4118 0.1024, 0.1904 -0.4314 0.1024, 0.1858 -0.447 0.1024, 0.179 -0.459 0.1024, 0.1695 -0.4692 0.1024, 0.1551 -0.4785 0.1024, 0.1389 -0.4842 0.1024, 0.1155 -0.4867 0.1024, 0.0864 -0.4867 0.1024, 0.0864 -0.3331 0.1024, 0.1144 -0.3331 0.1024, 0.1352 -0.335 0.1024, 0.1517 -0.3402 0.1024, 0.165 -0.3481 0.1024, 0.1762 -0.359 0.1024, 0.1844 -0.3725 0.1024, 0.1896 -0.3881 0.1024, 0.1155 -0.4867 0.0984, 0.0864 -0.4867 0.0984, 0.1389 -0.4842 0.0984, 0.1551 -0.4785 0.0984, 0.1695 -0.4692 0.0984, 0.179 -0.459 0.0984, 0.1858 -0.447 0.0984, 0.1904 -0.4314 0.0984, 0.192 -0.4118 0.0984, 0.1896 -0.3881 0.0984, 0.1844 -0.3725 0.0984, 0.1762 -0.359 0.0984, 0.165 -0.3481 0.0984, 0.1517 -0.3402 0.0984, 0.1352 -0.335 0.0984, 0.1144 -0.3331 0.0984, 0.0864 -0.3331 0.0984, 0.0216 -0.3331 0.1024, 0.0216 -0.3115 0.1024, 0.0216 -0.3331 0.0984, 0.0216 -0.3115 0.0984, -0.084 -0.3115 0.1024, -0.084 -0.3115 0.0984, -0.084 -0.5083 0.1024, -0.084 -0.5083 0.0984, 0.0168 -0.5083 0.1024, 0.0168 -0.5083 0.0984, 0.0168 -0.4867 0.1024, 0.0168 -0.4867 0.0984, -0.0576 -0.4867 0.1024, -0.0576 -0.4867 0.0984, -0.0576 -0.4219 0.1024, -0.0576 -0.4219 0.0984, 0.012 -0.4219 0.1024, 0.012 -0.4219 0.0984, 0.012 -0.4003 0.1024, 0.012 -0.4003 0.0984, -0.0576 -0.4003 0.1024, -0.0576 -0.4003 0.0984, -0.0576 -0.3331 0.1024, -0.0576 -0.3331 0.0984, -0.1224 -0.3433 0.1024, -0.1224 -0.3217 0.1024, -0.1224 -0.3433 0.0984, -0.1224 -0.3217 0.0984, -0.1766 -0.3091 0.1024, -0.1766 -0.3091 0.0984, -0.1712 -0.3092 0.0984, -0.1712 -0.3092 0.1024, -0.1434 -0.3131 0.0984, -0.1434 -0.3131 0.1024, -0.2689 -0.4062 0.1024, -0.2689 -0.4062 0.0984, -0.2669 -0.3832 0.0984, -0.2669 -0.3832 0.1024, -0.2608 -0.3621 0.0984, -0.2608 -0.3621 0.1024, -0.2503 -0.3436 0.0984, -0.2503 -0.3436 0.1024, -0.2359 -0.3284 0.0984, -0.2359 -0.3284 0.1024, -0.2199 -0.3181 0.0984, -0.2199 -0.3181 0.1024, -0.2008 -0.3116 0.0984, -0.2008 -0.3116 0.1024, -0.1688 -0.5107 0.1024, -0.1688 -0.5107 0.0984, -0.1895 -0.5089 0.1024, -0.1827 -0.5095 0.0984, -0.1895 -0.5089 0.0984, -0.2111 -0.5024 0.0984, -0.2111 -0.5024 0.1024, -0.2295 -0.4917 0.0984, -0.2295 -0.4917 0.1024, -0.2467 -0.4752 0.0984, -0.2467 -0.4752 0.1024, -0.2585 -0.4566 0.0984, -0.2585 -0.4566 0.1024, -0.266 -0.4341 0.0984, -0.266 -0.4341 0.1024, -0.1514 -0.5095 0.0984, -0.1452 -0.5091 0.1024, -0.1452 -0.5091 0.0984, -0.1224 -0.5029 0.1024, -0.1224 -0.5029 0.0984, -0.1224 -0.4765 0.1024, -0.1224 -0.4765 0.0984, -0.1685 -0.4891 0.1024, -0.1685 -0.4891 0.0984, -0.1446 -0.486 0.0984, -0.1446 -0.486 0.1024, -0.2425 -0.4078 0.1024, -0.2425 -0.4078 0.0984, -0.2416 -0.4226 0.0984, -0.2416 -0.4226 0.1024, -0.2364 -0.4439 0.0984, -0.2364 -0.4439 0.1024, -0.2283 -0.4591 0.0984, -0.2283 -0.4591 0.1024, -0.2165 -0.4723 0.0984, -0.2165 -0.4723 0.1024, -0.2026 -0.4816 0.0984, -0.2026 -0.4816 0.1024, -0.1879 -0.4869 0.0984, -0.1879 -0.4869 0.1024, -0.173 -0.3307 0.1024, -0.173 -0.3307 0.0984, -0.1912 -0.3327 0.0984, -0.1912 -0.3327 0.1024, -0.2057 -0.338 0.0984, -0.2057 -0.338 0.1024, -0.2178 -0.3462 0.0984, -0.2178 -0.3462 0.1024, -0.2269 -0.3559 0.0984, -0.2269 -0.3559 0.1024, -0.2351 -0.3696 0.0984, -0.2351 -0.3696 0.1024, -0.2405 -0.3865 0.0984, -0.2405 -0.3865 0.1024, -0.126 -0.3413 0.0984, -0.126 -0.3413 0.1024, -0.1468 -0.3336 0.0984, -0.1468 -0.3336 0.1024, -0.2857 -0.3331 0.1024, -0.2857 -0.3115 0.1024, -0.2857 -0.3331 0.0984, -0.2857 -0.3115 0.0984, -0.3865 -0.3115 0.1024, -0.3865 -0.3115 0.0984, -0.3865 -0.5083 0.1024, -0.3865 -0.5083 0.0984, -0.3601 -0.5083 0.1024, -0.3601 -0.5083 0.0984, -0.3601 -0.3331 0.1024, -0.3601 -0.3331 0.0984
            ]
        }
        coordIndex [
            0,1,2,-1,2,1,3,-1,1,4,3,-1,3,4,5,-1,4,6,5,-1,5,6,7,-1,6,8,7,-1,7,8,9,-1,8,10,9,-1,9,10,11,-1,10,12,11,-1,11,12,13,-1,12,14,13,-1,13,14,15,-1,14,0,15,-1,15,0,2,-1,16,8,17,-1,17,8,6,-1,18,14,16,-1,16,14,12,-1,16,12,8,-1,8,12,10,-1,18,19,14,-1,14,19,20,-1,14,20,0,-1,0,20,21,-1,0,21,22,-1,22,23,0,-1,0,23,17,-1,0,17,1,-1,1,17,6,-1,1,6,4,-1,16,17,24,-1,24,17,25,-1,18,16,26,-1,26,16,24,-1,18,26,27,-1,18,27,19,-1,19,27,28,-1,19,28,20,-1,21,20,29,-1,29,20,28,-1,21,29,30,-1,21,30,22,-1,22,30,31,-1,22,31,23,-1,17,23,25,-1,25,23,31,-1,32,33,34,-1,34,33,35,-1,33,36,35,-1,35,36,37,-1,36,38,37,-1,37,38,39,-1,40,41,42,-1,40,42,43,-1,43,42,44,-1,43,44,45,-1,45,44,46,-1,45,46,47,-1,47,46,48,-1,47,48,49,-1,49,48,50,-1,49,50,51,-1,51,50,52,-1,51,52,53,-1,53,52,54,-1,53,54,55,-1,55,54,39,-1,55,39,38,-1,32,34,56,-1,32,56,57,-1,57,56,58,-1,57,58,59,-1,59,58,60,-1,59,60,61,-1,61,60,62,-1,61,62,63,-1,63,62,64,-1,63,64,65,-1,65,64,66,-1,65,66,67,-1,67,66,41,-1,67,41,40,-1,67,40,68,-1,68,40,43,-1,68,43,69,-1,69,43,45,-1,69,45,70,-1,70,45,47,-1,70,47,71,-1,71,47,49,-1,71,49,72,-1,72,49,51,-1,72,51,73,-1,73,51,53,-1,73,53,74,-1,74,53,55,-1,74,55,75,-1,75,55,38,-1,75,38,76,-1,76,38,36,-1,76,36,77,-1,77,36,33,-1,77,33,78,-1,78,33,32,-1,78,32,79,-1,79,32,57,-1,79,57,80,-1,80,57,59,-1,80,59,81,-1,81,59,61,-1,81,61,82,-1,82,61,63,-1,82,63,83,-1,83,63,65,-1,83,65,84,-1,84,65,67,-1,84,67,68,-1,75,76,85,-1,85,76,86,-1,75,85,87,-1,75,87,74,-1,74,87,88,-1,74,88,73,-1,73,88,89,-1,73,89,72,-1,72,89,90,-1,72,90,71,-1,71,90,91,-1,71,91,70,-1,70,91,92,-1,70,92,69,-1,69,92,93,-1,69,93,68,-1,68,93,94,-1,68,94,84,-1,84,94,95,-1,84,95,83,-1,83,95,96,-1,83,96,82,-1,82,96,97,-1,82,97,81,-1,81,97,98,-1,81,98,80,-1,80,98,99,-1,80,99,79,-1,79,99,100,-1,79,100,78,-1,77,78,101,-1,101,78,100,-1,76,77,86,-1,86,77,101,-1,102,103,104,-1,104,103,105,-1,103,106,105,-1,105,106,107,-1,106,108,107,-1,107,108,109,-1,108,110,109,-1,109,110,111,-1,110,112,111,-1,111,112,113,-1,112,114,113,-1,113,114,115,-1,114,116,115,-1,115,116,117,-1,116,118,117,-1,117,118,119,-1,118,120,119,-1,119,120,121,-1,120,122,121,-1,121,122,123,-1,122,124,123,-1,123,124,125,-1,124,102,125,-1,125,102,104,-1,106,103,102,-1,102,124,106,-1,106,124,122,-1,106,122,108,-1,112,110,114,-1,114,110,108,-1,114,108,116,-1,116,108,122,-1,116,122,118,-1,118,122,120,-1,126,127,128,-1,128,127,129,-1,130,131,132,-1,130,132,133,-1,133,132,134,-1,133,134,135,-1,135,134,129,-1,135,129,127,-1,136,137,138,-1,136,138,139,-1,139,138,140,-1,139,140,141,-1,141,140,142,-1,141,142,143,-1,143,142,144,-1,143,144,145,-1,145,144,146,-1,145,146,147,-1,147,146,148,-1,147,148,149,-1,149,148,131,-1,149,131,130,-1,150,151,152,-1,152,151,153,-1,153,154,152,-1,152,154,155,-1,152,155,156,-1,156,155,157,-1,156,157,158,-1,158,157,159,-1,158,159,160,-1,160,159,161,-1,160,161,162,-1,162,161,163,-1,162,163,164,-1,164,163,137,-1,164,137,136,-1,151,150,165,-1,165,150,166,-1,165,166,167,-1,167,166,168,-1,167,168,169,-1,168,170,169,-1,169,170,171,-1,172,173,174,-1,172,174,175,-1,175,174,171,-1,175,171,170,-1,176,177,178,-1,176,178,179,-1,179,178,180,-1,179,180,181,-1,181,180,182,-1,181,182,183,-1,183,182,184,-1,183,184,185,-1,185,184,186,-1,185,186,187,-1,187,186,188,-1,187,188,189,-1,189,188,173,-1,189,173,172,-1,190,191,192,-1,190,192,193,-1,193,192,194,-1,193,194,195,-1,195,194,196,-1,195,196,197,-1,197,196,198,-1,197,198,199,-1,199,198,200,-1,199,200,201,-1,201,200,202,-1,201,202,203,-1,203,202,177,-1,203,177,176,-1,126,128,204,-1,126,204,205,-1,205,204,206,-1,205,206,207,-1,207,206,191,-1,207,191,190,-1,193,130,190,-1,190,130,133,-1,190,133,207,-1,207,133,135,-1,207,135,205,-1,205,135,127,-1,205,127,126,-1,170,168,175,-1,175,168,166,-1,175,166,172,-1,172,166,150,-1,172,150,189,-1,189,150,152,-1,189,152,187,-1,187,152,156,-1,187,156,185,-1,185,156,158,-1,185,158,183,-1,183,158,160,-1,183,160,181,-1,181,160,162,-1,181,162,179,-1,179,162,164,-1,179,164,176,-1,176,164,136,-1,176,136,203,-1,203,136,139,-1,203,139,201,-1,201,139,141,-1,201,141,199,-1,199,141,143,-1,199,143,197,-1,197,143,145,-1,197,145,195,-1,195,145,147,-1,195,147,193,-1,193,147,149,-1,193,149,130,-1,208,209,210,-1,210,209,211,-1,209,212,211,-1,211,212,213,-1,212,214,213,-1,213,214,215,-1,214,216,215,-1,215,216,217,-1,216,218,217,-1,217,218,219,-1,218,208,219,-1,219,208,210,-1,216,214,218,-1,218,214,212,-1,218,212,208,-1,208,212,209,-1,
        ]
    }
}
Shape{
    appearance Appearance {
        material  Material 	{
            diffuseColor 0.6470588235294118 0.6196078431372549 0.5882352941176471
            specularColor 0.45098039215686275 0.43529411764705883 0.4117647058823529
            ambientIntensity 0.6242
            transparency 0.0
            shininess 0.5
        }
    }
    geometry IndexedFaceSet {
        ccw TRUE
        solid FALSE
        coord DEF co Coordinate {
            point [
                0.2871 -0.3883 0.0984, 0.3529 -0.3883 0.0984, 0.3165 -0.4705 0.0984, 0.3233 -0.4705 0.0984, 0.3183 -0.4773 0.0984, 0.3215 -0.4774 0.0984, 0.3196 -0.4843 0.0984, 0.3203 -0.4843 0.0984, 0.0864 -0.4867 0.0984, 0.0864 -0.3331 0.0984, 0.1155 -0.4867 0.0984, 0.1144 -0.3331 0.0984, 0.1896 -0.3881 0.0984, 0.192 -0.4118 0.0984, 0.1904 -0.4314 0.0984, 0.1858 -0.447 0.0984, 0.1389 -0.4842 0.0984, 0.1352 -0.335 0.0984, 0.1517 -0.3402 0.0984, 0.165 -0.3481 0.0984, 0.179 -0.459 0.0984, 0.1695 -0.4692 0.0984, 0.1551 -0.4785 0.0984, 0.1762 -0.359 0.0984, 0.1844 -0.3725 0.0984
            ]
        }
        coordIndex [
            0,1,2,-1,2,1,3,-1,2,3,4,-1,4,3,5,-1,4,5,6,-1,6,5,7,-1,8,9,10,-1,10,9,11,-1,12,13,10,-1,13,14,10,-1,10,14,15,-1,10,15,16,-1,11,17,10,-1,10,17,18,-1,10,18,19,-1,20,21,15,-1,15,21,22,-1,15,22,16,-1,19,23,10,-1,10,23,24,-1,10,24,12,-1,
        ]
    }
}