#VRML V2.0 utf8
# 3D model generated by easyeda2kicad.py (https://github.com/uPesy/easyeda2kicad.py)

Shape{
    appearance Appearance {
        material  Material 	{
            diffuseColor 0.2980392156862745 0.2980392156862745 0.2980392156862745
            specularColor 0.09019607843137255 0.09019607843137255 0.09019607843137255
            ambientIntensity 0.298
            transparency 0.0
            shininess 0.5
        }
    }
    geometry IndexedFaceSet {
        ccw TRUE
        solid FALSE
        coord DEF co Coordinate {
            point [
                -0.8662 -0.6301 0.1772, -0.9843 -0.512 0.2953, -0.8662 -0.6301 0.0984, -0.9843 -0.512 0.0197, -0.6693 -0.8269 0.0984, -0.5118 -0.9844 0.0197, -0.6693 -0.8269 0.1772, -0.5118 -0.9844 0.2953, -0.6693 0.8266 0.1772, -0.5118 0.9841 0.2953, -0.6693 0.8266 0.0984, -0.5118 0.9841 0.0197, -0.8662 0.6297 0.0984, -0.9843 0.5116 0.0197, -0.8662 0.6297 0.1772, -0.9843 0.5116 0.2953, 0.5118 0.9841 0.2953, 0.5118 0.9841 0.0197, 0.5118 -0.9844 0.2953, 0.5118 -0.9844 0.0197, 0.8661 -0.6301 0.1772, 0.9842 -0.512 0.2953, 0.6693 -0.8269 0.1772, 0.6693 -0.8269 0.0984, 0.8661 -0.6301 0.0984, 0.9842 -0.512 0.0197, 0.9842 0.5116 0.2953, 0.9842 0.5116 0.0197, 0.6693 0.8266 0.1772, 0.8661 0.6297 0.1772, 0.8661 0.6297 0.0984, 0.6693 0.8266 0.0984
            ]
        }
        coordIndex [
            0,1,2,-1,2,1,3,-1,2,3,4,-1,4,3,5,-1,4,5,6,-1,6,5,7,-1,6,7,0,-1,0,7,1,-1,8,9,10,-1,10,9,11,-1,10,11,12,-1,12,11,13,-1,12,13,14,-1,14,13,15,-1,14,15,8,-1,8,15,9,-1,9,16,11,-1,11,16,17,-1,1,15,3,-1,3,15,13,-1,18,7,19,-1,19,7,5,-1,20,21,22,-1,22,21,18,-1,22,18,23,-1,23,18,19,-1,23,19,24,-1,24,19,25,-1,24,25,20,-1,20,25,21,-1,26,21,27,-1,27,21,25,-1,28,16,29,-1,29,16,26,-1,29,26,30,-1,30,26,27,-1,30,27,31,-1,31,27,17,-1,31,17,28,-1,28,17,16,-1,7,18,1,-1,1,18,21,-1,1,21,15,-1,15,21,26,-1,15,26,9,-1,9,26,16,-1,25,19,27,-1,27,19,5,-1,27,5,17,-1,17,5,3,-1,17,3,11,-1,11,3,13,-1,
        ]
    }
}
Shape{
    appearance Appearance {
        material  Material 	{
            diffuseColor 0.7686274509803922 0.7686274509803922 0.7686274509803922
            specularColor 0.615686274509804 0.615686274509804 0.615686274509804
            ambientIntensity 0.7686
            transparency 0.0
            shininess 0.5
        }
    }
    geometry IndexedFaceSet {
        ccw TRUE
        solid FALSE
        coord DEF co Coordinate {
            point [
                1.0148 0.8266 0.0984, 1.0148 0.6297 0.0984, 0.6693 0.8266 0.0984, 0.8661 0.6297 0.0984, 1.0148 0.8266 0.1772, 0.6693 0.8266 0.1772, 1.0148 0.6297 0.1772, 0.8661 0.6297 0.1772, 1.2795 0.8266 0.0787, 1.2795 0.8266 0.0, 1.1899 0.8266 0.0787, 1.1899 0.8266 0.0, 1.2795 0.6297 0.0787, 1.1899 0.6297 0.0787, 1.2795 0.6297 0.0, 1.1899 0.6297 0.0, 1.1809 0.8266 0.0798, 1.1628 0.8266 0.0032, 1.1723 0.8266 0.0829, 1.1371 0.8266 0.0124, 1.1647 0.8266 0.0879, 1.1143 0.8266 0.0274, 1.1647 0.6297 0.0879, 1.1723 0.6297 0.0829, 1.1809 0.6297 0.0798, 1.1143 0.6297 0.0274, 1.1371 0.6297 0.0124, 1.1628 0.6297 0.0032, 1.0904 0.8266 0.1498, 1.04 0.8266 0.0893, 1.0904 0.6297 0.1498, 1.04 0.6297 0.0893, 1.0238 0.8266 0.0974, 1.0419 0.8266 0.174, 1.0324 0.8266 0.0943, 1.0676 0.8266 0.1647, 1.0676 0.6297 0.1647, 1.0419 0.6297 0.174, 1.0324 0.6297 0.0943, 1.0238 0.6297 0.0974, 1.0148 -0.6301 0.0984, 1.0148 -0.8269 0.0984, 0.8661 -0.6301 0.0984, 0.6693 -0.8269 0.0984, 1.0148 -0.6301 0.1772, 0.8661 -0.6301 0.1772, 1.0148 -0.8269 0.1772, 0.6693 -0.8269 0.1772, 1.2795 -0.6301 0.0787, 1.2795 -0.6301 0.0, 1.1899 -0.6301 0.0787, 1.1899 -0.6301 0.0, 1.2795 -0.8269 0.0787, 1.1899 -0.8269 0.0787, 1.2795 -0.8269 0.0, 1.1899 -0.8269 0.0, 1.1809 -0.6301 0.0798, 1.1628 -0.6301 0.0032, 1.1723 -0.6301 0.0829, 1.1371 -0.6301 0.0124, 1.1647 -0.6301 0.0879, 1.1143 -0.6301 0.0274, 1.1647 -0.8269 0.0879, 1.1723 -0.8269 0.0829, 1.1809 -0.8269 0.0798, 1.1143 -0.8269 0.0274, 1.1371 -0.8269 0.0124, 1.1628 -0.8269 0.0032, 1.0904 -0.6301 0.1498, 1.04 -0.6301 0.0893, 1.0904 -0.8269 0.1498, 1.04 -0.8269 0.0893, 1.0238 -0.6301 0.0974, 1.0419 -0.6301 0.174, 1.0324 -0.6301 0.0943, 1.0676 -0.6301 0.1647, 1.0676 -0.8269 0.1647, 1.0419 -0.8269 0.174, 1.0324 -0.8269 0.0943, 1.0238 -0.8269 0.0974, -0.8662 0.6297 0.0984, -1.0148 0.6297 0.0984, -0.6693 0.8266 0.0984, -1.0148 0.8266 0.0984, -0.8662 0.6297 0.1772, -1.0148 0.6297 0.1772, -0.6693 0.8266 0.1772, -1.0148 0.8266 0.1772, -1.2795 0.6297 0.0787, -1.2795 0.6297 0.0, -1.1899 0.6297 0.0787, -1.1899 0.6297 0.0, -1.2795 0.8266 0.0787, -1.1899 0.8266 0.0787, -1.2795 0.8266 0.0, -1.1899 0.8266 0.0, -1.1809 0.6297 0.0798, -1.1628 0.6297 0.0032, -1.1723 0.6297 0.0829, -1.1372 0.6297 0.0124, -1.1647 0.6297 0.0879, -1.1143 0.6297 0.0274, -1.1647 0.8266 0.0879, -1.1723 0.8266 0.0829, -1.1809 0.8266 0.0798, -1.1143 0.8266 0.0274, -1.1372 0.8266 0.0124, -1.1628 0.8266 0.0032, -1.0904 0.6297 0.1498, -1.04 0.6297 0.0893, -1.0904 0.8266 0.1498, -1.04 0.8266 0.0893, -1.0238 0.6297 0.0974, -1.0419 0.6297 0.174, -1.0324 0.6297 0.0943, -1.0676 0.6297 0.1647, -1.0676 0.8266 0.1647, -1.0419 0.8266 0.174, -1.0324 0.8266 0.0943, -1.0238 0.8266 0.0974, -0.6693 -0.8269 0.0984, -1.0148 -0.8269 0.0984, -0.8662 -0.6301 0.0984, -1.0148 -0.6301 0.0984, -0.6693 -0.8269 0.1772, -1.0148 -0.8269 0.1772, -0.8662 -0.6301 0.1772, -1.0148 -0.6301 0.1772, -1.2795 -0.8269 0.0787, -1.2795 -0.8269 0.0, -1.1899 -0.8269 0.0787, -1.1899 -0.8269 0.0, -1.2795 -0.6301 0.0787, -1.1899 -0.6301 0.0787, -1.2795 -0.6301 0.0, -1.1899 -0.6301 0.0, -1.1809 -0.8269 0.0798, -1.1628 -0.8269 0.0032, -1.1723 -0.8269 0.0829, -1.1372 -0.8269 0.0124, -1.1647 -0.8269 0.0879, -1.1143 -0.8269 0.0274, -1.1647 -0.6301 0.0879, -1.1723 -0.6301 0.0829, -1.1809 -0.6301 0.0798, -1.1143 -0.6301 0.0274, -1.1372 -0.6301 0.0124, -1.1628 -0.6301 0.0032, -1.0904 -0.8269 0.1498, -1.04 -0.8269 0.0893, -1.0904 -0.6301 0.1498, -1.04 -0.6301 0.0893, -1.0238 -0.8269 0.0974, -1.0419 -0.8269 0.174, -1.0324 -0.8269 0.0943, -1.0676 -0.8269 0.1647, -1.0676 -0.6301 0.1647, -1.0419 -0.6301 0.174, -1.0324 -0.6301 0.0943, -1.0238 -0.6301 0.0974
            ]
        }
        coordIndex [
            0,1,2,-1,2,1,3,-1,4,0,5,-1,5,0,2,-1,6,4,7,-1,7,4,5,-1,1,6,3,-1,3,6,7,-1,8,9,10,-1,10,9,11,-1,12,8,13,-1,13,8,10,-1,14,12,15,-1,15,12,13,-1,9,14,11,-1,11,14,15,-1,10,11,16,-1,16,11,17,-1,16,17,18,-1,18,17,19,-1,18,19,20,-1,20,19,21,-1,20,22,18,-1,18,22,23,-1,18,23,16,-1,16,23,24,-1,16,24,10,-1,10,24,13,-1,22,25,23,-1,23,25,26,-1,23,26,24,-1,24,26,27,-1,24,27,13,-1,13,27,15,-1,11,15,27,-1,11,27,17,-1,17,27,26,-1,17,26,19,-1,19,26,25,-1,19,25,21,-1,20,21,28,-1,28,21,29,-1,22,20,30,-1,30,20,28,-1,25,22,31,-1,31,22,30,-1,21,25,29,-1,29,25,31,-1,0,4,32,-1,32,4,33,-1,32,33,34,-1,34,33,35,-1,34,35,29,-1,29,35,28,-1,30,28,35,-1,30,35,36,-1,36,35,33,-1,36,33,37,-1,37,33,4,-1,37,4,6,-1,31,30,38,-1,38,30,36,-1,38,36,39,-1,39,36,37,-1,39,37,1,-1,1,37,6,-1,1,0,39,-1,39,0,32,-1,39,32,38,-1,38,32,34,-1,38,34,31,-1,31,34,29,-1,8,12,9,-1,9,12,14,-1,40,41,42,-1,42,41,43,-1,44,40,45,-1,45,40,42,-1,46,44,47,-1,47,44,45,-1,41,46,43,-1,43,46,47,-1,48,49,50,-1,50,49,51,-1,52,48,53,-1,53,48,50,-1,54,52,55,-1,55,52,53,-1,49,54,51,-1,51,54,55,-1,50,51,56,-1,56,51,57,-1,56,57,58,-1,58,57,59,-1,58,59,60,-1,60,59,61,-1,60,62,58,-1,58,62,63,-1,58,63,56,-1,56,63,64,-1,56,64,50,-1,50,64,53,-1,62,65,63,-1,63,65,66,-1,63,66,64,-1,64,66,67,-1,64,67,53,-1,53,67,55,-1,51,55,67,-1,51,67,57,-1,57,67,66,-1,57,66,59,-1,59,66,65,-1,59,65,61,-1,60,61,68,-1,68,61,69,-1,62,60,70,-1,70,60,68,-1,65,62,71,-1,71,62,70,-1,61,65,69,-1,69,65,71,-1,40,44,72,-1,72,44,73,-1,72,73,74,-1,74,73,75,-1,74,75,69,-1,69,75,68,-1,70,68,75,-1,70,75,76,-1,76,75,73,-1,76,73,77,-1,77,73,44,-1,77,44,46,-1,71,70,78,-1,78,70,76,-1,78,76,79,-1,79,76,77,-1,79,77,41,-1,41,77,46,-1,41,40,79,-1,79,40,72,-1,79,72,78,-1,78,72,74,-1,78,74,71,-1,71,74,69,-1,48,52,49,-1,49,52,54,-1,80,81,82,-1,82,81,83,-1,84,85,80,-1,80,85,81,-1,86,87,84,-1,84,87,85,-1,82,83,86,-1,86,83,87,-1,88,89,90,-1,90,89,91,-1,92,88,93,-1,93,88,90,-1,94,92,95,-1,95,92,93,-1,89,94,91,-1,91,94,95,-1,90,91,96,-1,96,91,97,-1,96,97,98,-1,98,97,99,-1,98,99,100,-1,100,99,101,-1,100,102,98,-1,98,102,103,-1,98,103,96,-1,96,103,104,-1,96,104,90,-1,90,104,93,-1,102,105,103,-1,103,105,106,-1,103,106,104,-1,104,106,107,-1,104,107,93,-1,93,107,95,-1,91,95,107,-1,91,107,97,-1,97,107,106,-1,97,106,99,-1,99,106,105,-1,99,105,101,-1,100,101,108,-1,108,101,109,-1,102,100,110,-1,110,100,108,-1,105,102,111,-1,111,102,110,-1,101,105,109,-1,109,105,111,-1,81,85,112,-1,112,85,113,-1,112,113,114,-1,114,113,115,-1,114,115,109,-1,109,115,108,-1,110,108,115,-1,110,115,116,-1,116,115,113,-1,116,113,117,-1,117,113,85,-1,117,85,87,-1,111,110,118,-1,118,110,116,-1,118,116,119,-1,119,116,117,-1,119,117,83,-1,83,117,87,-1,83,81,119,-1,119,81,112,-1,119,112,118,-1,118,112,114,-1,118,114,111,-1,111,114,109,-1,88,92,89,-1,89,92,94,-1,120,121,122,-1,122,121,123,-1,124,125,120,-1,120,125,121,-1,126,127,124,-1,124,127,125,-1,122,123,126,-1,126,123,127,-1,128,129,130,-1,130,129,131,-1,132,128,133,-1,133,128,130,-1,134,132,135,-1,135,132,133,-1,129,134,131,-1,131,134,135,-1,130,131,136,-1,136,131,137,-1,136,137,138,-1,138,137,139,-1,138,139,140,-1,140,139,141,-1,140,142,138,-1,138,142,143,-1,138,143,136,-1,136,143,144,-1,136,144,130,-1,130,144,133,-1,142,145,143,-1,143,145,146,-1,143,146,144,-1,144,146,147,-1,144,147,133,-1,133,147,135,-1,131,135,147,-1,131,147,137,-1,137,147,146,-1,137,146,139,-1,139,146,145,-1,139,145,141,-1,140,141,148,-1,148,141,149,-1,142,140,150,-1,150,140,148,-1,145,142,151,-1,151,142,150,-1,141,145,149,-1,149,145,151,-1,121,125,152,-1,152,125,153,-1,152,153,154,-1,154,153,155,-1,154,155,149,-1,149,155,148,-1,150,148,155,-1,150,155,156,-1,156,155,153,-1,156,153,157,-1,157,153,125,-1,157,125,127,-1,151,150,158,-1,158,150,156,-1,158,156,159,-1,159,156,157,-1,159,157,123,-1,123,157,127,-1,123,121,159,-1,159,121,152,-1,159,152,158,-1,158,152,154,-1,158,154,151,-1,151,154,149,-1,128,132,129,-1,129,132,134,-1,
        ]
    }
}
Shape{
    appearance Appearance {
        material  Material 	{
            diffuseColor 0.9490196078431372 0.7607843137254902 0.1803921568627451
            specularColor 0.7607843137254902 0.6078431372549019 0.1450980392156863
            ambientIntensity 0.7509
            transparency 0.0
            shininess 0.5
        }
    }
    geometry IndexedFaceSet {
        ccw TRUE
        solid FALSE
        coord DEF co Coordinate {
            point [
                0.3937 -0.0002 0.4134, 0.3929 -0.0254 0.4134, -0.0 -0.0002 0.4134, 0.3929 0.025 0.4134, 0.3547 0.1706 0.4134, 0.3736 0.1239 0.4134, 0.3864 0.0751 0.4134, 0.2647 0.2913 0.4134, 0.2998 0.255 0.4134, 0.3299 0.2146 0.4134, 0.136 0.3693 0.4134, 0.1821 0.3489 0.4134, 0.2252 0.3227 0.4134, -0.0126 0.3933 0.4134, 0.0378 0.3917 0.4134, 0.0876 0.3837 0.4134, -0.1594 0.3598 0.4134, -0.112 0.3773 0.4134, -0.0628 0.3885 0.4134, -0.2828 0.2737 0.4134, -0.2455 0.3076 0.4134, -0.2041 0.3365 0.4134, -0.3649 0.1476 0.4134, -0.343 0.193 0.4134, -0.3155 0.2353 0.4134, -0.3937 -0.0002 0.4134, -0.3905 0.0502 0.4134, -0.3808 0.0997 0.4134, -0.3649 -0.1479 0.4134, -0.3808 -0.1 0.4134, -0.3905 -0.0505 0.4134, -0.2828 -0.2741 0.4134, -0.3155 -0.2357 0.4134, -0.343 -0.1934 0.4134, -0.1594 -0.3602 0.4134, -0.2041 -0.3368 0.4134, -0.2455 -0.308 0.4134, -0.0126 -0.3937 0.4134, -0.0628 -0.3888 0.4134, -0.112 -0.3776 0.4134, 0.136 -0.3697 0.4134, 0.0876 -0.384 0.4134, 0.0378 -0.3921 0.4134, 0.2647 -0.2916 0.4134, 0.2252 -0.3231 0.4134, 0.1821 -0.3492 0.4134, 0.3547 -0.171 0.4134, 0.3299 -0.215 0.4134, 0.2998 -0.2554 0.4134, 0.3864 -0.0754 0.4134, 0.3736 -0.1242 0.4134, -0.392 -0.0365 1.1614, -0.387 -0.0725 1.1614, -0.3901 -0.0505 1.1614, -0.3647 -0.1478 1.1614, -0.3671 -0.1424 1.1614, -0.3787 -0.1079 1.1614, -0.3806 -0.1 1.1614, -0.3524 -0.1757 1.1614, -0.3427 -0.1932 1.1614, -0.3347 -0.2074 1.1614, -0.3154 -0.2356 1.1614, -0.3142 -0.2374 1.1614, -0.291 -0.2654 1.1614, -0.2652 -0.2911 1.1614, -0.2826 -0.2738 1.1614, -0.2073 -0.3349 1.1614, -0.2373 -0.3144 1.1614, -0.2453 -0.3077 1.1614, -0.204 -0.3367 1.1614, -0.1755 -0.3526 1.1614, -0.1592 -0.3598 1.1614, -0.1422 -0.3673 1.1614, -0.112 -0.3774 1.1614, -0.1078 -0.3788 1.1614, -0.0724 -0.3872 1.1614, -0.0 -0.3939 1.1614, -0.0126 -0.3933 1.1614, -0.0363 -0.3922 1.1614, -0.0628 -0.3885 1.1614, 0.0723 -0.3872 1.1614, 0.0378 -0.392 1.1614, 0.0363 -0.3922 1.1614, 0.1077 -0.3788 1.1614, 0.0875 -0.3836 1.1614, 0.182 -0.349 1.1614, 0.1755 -0.3526 1.1614, 0.1422 -0.3673 1.1614, 0.1359 -0.3694 1.1614, 0.2072 -0.3349 1.1614, 0.225 -0.3227 1.1614, 0.2372 -0.3144 1.1614, 0.2647 -0.2916 1.1614, 0.2652 -0.2911 1.1614, 0.2909 -0.2654 1.1614, 0.3142 -0.2374 1.1614, 0.2995 -0.2551 1.1614, 0.3545 -0.1709 1.1614, 0.3524 -0.1757 1.1614, 0.3347 -0.2074 1.1614, 0.3297 -0.2148 1.1614, 0.3671 -0.1424 1.1614, 0.3732 -0.1241 1.1614, 0.3787 -0.1079 1.1614, 0.3863 -0.0754 1.1614, 0.387 -0.0725 1.1614, 0.392 -0.0365 1.1614, 0.387 0.0722 1.1614, 0.392 0.0361 1.1614, 0.3925 0.025 1.1614, 0.3937 -0.0002 1.1614, 0.3925 -0.0254 1.1614, 0.3863 0.0751 1.1614, 0.3787 0.1076 1.1614, 0.3732 0.1237 1.1614, 0.3671 0.142 1.1614, 0.3545 0.1706 1.1614, 0.3524 0.1753 1.1614, 0.3347 0.2071 1.1614, 0.2909 0.2651 1.1614, 0.2995 0.2548 1.1614, 0.3142 0.2371 1.1614, 0.3297 0.2144 1.1614, 0.2372 0.314 1.1614, 0.2647 0.2912 1.1614, 0.2652 0.2908 1.1614, 0.2072 0.3346 1.1614, 0.225 0.3224 1.1614, 0.1359 0.3691 1.1614, 0.1422 0.3669 1.1614, 0.1755 0.3522 1.1614, 0.182 0.3486 1.1614, 0.1077 0.3785 1.1614, 0.0875 0.3833 1.1614, 0.0723 0.3868 1.1614, 0.0378 0.3916 1.1614, 0.0363 0.3918 1.1614, -0.0 0.3935 1.1614, -0.0363 0.3918 1.1614, -0.0126 0.3929 1.1614, -0.112 0.3771 1.1614, -0.1078 0.3785 1.1614, -0.0724 0.3868 1.1614, -0.0628 0.3882 1.1614, -0.1422 0.3669 1.1614, -0.1592 0.3594 1.1614, -0.1755 0.3522 1.1614, -0.204 0.3364 1.1614, -0.2073 0.3346 1.1614, -0.2373 0.314 1.1614, -0.2652 0.2908 1.1614, -0.2453 0.3074 1.1614, -0.3142 0.2371 1.1614, -0.291 0.2651 1.1614, -0.2826 0.2735 1.1614, -0.3154 0.2352 1.1614, -0.3347 0.2071 1.1614, -0.3427 0.1928 1.1614, -0.3524 0.1753 1.1614, -0.3647 0.1475 1.1614, -0.3671 0.142 1.1614, -0.3787 0.1076 1.1614, -0.387 0.0722 1.1614, -0.3806 0.0996 1.1614, -0.3937 -0.0002 1.1614, -0.392 0.0361 1.1614, -0.3901 0.0501 1.1614, -0.3543 -0.0002 1.2008, -0.3528 -0.0329 1.2008, -0.0 -0.0002 1.2008, -0.3528 0.0325 1.2008, -0.3304 0.1278 1.2008, -0.3408 0.0968 1.2008, -0.3483 0.0649 1.2008, -0.2828 0.2134 1.2008, -0.3013 0.1864 1.2008, -0.3172 0.1578 1.2008, -0.2135 0.2826 1.2008, -0.2387 0.2617 1.2008, -0.2619 0.2385 1.2008, -0.128 0.3302 1.2008, -0.1579 0.317 1.2008, -0.1865 0.3011 1.2008, -0.0327 0.3526 1.2008, -0.0651 0.3481 1.2008, -0.097 0.3406 1.2008, 0.0651 0.3481 1.2008, 0.0327 0.3526 1.2008, -0.0 0.3542 1.2008, 0.1579 0.317 1.2008, 0.128 0.3302 1.2008, 0.097 0.3406 1.2008, 0.2387 0.2617 1.2008, 0.2135 0.2826 1.2008, 0.1865 0.3011 1.2008, 0.3012 0.1864 1.2008, 0.2828 0.2134 1.2008, 0.2618 0.2385 1.2008, 0.3408 0.0968 1.2008, 0.3304 0.1278 1.2008, 0.3172 0.1578 1.2008, 0.3543 -0.0002 1.2008, 0.3528 0.0325 1.2008, 0.3483 0.0649 1.2008, 0.3408 -0.0971 1.2008, 0.3483 -0.0653 1.2008, 0.3528 -0.0329 1.2008, 0.3012 -0.1867 1.2008, 0.3172 -0.1581 1.2008, 0.3304 -0.1282 1.2008, 0.2387 -0.262 1.2008, 0.2618 -0.2389 1.2008, 0.2828 -0.2137 1.2008, 0.1579 -0.3174 1.2008, 0.1865 -0.3014 1.2008, 0.2135 -0.2829 1.2008, 0.0651 -0.3485 1.2008, 0.097 -0.341 1.2008, 0.128 -0.3306 1.2008, -0.0327 -0.353 1.2008, -0.0 -0.3545 1.2008, 0.0327 -0.353 1.2008, -0.128 -0.3306 1.2008, -0.097 -0.341 1.2008, -0.0651 -0.3485 1.2008, -0.2135 -0.2829 1.2008, -0.1865 -0.3014 1.2008, -0.1579 -0.3174 1.2008, -0.2828 -0.2137 1.2008, -0.2619 -0.2389 1.2008, -0.2387 -0.262 1.2008, -0.3304 -0.1282 1.2008, -0.3172 -0.1581 1.2008, -0.3013 -0.1867 1.2008, -0.3483 -0.0653 1.2008, -0.3408 -0.0971 1.2008, -0.3336 -0.2067 1.1716, -0.3512 -0.1751 1.1716, -0.3659 -0.1419 1.1716, -0.3774 -0.1076 1.1716, -0.3131 -0.2366 1.1716, -0.29 -0.2645 1.1716, -0.2643 -0.2901 1.1716, -0.2365 -0.3133 1.1716, -0.2066 -0.3338 1.1716, -0.1749 -0.3514 1.1716, -0.1417 -0.366 1.1716, -0.1074 -0.3776 1.1716, -0.0721 -0.3859 1.1716, -0.0362 -0.3909 1.1716, -0.0 -0.3925 1.1716, 0.0362 -0.3909 1.1716, 0.0721 -0.3859 1.1716, 0.1074 -0.3776 1.1716, 0.1417 -0.366 1.1716, 0.1749 -0.3514 1.1716, 0.2065 -0.3338 1.1716, 0.2364 -0.3133 1.1716, 0.2643 -0.2901 1.1716, 0.2899 -0.2645 1.1716, 0.3131 -0.2366 1.1716, 0.3336 -0.2067 1.1716, 0.3512 -0.1751 1.1716, 0.3659 -0.1419 1.1716, 0.3774 -0.1076 1.1716, 0.3857 -0.0723 1.1716, 0.3907 -0.0364 1.1716, 0.3923 -0.0002 1.1716, 0.3907 0.036 1.1716, 0.3857 0.0719 1.1716, 0.3774 0.1072 1.1716, 0.3659 0.1416 1.1716, 0.3512 0.1747 1.1716, 0.3336 0.2064 1.1716, 0.3131 0.2363 1.1716, 0.2899 0.2642 1.1716, 0.2643 0.2898 1.1716, 0.2364 0.3129 1.1716, 0.2065 0.3334 1.1716, 0.1749 0.351 1.1716, 0.1417 0.3657 1.1716, 0.1074 0.3772 1.1716, 0.0721 0.3855 1.1716, 0.0362 0.3905 1.1716, -0.0 0.3922 1.1716, -0.0362 0.3905 1.1716, -0.0721 0.3855 1.1716, -0.1074 0.3772 1.1716, -0.1417 0.3657 1.1716, -0.1749 0.351 1.1716, -0.2066 0.3334 1.1716, -0.2365 0.3129 1.1716, -0.2643 0.2898 1.1716, -0.29 0.2642 1.1716, -0.3131 0.2363 1.1716, -0.3336 0.2064 1.1716, -0.3512 0.1747 1.1716, -0.3659 0.1416 1.1716, -0.3774 0.1072 1.1716, -0.3857 0.0719 1.1716, -0.3907 0.036 1.1716, -0.3924 -0.0002 1.1716, -0.3907 -0.0364 1.1716, -0.3857 -0.0723 1.1716, -0.3868 0.0357 1.1811, -0.3818 0.0712 1.1811, -0.3736 0.1061 1.1811, -0.3622 0.1401 1.1811, -0.3477 0.173 1.1811, -0.3303 0.2043 1.1811, -0.31 0.2339 1.1811, -0.2871 0.2615 1.1811, -0.2617 0.2869 1.1811, -0.2341 0.3098 1.1811, -0.2045 0.3301 1.1811, -0.1731 0.3475 1.1811, -0.1403 0.362 1.1811, -0.1063 0.3734 1.1811, -0.0714 0.3816 1.1811, -0.0358 0.3866 1.1811, -0.0 0.3882 1.1811, 0.0358 0.3866 1.1811, 0.0714 0.3816 1.1811, 0.1063 0.3734 1.1811, 0.1403 0.362 1.1811, 0.1731 0.3475 1.1811, 0.2045 0.3301 1.1811, 0.2341 0.3098 1.1811, 0.2617 0.2869 1.1811, 0.287 0.2615 1.1811, 0.31 0.2339 1.1811, 0.3302 0.2043 1.1811, 0.3477 0.173 1.1811, 0.3622 0.1401 1.1811, 0.3736 0.1061 1.1811, 0.3818 0.0712 1.1811, 0.3868 0.0357 1.1811, 0.3884 -0.0002 1.1811, 0.3868 -0.036 1.1811, 0.3818 -0.0716 1.1811, 0.3736 -0.1065 1.1811, 0.3622 -0.1405 1.1811, 0.3477 -0.1733 1.1811, 0.3302 -0.2047 1.1811, 0.31 -0.2343 1.1811, 0.287 -0.2619 1.1811, 0.2617 -0.2872 1.1811, 0.2341 -0.3101 1.1811, 0.2045 -0.3304 1.1811, 0.1731 -0.3479 1.1811, 0.1403 -0.3624 1.1811, 0.1063 -0.3738 1.1811, 0.0714 -0.382 1.1811, 0.0358 -0.3869 1.1811, -0.0 -0.3886 1.1811, -0.0358 -0.3869 1.1811, -0.0714 -0.382 1.1811, -0.1063 -0.3738 1.1811, -0.1403 -0.3624 1.1811, -0.1731 -0.3479 1.1811, -0.2045 -0.3304 1.1811, -0.2341 -0.3101 1.1811, -0.2617 -0.2872 1.1811, -0.2871 -0.2619 1.1811, -0.31 -0.2343 1.1811, -0.3303 -0.2047 1.1811, -0.3477 -0.1733 1.1811, -0.3622 -0.1405 1.1811, -0.3736 -0.1065 1.1811, -0.3818 -0.0716 1.1811, -0.3868 -0.036 1.1811, -0.3884 -0.0002 1.1811, -0.3805 0.0351 1.1893, -0.3757 0.07 1.1893, -0.3676 0.1044 1.1893, -0.3564 0.1379 1.1893, -0.3421 0.1702 1.1893, -0.3249 0.201 1.1893, -0.305 0.2301 1.1893, -0.2824 0.2573 1.1893, -0.2575 0.2822 1.1893, -0.2303 0.3048 1.1893, -0.2012 0.3248 1.1893, -0.1704 0.3419 1.1893, -0.1381 0.3562 1.1893, -0.1046 0.3674 1.1893, -0.0702 0.3755 1.1893, -0.0353 0.3804 1.1893, -0.0 0.382 1.1893, 0.0353 0.3804 1.1893, 0.0702 0.3755 1.1893, 0.1046 0.3674 1.1893, 0.138 0.3562 1.1893, 0.1703 0.3419 1.1893, 0.2012 0.3248 1.1893, 0.2303 0.3048 1.1893, 0.2575 0.2822 1.1893, 0.2824 0.2573 1.1893, 0.305 0.2301 1.1893, 0.3249 0.201 1.1893, 0.3421 0.1702 1.1893, 0.3564 0.1379 1.1893, 0.3676 0.1044 1.1893, 0.3757 0.07 1.1893, 0.3805 0.0351 1.1893, 0.3822 -0.0002 1.1893, 0.3805 -0.0354 1.1893, 0.3757 -0.0704 1.1893, 0.3676 -0.1048 1.1893, 0.3564 -0.1382 1.1893, 0.3421 -0.1705 1.1893, 0.3249 -0.2014 1.1893, 0.305 -0.2305 1.1893, 0.2824 -0.2576 1.1893, 0.2575 -0.2826 1.1893, 0.2303 -0.3052 1.1893, 0.2012 -0.3251 1.1893, 0.1703 -0.3423 1.1893, 0.138 -0.3565 1.1893, 0.1046 -0.3678 1.1893, 0.0702 -0.3758 1.1893, 0.0353 -0.3807 1.1893, -0.0 -0.3823 1.1893, -0.0353 -0.3807 1.1893, -0.0702 -0.3758 1.1893, -0.1046 -0.3678 1.1893, -0.1381 -0.3565 1.1893, -0.1704 -0.3423 1.1893, -0.2012 -0.3251 1.1893, -0.2303 -0.3052 1.1893, -0.2575 -0.2826 1.1893, -0.2824 -0.2576 1.1893, -0.305 -0.2305 1.1893, -0.3249 -0.2014 1.1893, -0.3421 -0.1705 1.1893, -0.3564 -0.1382 1.1893, -0.3676 -0.1048 1.1893, -0.3757 -0.0704 1.1893, -0.3805 -0.0354 1.1893, -0.3822 -0.0002 1.1893, -0.3724 0.0343 1.1955, -0.3677 0.0685 1.1955, -0.3597 0.1022 1.1955, -0.3488 0.1349 1.1955, -0.3348 0.1665 1.1955, -0.318 0.1967 1.1955, -0.2985 0.2252 1.1955, -0.2764 0.2518 1.1955, -0.252 0.2762 1.1955, -0.2254 0.2983 1.1955, -0.1969 0.3178 1.1955, -0.1667 0.3346 1.1955, -0.1351 0.3486 1.1955, -0.1024 0.3596 1.1955, -0.0687 0.3675 1.1955, -0.0345 0.3722 1.1955, -0.0 0.3738 1.1955, 0.0345 0.3722 1.1955, 0.0687 0.3675 1.1955, 0.1023 0.3596 1.1955, 0.1351 0.3486 1.1955, 0.1667 0.3346 1.1955, 0.1969 0.3178 1.1955, 0.2254 0.2983 1.1955, 0.252 0.2762 1.1955, 0.2764 0.2518 1.1955, 0.2985 0.2252 1.1955, 0.318 0.1967 1.1955, 0.3348 0.1665 1.1955, 0.3487 0.1349 1.1955, 0.3597 0.1022 1.1955, 0.3676 0.0685 1.1955, 0.3724 0.0343 1.1955, 0.374 -0.0002 1.1955, 0.3724 -0.0347 1.1955, 0.3676 -0.0689 1.1955, 0.3597 -0.1025 1.1955, 0.3487 -0.1353 1.1955, 0.3348 -0.1669 1.1955, 0.318 -0.1971 1.1955, 0.2985 -0.2256 1.1955, 0.2764 -0.2521 1.1955, 0.252 -0.2766 1.1955, 0.2254 -0.2986 1.1955, 0.1969 -0.3182 1.1955, 0.1667 -0.335 1.1955, 0.1351 -0.3489 1.1955, 0.1023 -0.3599 1.1955, 0.0687 -0.3678 1.1955, 0.0345 -0.3726 1.1955, -0.0 -0.3742 1.1955, -0.0345 -0.3726 1.1955, -0.0687 -0.3678 1.1955, -0.1024 -0.3599 1.1955, -0.1351 -0.3489 1.1955, -0.1667 -0.335 1.1955, -0.1969 -0.3182 1.1955, -0.2254 -0.2986 1.1955, -0.252 -0.2766 1.1955, -0.2764 -0.2521 1.1955, -0.2985 -0.2256 1.1955, -0.318 -0.1971 1.1955, -0.3348 -0.1669 1.1955, -0.3488 -0.1353 1.1955, -0.3597 -0.1025 1.1955, -0.3677 -0.0689 1.1955, -0.3724 -0.0347 1.1955, -0.374 -0.0002 1.1955, -0.363 0.0335 1.1994, -0.3583 0.0668 1.1994, -0.3506 0.0996 1.1994, -0.3399 0.1315 1.1994, -0.3263 0.1623 1.1994, -0.3099 0.1917 1.1994, -0.2909 0.2195 1.1994, -0.2694 0.2454 1.1994, -0.2456 0.2692 1.1994, -0.2197 0.2907 1.1994, -0.1919 0.3097 1.1994, -0.1625 0.3261 1.1994, -0.1317 0.3397 1.1994, -0.0998 0.3504 1.1994, -0.067 0.3581 1.1994, -0.0336 0.3628 1.1994, -0.0 0.3643 1.1994, 0.0336 0.3628 1.1994, 0.067 0.3581 1.1994, 0.0997 0.3504 1.1994, 0.1317 0.3397 1.1994, 0.1625 0.3261 1.1994, 0.1919 0.3097 1.1994, 0.2197 0.2907 1.1994, 0.2456 0.2692 1.1994, 0.2694 0.2454 1.1994, 0.2909 0.2195 1.1994, 0.3099 0.1917 1.1994, 0.3263 0.1623 1.1994, 0.3399 0.1315 1.1994, 0.3506 0.0996 1.1994, 0.3583 0.0668 1.1994, 0.363 0.0335 1.1994, 0.3645 -0.0002 1.1994, 0.363 -0.0338 1.1994, 0.3583 -0.0672 1.1994, 0.3506 -0.0999 1.1994, 0.3399 -0.1319 1.1994, 0.3263 -0.1627 1.1994, 0.3099 -0.1921 1.1994, 0.2909 -0.2198 1.1994, 0.2694 -0.2458 1.1994, 0.2456 -0.2696 1.1994, 0.2197 -0.2911 1.1994, 0.1919 -0.3101 1.1994, 0.1625 -0.3265 1.1994, 0.1317 -0.3401 1.1994, 0.0997 -0.3508 1.1994, 0.067 -0.3585 1.1994, 0.0336 -0.3631 1.1994, -0.0 -0.3647 1.1994, -0.0336 -0.3631 1.1994, -0.067 -0.3585 1.1994, -0.0998 -0.3508 1.1994, -0.1317 -0.3401 1.1994, -0.1625 -0.3265 1.1994, -0.1919 -0.3101 1.1994, -0.2197 -0.2911 1.1994, -0.2456 -0.2696 1.1994, -0.2694 -0.2458 1.1994, -0.2909 -0.2198 1.1994, -0.3099 -0.1921 1.1994, -0.3263 -0.1627 1.1994, -0.3399 -0.1319 1.1994, -0.3506 -0.0999 1.1994, -0.3583 -0.0672 1.1994, -0.363 -0.0338 1.1994, -0.3645 -0.0002 1.1994
            ]
        }
        coordIndex [
            0,1,2,-1,0,2,3,-1,4,5,2,-1,2,5,6,-1,2,6,3,-1,7,8,2,-1,2,8,9,-1,2,9,4,-1,10,11,2,-1,2,11,12,-1,2,12,7,-1,13,14,2,-1,2,14,15,-1,2,15,10,-1,16,17,2,-1,2,17,18,-1,2,18,13,-1,19,20,2,-1,2,20,21,-1,2,21,16,-1,22,23,2,-1,2,23,24,-1,2,24,19,-1,25,26,2,-1,2,26,27,-1,2,27,22,-1,28,29,2,-1,2,29,30,-1,2,30,25,-1,31,32,2,-1,2,32,33,-1,2,33,28,-1,34,35,2,-1,2,35,36,-1,2,36,31,-1,37,38,2,-1,2,38,39,-1,2,39,34,-1,40,41,2,-1,2,41,42,-1,2,42,37,-1,43,44,2,-1,2,44,45,-1,2,45,40,-1,46,47,2,-1,2,47,48,-1,2,48,43,-1,1,49,2,-1,2,49,50,-1,2,50,46,-1,25,30,51,-1,29,52,30,-1,30,52,53,-1,30,53,51,-1,54,55,28,-1,28,55,56,-1,28,56,29,-1,29,56,57,-1,29,57,52,-1,54,28,58,-1,58,28,33,-1,58,33,59,-1,59,33,60,-1,60,33,32,-1,60,32,61,-1,61,32,62,-1,62,32,31,-1,62,31,63,-1,36,64,31,-1,31,64,65,-1,31,65,63,-1,66,67,36,-1,36,67,68,-1,36,68,64,-1,66,36,69,-1,69,36,35,-1,69,35,70,-1,70,35,34,-1,70,34,71,-1,71,34,72,-1,72,34,39,-1,72,39,73,-1,73,39,74,-1,74,39,38,-1,74,38,75,-1,76,77,37,-1,37,77,78,-1,37,78,38,-1,38,78,79,-1,38,79,75,-1,41,80,42,-1,42,80,81,-1,42,81,37,-1,37,81,82,-1,37,82,76,-1,40,83,41,-1,41,83,84,-1,41,84,80,-1,85,86,45,-1,45,86,87,-1,45,87,40,-1,40,87,88,-1,40,88,83,-1,85,45,89,-1,89,45,44,-1,89,44,90,-1,90,44,91,-1,91,44,43,-1,91,43,92,-1,92,43,93,-1,93,43,48,-1,93,48,94,-1,47,95,48,-1,48,95,96,-1,48,96,94,-1,97,98,46,-1,46,98,99,-1,46,99,47,-1,47,99,100,-1,47,100,95,-1,97,46,101,-1,101,46,50,-1,101,50,102,-1,102,50,103,-1,103,50,49,-1,103,49,104,-1,104,49,105,-1,105,49,1,-1,105,1,106,-1,107,108,3,-1,3,108,109,-1,3,109,0,-1,0,109,110,-1,0,110,1,-1,1,110,111,-1,1,111,106,-1,107,3,112,-1,112,3,6,-1,112,6,113,-1,113,6,5,-1,113,5,114,-1,114,5,115,-1,115,5,4,-1,115,4,116,-1,116,4,117,-1,117,4,9,-1,117,9,118,-1,119,120,8,-1,8,120,121,-1,8,121,9,-1,9,121,122,-1,9,122,118,-1,12,123,7,-1,7,123,124,-1,7,124,8,-1,8,124,125,-1,8,125,119,-1,11,126,12,-1,12,126,127,-1,12,127,123,-1,128,129,10,-1,10,129,130,-1,10,130,11,-1,11,130,131,-1,11,131,126,-1,128,10,132,-1,132,10,15,-1,132,15,133,-1,133,15,134,-1,134,15,14,-1,134,14,135,-1,135,14,136,-1,136,14,13,-1,136,13,137,-1,18,138,13,-1,13,138,139,-1,13,139,137,-1,140,141,17,-1,17,141,142,-1,17,142,18,-1,18,142,143,-1,18,143,138,-1,140,17,144,-1,144,17,16,-1,144,16,145,-1,145,16,146,-1,146,16,21,-1,146,21,147,-1,147,21,148,-1,148,21,20,-1,148,20,149,-1,19,150,20,-1,20,150,151,-1,20,151,149,-1,152,153,19,-1,19,153,154,-1,19,154,150,-1,152,19,155,-1,155,19,24,-1,155,24,156,-1,156,24,23,-1,156,23,157,-1,157,23,158,-1,158,23,22,-1,158,22,159,-1,159,22,160,-1,160,22,27,-1,160,27,161,-1,26,162,27,-1,27,162,163,-1,27,163,161,-1,51,164,25,-1,25,164,165,-1,25,165,26,-1,26,165,166,-1,26,166,162,-1,167,168,169,-1,167,169,170,-1,171,172,169,-1,169,172,173,-1,169,173,170,-1,174,175,169,-1,169,175,176,-1,169,176,171,-1,177,178,169,-1,169,178,179,-1,169,179,174,-1,180,181,169,-1,169,181,182,-1,169,182,177,-1,183,184,169,-1,169,184,185,-1,169,185,180,-1,186,187,169,-1,169,187,188,-1,169,188,183,-1,189,190,169,-1,169,190,191,-1,169,191,186,-1,192,193,169,-1,169,193,194,-1,169,194,189,-1,195,196,169,-1,169,196,197,-1,169,197,192,-1,198,199,169,-1,169,199,200,-1,169,200,195,-1,201,202,169,-1,169,202,203,-1,169,203,198,-1,204,205,169,-1,169,205,206,-1,169,206,201,-1,207,208,169,-1,169,208,209,-1,169,209,204,-1,210,211,169,-1,169,211,212,-1,169,212,207,-1,213,214,169,-1,169,214,215,-1,169,215,210,-1,216,217,169,-1,169,217,218,-1,169,218,213,-1,219,220,169,-1,169,220,221,-1,169,221,216,-1,222,223,169,-1,169,223,224,-1,169,224,219,-1,225,226,169,-1,169,226,227,-1,169,227,222,-1,228,229,169,-1,169,229,230,-1,169,230,225,-1,231,232,169,-1,169,232,233,-1,169,233,228,-1,168,234,169,-1,169,234,235,-1,169,235,231,-1,59,236,58,-1,58,236,237,-1,58,237,54,-1,54,237,238,-1,54,238,55,-1,55,238,239,-1,55,239,56,-1,59,60,236,-1,236,60,61,-1,236,61,240,-1,61,62,240,-1,240,62,63,-1,240,63,241,-1,241,63,65,-1,241,65,242,-1,242,65,64,-1,242,64,243,-1,243,64,68,-1,68,67,243,-1,243,67,66,-1,243,66,244,-1,244,66,69,-1,244,69,245,-1,69,70,245,-1,245,70,71,-1,245,71,246,-1,71,72,246,-1,246,72,73,-1,246,73,247,-1,73,74,247,-1,247,74,75,-1,247,75,248,-1,248,75,79,-1,248,79,249,-1,249,79,78,-1,249,78,250,-1,250,78,77,-1,77,76,250,-1,250,76,82,-1,250,82,251,-1,251,82,81,-1,251,81,252,-1,81,80,252,-1,252,80,84,-1,252,84,253,-1,253,84,83,-1,253,83,254,-1,254,83,88,-1,88,87,254,-1,254,87,86,-1,254,86,255,-1,255,86,85,-1,255,85,256,-1,256,85,89,-1,256,89,257,-1,257,89,90,-1,90,91,257,-1,257,91,92,-1,257,92,258,-1,92,93,258,-1,258,93,94,-1,258,94,259,-1,259,94,96,-1,259,96,260,-1,260,96,95,-1,260,95,261,-1,261,95,100,-1,100,99,261,-1,261,99,98,-1,261,98,262,-1,262,98,97,-1,262,97,263,-1,263,97,101,-1,263,101,264,-1,264,101,102,-1,102,103,264,-1,264,103,104,-1,264,104,265,-1,104,105,265,-1,265,105,106,-1,265,106,266,-1,266,106,111,-1,266,111,267,-1,267,111,110,-1,267,110,268,-1,268,110,109,-1,109,108,268,-1,268,108,107,-1,268,107,269,-1,269,107,112,-1,269,112,270,-1,112,113,270,-1,270,113,114,-1,270,114,271,-1,114,115,271,-1,271,115,116,-1,271,116,272,-1,116,117,272,-1,272,117,118,-1,272,118,273,-1,273,118,122,-1,273,122,274,-1,274,122,121,-1,274,121,275,-1,275,121,120,-1,120,119,275,-1,275,119,125,-1,275,125,276,-1,276,125,124,-1,276,124,277,-1,124,123,277,-1,277,123,127,-1,277,127,278,-1,278,127,126,-1,278,126,279,-1,279,126,131,-1,131,130,279,-1,279,130,129,-1,279,129,280,-1,280,129,128,-1,280,128,281,-1,281,128,132,-1,281,132,282,-1,282,132,133,-1,133,134,282,-1,282,134,135,-1,282,135,283,-1,135,136,283,-1,283,136,137,-1,283,137,284,-1,284,137,139,-1,284,139,285,-1,285,139,138,-1,285,138,286,-1,286,138,143,-1,143,142,286,-1,286,142,141,-1,286,141,287,-1,287,141,140,-1,287,140,288,-1,288,140,144,-1,288,144,289,-1,289,144,145,-1,145,146,289,-1,289,146,147,-1,289,147,290,-1,147,148,290,-1,290,148,149,-1,290,149,291,-1,291,149,151,-1,291,151,292,-1,292,151,150,-1,292,150,293,-1,293,150,154,-1,154,153,293,-1,293,153,152,-1,293,152,294,-1,294,152,155,-1,294,155,295,-1,155,156,295,-1,295,156,157,-1,295,157,296,-1,157,158,296,-1,296,158,159,-1,296,159,297,-1,159,160,297,-1,297,160,161,-1,297,161,298,-1,298,161,163,-1,298,163,299,-1,299,163,162,-1,299,162,300,-1,300,162,166,-1,166,165,300,-1,300,165,164,-1,300,164,301,-1,301,164,51,-1,301,51,302,-1,302,51,53,-1,302,53,303,-1,303,53,52,-1,303,52,239,-1,239,52,57,-1,239,57,56,-1,301,304,300,-1,300,304,305,-1,300,305,299,-1,299,305,306,-1,299,306,298,-1,298,306,307,-1,298,307,297,-1,297,307,308,-1,297,308,296,-1,296,308,309,-1,296,309,295,-1,295,309,310,-1,295,310,294,-1,294,310,311,-1,294,311,293,-1,293,311,312,-1,293,312,292,-1,292,312,313,-1,292,313,291,-1,291,313,314,-1,291,314,290,-1,290,314,315,-1,290,315,289,-1,289,315,316,-1,289,316,288,-1,288,316,317,-1,288,317,287,-1,287,317,318,-1,287,318,286,-1,286,318,319,-1,286,319,285,-1,285,319,320,-1,285,320,284,-1,284,320,321,-1,284,321,283,-1,283,321,322,-1,283,322,282,-1,282,322,323,-1,282,323,281,-1,281,323,324,-1,281,324,280,-1,280,324,325,-1,280,325,279,-1,279,325,326,-1,279,326,278,-1,278,326,327,-1,278,327,277,-1,277,327,328,-1,277,328,276,-1,276,328,329,-1,276,329,275,-1,275,329,330,-1,275,330,274,-1,274,330,331,-1,274,331,273,-1,273,331,332,-1,273,332,272,-1,272,332,333,-1,272,333,271,-1,271,333,334,-1,271,334,270,-1,270,334,335,-1,270,335,269,-1,269,335,336,-1,269,336,268,-1,268,336,337,-1,268,337,267,-1,267,337,338,-1,267,338,266,-1,266,338,339,-1,266,339,265,-1,265,339,340,-1,265,340,264,-1,264,340,341,-1,264,341,263,-1,263,341,342,-1,263,342,262,-1,262,342,343,-1,262,343,261,-1,261,343,344,-1,261,344,260,-1,260,344,345,-1,260,345,259,-1,259,345,346,-1,259,346,258,-1,258,346,347,-1,258,347,257,-1,257,347,348,-1,257,348,256,-1,256,348,349,-1,256,349,255,-1,255,349,350,-1,255,350,254,-1,254,350,351,-1,254,351,253,-1,253,351,352,-1,253,352,252,-1,252,352,353,-1,252,353,251,-1,251,353,354,-1,251,354,250,-1,250,354,355,-1,250,355,249,-1,249,355,356,-1,249,356,248,-1,248,356,357,-1,248,357,247,-1,247,357,358,-1,247,358,246,-1,246,358,359,-1,246,359,245,-1,245,359,360,-1,245,360,244,-1,244,360,361,-1,244,361,243,-1,243,361,362,-1,243,362,242,-1,242,362,363,-1,242,363,241,-1,241,363,364,-1,241,364,240,-1,240,364,365,-1,240,365,236,-1,236,365,366,-1,236,366,237,-1,237,366,367,-1,237,367,238,-1,238,367,368,-1,238,368,239,-1,239,368,369,-1,239,369,303,-1,303,369,370,-1,303,370,302,-1,302,370,371,-1,302,371,301,-1,301,371,304,-1,371,372,304,-1,304,372,373,-1,304,373,305,-1,305,373,374,-1,305,374,306,-1,306,374,375,-1,306,375,307,-1,307,375,376,-1,307,376,308,-1,308,376,377,-1,308,377,309,-1,309,377,378,-1,309,378,310,-1,310,378,379,-1,310,379,311,-1,311,379,380,-1,311,380,312,-1,312,380,381,-1,312,381,313,-1,313,381,382,-1,313,382,314,-1,314,382,383,-1,314,383,315,-1,315,383,384,-1,315,384,316,-1,316,384,385,-1,316,385,317,-1,317,385,386,-1,317,386,318,-1,318,386,387,-1,318,387,319,-1,319,387,388,-1,319,388,320,-1,320,388,389,-1,320,389,321,-1,321,389,390,-1,321,390,322,-1,322,390,391,-1,322,391,323,-1,323,391,392,-1,323,392,324,-1,324,392,393,-1,324,393,325,-1,325,393,394,-1,325,394,326,-1,326,394,395,-1,326,395,327,-1,327,395,396,-1,327,396,328,-1,328,396,397,-1,328,397,329,-1,329,397,398,-1,329,398,330,-1,330,398,399,-1,330,399,331,-1,331,399,400,-1,331,400,332,-1,332,400,401,-1,332,401,333,-1,333,401,402,-1,333,402,334,-1,334,402,403,-1,334,403,335,-1,335,403,404,-1,335,404,336,-1,336,404,405,-1,336,405,337,-1,337,405,406,-1,337,406,338,-1,338,406,407,-1,338,407,339,-1,339,407,408,-1,339,408,340,-1,340,408,409,-1,340,409,341,-1,341,409,410,-1,341,410,342,-1,342,410,411,-1,342,411,343,-1,343,411,412,-1,343,412,344,-1,344,412,413,-1,344,413,345,-1,345,413,414,-1,345,414,346,-1,346,414,415,-1,346,415,347,-1,347,415,416,-1,347,416,348,-1,348,416,417,-1,348,417,349,-1,349,417,418,-1,349,418,350,-1,350,418,419,-1,350,419,351,-1,351,419,420,-1,351,420,352,-1,352,420,421,-1,352,421,353,-1,353,421,422,-1,353,422,354,-1,354,422,423,-1,354,423,355,-1,355,423,424,-1,355,424,356,-1,356,424,425,-1,356,425,357,-1,357,425,426,-1,357,426,358,-1,358,426,427,-1,358,427,359,-1,359,427,428,-1,359,428,360,-1,360,428,429,-1,360,429,361,-1,361,429,430,-1,361,430,362,-1,362,430,431,-1,362,431,363,-1,363,431,432,-1,363,432,364,-1,364,432,433,-1,364,433,365,-1,365,433,434,-1,365,434,366,-1,366,434,435,-1,366,435,367,-1,367,435,436,-1,367,436,368,-1,368,436,437,-1,368,437,369,-1,369,437,438,-1,369,438,370,-1,370,438,439,-1,370,439,371,-1,371,439,372,-1,439,440,372,-1,372,440,441,-1,372,441,373,-1,373,441,442,-1,373,442,374,-1,374,442,443,-1,374,443,375,-1,375,443,444,-1,375,444,376,-1,376,444,445,-1,376,445,377,-1,377,445,446,-1,377,446,378,-1,378,446,447,-1,378,447,379,-1,379,447,448,-1,379,448,380,-1,380,448,449,-1,380,449,381,-1,381,449,450,-1,381,450,382,-1,382,450,451,-1,382,451,383,-1,383,451,452,-1,383,452,384,-1,384,452,453,-1,384,453,385,-1,385,453,454,-1,385,454,386,-1,386,454,455,-1,386,455,387,-1,387,455,456,-1,387,456,388,-1,388,456,457,-1,388,457,389,-1,389,457,458,-1,389,458,390,-1,390,458,459,-1,390,459,391,-1,391,459,460,-1,391,460,392,-1,392,460,461,-1,392,461,393,-1,393,461,462,-1,393,462,394,-1,394,462,463,-1,394,463,395,-1,395,463,464,-1,395,464,396,-1,396,464,465,-1,396,465,397,-1,397,465,466,-1,397,466,398,-1,398,466,467,-1,398,467,399,-1,399,467,468,-1,399,468,400,-1,400,468,469,-1,400,469,401,-1,401,469,470,-1,401,470,402,-1,402,470,471,-1,402,471,403,-1,403,471,472,-1,403,472,404,-1,404,472,473,-1,404,473,405,-1,405,473,474,-1,405,474,406,-1,406,474,475,-1,406,475,407,-1,407,475,476,-1,407,476,408,-1,408,476,477,-1,408,477,409,-1,409,477,478,-1,409,478,410,-1,410,478,479,-1,410,479,411,-1,411,479,480,-1,411,480,412,-1,412,480,481,-1,412,481,413,-1,413,481,482,-1,413,482,414,-1,414,482,483,-1,414,483,415,-1,415,483,484,-1,415,484,416,-1,416,484,485,-1,416,485,417,-1,417,485,486,-1,417,486,418,-1,418,486,487,-1,418,487,419,-1,419,487,488,-1,419,488,420,-1,420,488,489,-1,420,489,421,-1,421,489,490,-1,421,490,422,-1,422,490,491,-1,422,491,423,-1,423,491,492,-1,423,492,424,-1,424,492,493,-1,424,493,425,-1,425,493,494,-1,425,494,426,-1,426,494,495,-1,426,495,427,-1,427,495,496,-1,427,496,428,-1,428,496,497,-1,428,497,429,-1,429,497,498,-1,429,498,430,-1,430,498,499,-1,430,499,431,-1,431,499,500,-1,431,500,432,-1,432,500,501,-1,432,501,433,-1,433,501,502,-1,433,502,434,-1,434,502,503,-1,434,503,435,-1,435,503,504,-1,435,504,436,-1,436,504,505,-1,436,505,437,-1,437,505,506,-1,437,506,438,-1,438,506,507,-1,438,507,439,-1,439,507,440,-1,507,508,440,-1,440,508,509,-1,440,509,441,-1,441,509,510,-1,441,510,442,-1,442,510,511,-1,442,511,443,-1,443,511,512,-1,443,512,444,-1,444,512,513,-1,444,513,445,-1,445,513,514,-1,445,514,446,-1,446,514,515,-1,446,515,447,-1,447,515,516,-1,447,516,448,-1,448,516,517,-1,448,517,449,-1,449,517,518,-1,449,518,450,-1,450,518,519,-1,450,519,451,-1,451,519,520,-1,451,520,452,-1,452,520,521,-1,452,521,453,-1,453,521,522,-1,453,522,454,-1,454,522,523,-1,454,523,455,-1,455,523,524,-1,455,524,456,-1,456,524,525,-1,456,525,457,-1,457,525,526,-1,457,526,458,-1,458,526,527,-1,458,527,459,-1,459,527,528,-1,459,528,460,-1,460,528,529,-1,460,529,461,-1,461,529,530,-1,461,530,462,-1,462,530,531,-1,462,531,463,-1,463,531,532,-1,463,532,464,-1,464,532,533,-1,464,533,465,-1,465,533,534,-1,465,534,466,-1,466,534,535,-1,466,535,467,-1,467,535,536,-1,467,536,468,-1,468,536,537,-1,468,537,469,-1,469,537,538,-1,469,538,470,-1,470,538,539,-1,470,539,471,-1,471,539,540,-1,471,540,472,-1,472,540,541,-1,472,541,473,-1,473,541,542,-1,473,542,474,-1,474,542,543,-1,474,543,475,-1,475,543,544,-1,475,544,476,-1,476,544,545,-1,476,545,477,-1,477,545,546,-1,477,546,478,-1,478,546,547,-1,478,547,479,-1,479,547,548,-1,479,548,480,-1,480,548,549,-1,480,549,481,-1,481,549,550,-1,481,550,482,-1,482,550,551,-1,482,551,483,-1,483,551,552,-1,483,552,484,-1,484,552,553,-1,484,553,485,-1,485,553,554,-1,485,554,486,-1,486,554,555,-1,486,555,487,-1,487,555,556,-1,487,556,488,-1,488,556,557,-1,488,557,489,-1,489,557,558,-1,489,558,490,-1,490,558,559,-1,490,559,491,-1,491,559,560,-1,491,560,492,-1,492,560,561,-1,492,561,493,-1,493,561,562,-1,493,562,494,-1,494,562,563,-1,494,563,495,-1,495,563,564,-1,495,564,496,-1,496,564,565,-1,496,565,497,-1,497,565,566,-1,497,566,498,-1,498,566,567,-1,498,567,499,-1,499,567,568,-1,499,568,500,-1,500,568,569,-1,500,569,501,-1,501,569,570,-1,501,570,502,-1,502,570,571,-1,502,571,503,-1,503,571,572,-1,503,572,504,-1,504,572,573,-1,504,573,505,-1,505,573,574,-1,505,574,506,-1,506,574,575,-1,506,575,507,-1,507,575,508,-1,575,170,508,-1,508,170,173,-1,508,173,509,-1,509,173,172,-1,509,172,510,-1,510,172,171,-1,510,171,511,-1,511,171,176,-1,511,176,512,-1,512,176,175,-1,512,175,513,-1,513,175,174,-1,513,174,514,-1,514,174,179,-1,514,179,515,-1,515,179,178,-1,515,178,516,-1,516,178,177,-1,516,177,517,-1,517,177,182,-1,517,182,518,-1,518,182,181,-1,518,181,519,-1,519,181,180,-1,519,180,520,-1,520,180,185,-1,520,185,521,-1,521,185,184,-1,521,184,522,-1,522,184,183,-1,522,183,523,-1,523,183,188,-1,523,188,524,-1,524,188,187,-1,524,187,525,-1,525,187,186,-1,525,186,526,-1,526,186,191,-1,526,191,527,-1,527,191,190,-1,527,190,528,-1,528,190,189,-1,528,189,529,-1,529,189,194,-1,529,194,530,-1,530,194,193,-1,530,193,531,-1,531,193,192,-1,531,192,532,-1,532,192,197,-1,532,197,533,-1,533,197,196,-1,533,196,534,-1,534,196,195,-1,534,195,535,-1,535,195,200,-1,535,200,536,-1,536,200,199,-1,536,199,537,-1,537,199,198,-1,537,198,538,-1,538,198,203,-1,538,203,539,-1,539,203,202,-1,539,202,540,-1,540,202,201,-1,540,201,541,-1,541,201,206,-1,541,206,542,-1,542,206,205,-1,542,205,543,-1,543,205,204,-1,543,204,544,-1,544,204,209,-1,544,209,545,-1,545,209,208,-1,545,208,546,-1,546,208,207,-1,546,207,547,-1,547,207,212,-1,547,212,548,-1,548,212,211,-1,548,211,549,-1,549,211,210,-1,549,210,550,-1,550,210,215,-1,550,215,551,-1,551,215,214,-1,551,214,552,-1,552,214,213,-1,552,213,553,-1,553,213,218,-1,553,218,554,-1,554,218,217,-1,554,217,555,-1,555,217,216,-1,555,216,556,-1,556,216,221,-1,556,221,557,-1,557,221,220,-1,557,220,558,-1,558,220,219,-1,558,219,559,-1,559,219,224,-1,559,224,560,-1,560,224,223,-1,560,223,561,-1,561,223,222,-1,561,222,562,-1,562,222,227,-1,562,227,563,-1,563,227,226,-1,563,226,564,-1,564,226,225,-1,564,225,565,-1,565,225,230,-1,565,230,566,-1,566,230,229,-1,566,229,567,-1,567,229,228,-1,567,228,568,-1,568,228,233,-1,568,233,569,-1,569,233,232,-1,569,232,570,-1,570,232,231,-1,570,231,571,-1,571,231,235,-1,571,235,572,-1,572,235,234,-1,572,234,573,-1,573,234,168,-1,573,168,574,-1,574,168,167,-1,574,167,575,-1,575,167,170,-1,
        ]
    }
}
Shape{
    appearance Appearance {
        material  Material 	{
            diffuseColor 0.8313725490196079 0.8392156862745098 0.8313725490196079
            specularColor 0.4980392156862745 0.5019607843137255 0.4980392156862745
            ambientIntensity 0.836
            transparency 0.0
            shininess 0.5
        }
    }
    geometry IndexedFaceSet {
        ccw TRUE
        solid FALSE
        coord DEF co Coordinate {
            point [
                0.9842 -0.512 0.2953, 0.5118 -0.9844 0.2953, -0.5118 -0.9844 0.2953, -0.9843 0.5116 0.2953, -0.5118 0.9841 0.2953, 0.5118 0.9841 0.2953, -0.9843 -0.512 0.2953, 0.9842 0.5116 0.2953, 0.4482 -0.7619 0.3346, 0.4321 -0.7686 0.3346, 0.5118 -0.9844 0.3346, 0.4142 -0.7709 0.3346, -0.5118 -0.9844 0.3346, -0.4143 -0.7709 0.3346, -0.4321 -0.7686 0.3346, -0.4482 -0.7619 0.3346, -0.4625 -0.751 0.3346, -0.9843 -0.512 0.3346, -0.7508 -0.4626 0.3346, -0.7618 -0.4484 0.3346, 0.7617 0.448 0.3346, 0.7684 0.4319 0.3346, 0.9842 0.5116 0.3346, 0.7708 0.4141 0.3346, 0.9842 -0.512 0.3346, 0.7708 -0.4144 0.3346, 0.7684 -0.4322 0.3346, -0.7684 -0.4322 0.3346, -0.7708 -0.4144 0.3346, -0.9843 0.5116 0.3346, -0.7708 0.4141 0.3346, -0.7684 0.4319 0.3346, -0.7618 0.448 0.3346, -0.7508 0.4623 0.3346, -0.5118 0.9841 0.3346, -0.4625 0.7506 0.3346, -0.4482 0.7616 0.3346, 0.7617 -0.4484 0.3346, 0.7508 -0.4626 0.3346, 0.4624 -0.751 0.3346, 0.4321 0.7683 0.3346, 0.4482 0.7616 0.3346, 0.5118 0.9841 0.3346, 0.4624 0.7506 0.3346, 0.7508 0.4623 0.3346, -0.4321 0.7683 0.3346, -0.4143 0.7706 0.3346, 0.4142 0.7706 0.3346, -0.9843 0.5116 0.0197, -1.0236 0.5116 0.0197, -1.0236 0.5116 0.2953, -1.0223 0.5116 0.3055, -1.0184 0.5116 0.315, -1.0121 0.5116 0.3231, -1.0039 0.5116 0.3294, -0.9945 0.5116 0.3333, -1.0236 -0.512 0.0197, -0.9843 -0.512 0.0197, -1.0236 -0.512 0.2953, -1.0223 -0.512 0.3055, -1.0039 -0.512 0.3294, -0.9945 -0.512 0.3333, -1.0121 -0.512 0.3231, -1.0184 -0.512 0.315, -0.5118 -0.9844 0.0197, -0.5118 -1.0238 0.0197, -0.5118 -1.0238 0.2953, -0.5118 -1.0225 0.3055, -0.5118 -1.0185 0.315, -0.5118 -1.0123 0.3231, -0.5118 -1.0041 0.3294, -0.5118 -0.9946 0.3333, 0.5118 -1.0238 0.0197, 0.5118 -0.9844 0.0197, 0.5118 -1.0238 0.2953, 0.5118 -0.9946 0.3333, 0.5118 -1.0041 0.3294, 0.5118 -1.0123 0.3231, 0.5118 -1.0185 0.315, 0.5118 -1.0225 0.3055, 0.9842 -0.512 0.0197, 1.0236 -0.512 0.0197, 1.0236 -0.512 0.2953, 1.0223 -0.512 0.3055, 1.0183 -0.512 0.315, 1.0121 -0.512 0.3231, 1.0039 -0.512 0.3294, 0.9944 -0.512 0.3333, 1.0236 0.5116 0.0197, 0.9842 0.5116 0.0197, 1.0236 0.5116 0.2953, 1.0223 0.5116 0.3055, 1.0039 0.5116 0.3294, 0.9944 0.5116 0.3333, 1.0121 0.5116 0.3231, 1.0183 0.5116 0.315, 0.5118 0.9841 0.0197, 0.5118 1.0234 0.1585, 0.5118 1.0234 0.0197, 0.5118 1.0234 0.1598, 0.5118 1.0234 0.1783, 0.5118 1.0234 0.1966, 0.5118 1.0234 0.2617, 0.5118 1.0234 0.2716, 0.5118 1.0234 0.2953, 0.5118 1.0221 0.3055, 0.5118 1.0182 0.315, 0.5118 1.0119 0.3231, 0.5118 1.0038 0.3294, 0.5118 0.9943 0.3333, -0.5118 0.9943 0.3333, -0.5118 1.0234 0.2716, -0.5118 1.0234 0.2617, -0.5118 1.0234 0.1966, -0.5118 1.0234 0.1783, -0.5118 1.0038 0.3294, -0.5118 1.0119 0.3231, -0.5118 1.0182 0.315, -0.5118 1.0221 0.3055, -0.5118 1.0234 0.2953, -0.5118 1.0234 0.1598, -0.5118 1.0234 0.1585, -0.5118 0.9841 0.0197, -0.5118 1.0234 0.0197, 0.0666 1.0234 0.2953, 0.0047 1.0234 0.2953, 0.0008 1.0234 0.2953, -0.0417 1.0234 0.2953, -0.0532 1.0234 0.2953, -0.0824 1.0234 0.2953, -0.0978 1.0234 0.2953, -0.1579 1.0234 0.2953, -0.1773 1.0234 0.2953, -0.2374 1.0234 0.2953, -0.4043 1.0234 0.2953, -0.4384 0.7265 0.3543, -0.7267 0.4382 0.3543, -0.4101 0.6583 0.4724, -0.6585 0.4099 0.4724, -0.7367 0.4141 0.3543, -0.7367 -0.4144 0.3543, -0.6685 0.3858 0.4724, -0.6685 -0.3862 0.4724, -0.6585 -0.4103 0.4724, -0.7267 -0.4385 0.3543, -0.4101 -0.6587 0.4724, -0.4384 -0.7269 0.3543, -0.386 -0.6687 0.4724, -0.4143 -0.7368 0.3543, 0.386 -0.6687 0.4724, 0.4142 -0.7368 0.3543, 0.4101 -0.6587 0.4724, 0.4383 -0.7269 0.3543, 0.6585 -0.4103 0.4724, 0.7267 -0.4385 0.3543, 0.6685 -0.3862 0.4724, 0.7367 -0.4144 0.3543, 0.6685 0.3858 0.4724, 0.7367 0.4141 0.3543, 0.6585 0.4099 0.4724, 0.7267 0.4382 0.3543, 0.4101 0.6583 0.4724, 0.4383 0.7265 0.3543, 0.386 0.6683 0.4724, 0.4142 0.7365 0.3543, -0.386 0.6683 0.4724, -0.4143 0.7365 0.3543, 0.6344 0.3858 0.4921, 0.4134 -0.0002 0.4921, 0.6344 -0.3862 0.4921, 0.4063 -0.0761 0.4921, 0.3855 -0.1495 0.4921, 0.3515 0.2174 0.4921, 0.3855 0.1492 0.4921, 0.4063 0.0758 0.4921, 0.3515 -0.2178 0.4921, 0.3055 -0.2787 0.4921, 0.386 -0.6346 0.4921, 0.2491 -0.3301 0.4921, 0.1843 -0.3702 0.4921, -0.1131 -0.3978 0.4921, -0.1843 -0.3702 0.4921, -0.386 -0.6346 0.4921, -0.2491 -0.3301 0.4921, -0.6344 -0.3862 0.4921, -0.3055 -0.2787 0.4921, -0.3515 -0.2178 0.4921, -0.3855 -0.1495 0.4921, -0.4064 -0.0761 0.4921, -0.6344 0.3858 0.4921, -0.4134 -0.0002 0.4921, -0.4064 0.0758 0.4921, -0.3855 0.1492 0.4921, -0.3515 0.2174 0.4921, -0.3055 0.2783 0.4921, -0.386 0.6342 0.4921, -0.2491 0.3297 0.4921, -0.1843 0.3699 0.4921, -0.1131 0.3974 0.4921, -0.0382 0.4114 0.4921, 0.386 0.6342 0.4921, 0.0381 0.4114 0.4921, 0.1131 0.3974 0.4921, 0.1131 -0.3978 0.4921, 0.0381 -0.4118 0.4921, -0.0382 -0.4118 0.4921, 0.1843 0.3699 0.4921, 0.2491 0.3297 0.4921, 0.3055 0.2783 0.4921
            ]
        }
        coordIndex [
            0,1,2,-1,3,4,5,-1,3,5,6,-1,6,5,2,-1,2,5,7,-1,2,7,0,-1,8,9,10,-1,10,9,11,-1,10,11,12,-1,12,11,13,-1,12,13,14,-1,14,15,12,-1,12,15,16,-1,12,16,17,-1,17,16,18,-1,17,18,19,-1,20,21,22,-1,22,21,23,-1,22,23,24,-1,24,23,25,-1,24,25,26,-1,19,27,17,-1,17,27,28,-1,17,28,29,-1,29,28,30,-1,29,30,31,-1,31,32,29,-1,29,32,33,-1,29,33,34,-1,34,33,35,-1,34,35,36,-1,26,37,24,-1,24,37,38,-1,24,38,10,-1,10,38,39,-1,10,39,8,-1,40,41,42,-1,42,41,43,-1,42,43,22,-1,22,43,44,-1,22,44,20,-1,36,45,34,-1,34,45,46,-1,34,46,42,-1,42,46,47,-1,42,47,40,-1,29,34,3,-1,3,34,4,-1,48,49,3,-1,3,49,50,-1,50,51,3,-1,3,51,52,-1,3,52,53,-1,53,54,3,-1,3,54,55,-1,3,55,29,-1,56,57,58,-1,58,57,6,-1,58,6,59,-1,60,6,61,-1,61,6,17,-1,60,62,6,-1,6,62,63,-1,6,63,59,-1,12,17,2,-1,2,17,6,-1,64,65,2,-1,2,65,66,-1,66,67,2,-1,2,67,68,-1,2,68,69,-1,69,70,2,-1,2,70,71,-1,2,71,12,-1,72,73,74,-1,74,73,1,-1,10,75,1,-1,1,75,76,-1,1,76,77,-1,77,78,1,-1,1,78,79,-1,1,79,74,-1,24,10,0,-1,0,10,1,-1,80,81,0,-1,0,81,82,-1,82,83,0,-1,0,83,84,-1,0,84,85,-1,85,86,0,-1,0,86,87,-1,0,87,24,-1,88,89,90,-1,90,89,7,-1,90,7,91,-1,92,7,93,-1,93,7,22,-1,92,94,7,-1,7,94,95,-1,7,95,91,-1,42,22,5,-1,5,22,7,-1,5,96,97,-1,97,96,98,-1,97,99,5,-1,5,99,100,-1,5,100,101,-1,101,102,5,-1,5,102,103,-1,5,103,104,-1,104,105,5,-1,5,105,106,-1,5,106,107,-1,107,108,5,-1,5,108,109,-1,5,109,42,-1,4,34,110,-1,111,112,4,-1,4,112,113,-1,4,113,114,-1,110,115,4,-1,4,115,116,-1,4,116,117,-1,117,118,4,-1,4,118,119,-1,4,119,111,-1,114,120,4,-1,4,120,121,-1,4,121,122,-1,122,121,123,-1,10,12,71,-1,10,71,75,-1,75,71,70,-1,75,70,76,-1,76,70,69,-1,76,69,77,-1,77,69,68,-1,77,68,78,-1,78,68,67,-1,78,67,79,-1,79,67,66,-1,79,66,74,-1,17,29,55,-1,17,55,61,-1,61,55,54,-1,61,54,60,-1,60,54,53,-1,60,53,62,-1,62,53,52,-1,62,52,63,-1,63,52,51,-1,63,51,59,-1,59,51,50,-1,59,50,58,-1,22,24,87,-1,22,87,93,-1,93,87,86,-1,93,86,92,-1,92,86,85,-1,92,85,94,-1,94,85,84,-1,94,84,95,-1,95,84,83,-1,95,83,91,-1,91,83,82,-1,91,82,90,-1,34,42,109,-1,104,124,105,-1,105,124,125,-1,34,109,110,-1,110,109,108,-1,110,108,115,-1,115,108,107,-1,115,107,116,-1,116,107,106,-1,116,106,117,-1,117,106,105,-1,117,105,118,-1,118,105,125,-1,118,125,126,-1,126,127,118,-1,118,127,128,-1,118,128,129,-1,129,130,118,-1,118,130,131,-1,118,131,132,-1,132,133,118,-1,118,133,134,-1,118,134,119,-1,135,136,137,-1,137,136,138,-1,139,140,141,-1,141,140,142,-1,143,144,145,-1,145,144,146,-1,147,148,149,-1,149,148,150,-1,151,152,153,-1,153,152,154,-1,155,156,157,-1,157,156,158,-1,159,160,161,-1,161,160,162,-1,163,164,165,-1,165,164,166,-1,167,168,169,-1,169,168,170,-1,169,170,171,-1,172,173,167,-1,167,173,174,-1,167,174,168,-1,171,175,169,-1,169,175,176,-1,169,176,177,-1,177,176,178,-1,177,178,179,-1,180,181,182,-1,182,181,183,-1,182,183,184,-1,184,183,185,-1,184,185,186,-1,186,187,184,-1,184,187,188,-1,184,188,189,-1,188,190,189,-1,189,190,191,-1,189,191,192,-1,192,193,189,-1,189,193,194,-1,189,194,195,-1,195,194,196,-1,195,196,197,-1,197,198,195,-1,195,198,199,-1,195,199,200,-1,200,199,201,-1,200,201,202,-1,179,203,177,-1,177,203,204,-1,177,204,182,-1,182,204,205,-1,182,205,180,-1,202,206,200,-1,200,206,207,-1,200,207,167,-1,167,207,208,-1,167,208,172,-1,
        ]
    }
}
Shape{
    appearance Appearance {
        material  Material 	{
            diffuseColor 0.07058823529411765 0.07058823529411765 0.07058823529411765
            specularColor 0.00392156862745098 0.00392156862745098 0.00392156862745098
            ambientIntensity 0.102
            transparency 0.0
            shininess 0.5
        }
    }
    geometry IndexedFaceSet {
        ccw TRUE
        solid FALSE
        coord DEF co Coordinate {
            point [
                0.4134 -0.0002 0.4134, 0.4134 -0.0002 0.4921, 0.4063 0.0758 0.4134, 0.4063 0.0758 0.4921, 0.3855 0.1492 0.4134, 0.3855 0.1492 0.4921, 0.3515 0.2174 0.4134, 0.3515 0.2174 0.4921, 0.3055 0.2783 0.4134, 0.3055 0.2783 0.4921, 0.2491 0.3297 0.4134, 0.2491 0.3297 0.4921, 0.1843 0.3699 0.4134, 0.1843 0.3699 0.4921, 0.1131 0.3974 0.4134, 0.1131 0.3974 0.4921, 0.0381 0.4114 0.4134, 0.0381 0.4114 0.4921, -0.0382 0.4114 0.4134, -0.0382 0.4114 0.4921, -0.1131 0.3974 0.4134, -0.1131 0.3974 0.4921, -0.1843 0.3699 0.4134, -0.1843 0.3699 0.4921, -0.2491 0.3297 0.4134, -0.2491 0.3297 0.4921, -0.3055 0.2783 0.4134, -0.3055 0.2783 0.4921, -0.3515 0.2174 0.4134, -0.3515 0.2174 0.4921, -0.3855 0.1492 0.4134, -0.3855 0.1492 0.4921, -0.4064 0.0758 0.4134, -0.4064 0.0758 0.4921, -0.4134 -0.0002 0.4134, -0.4134 -0.0002 0.4921, -0.4064 -0.0761 0.4134, -0.4064 -0.0761 0.4921, -0.3855 -0.1495 0.4134, -0.3855 -0.1495 0.4921, -0.3515 -0.2178 0.4134, -0.3515 -0.2178 0.4921, -0.3055 -0.2787 0.4134, -0.3055 -0.2787 0.4921, -0.2491 -0.3301 0.4134, -0.2491 -0.3301 0.4921, -0.1843 -0.3702 0.4134, -0.1843 -0.3702 0.4921, -0.1131 -0.3978 0.4134, -0.1131 -0.3978 0.4921, -0.0382 -0.4118 0.4134, -0.0382 -0.4118 0.4921, 0.0381 -0.4118 0.4134, 0.0381 -0.4118 0.4921, 0.1131 -0.3978 0.4134, 0.1131 -0.3978 0.4921, 0.1843 -0.3702 0.4134, 0.1843 -0.3702 0.4921, 0.2491 -0.3301 0.4134, 0.2491 -0.3301 0.4921, 0.3055 -0.2787 0.4134, 0.3055 -0.2787 0.4921, 0.3515 -0.2178 0.4134, 0.3515 -0.2178 0.4921, 0.3855 -0.1495 0.4134, 0.3855 -0.1495 0.4921, 0.4063 -0.0761 0.4134, 0.4063 -0.0761 0.4921, -0.0 -0.0002 0.4134
            ]
        }
        coordIndex [
            0,1,2,-1,2,1,3,-1,2,3,4,-1,4,3,5,-1,4,5,6,-1,6,5,7,-1,6,7,8,-1,8,7,9,-1,8,9,10,-1,10,9,11,-1,10,11,12,-1,12,11,13,-1,12,13,14,-1,14,13,15,-1,14,15,16,-1,16,15,17,-1,16,17,18,-1,18,17,19,-1,18,19,20,-1,20,19,21,-1,20,21,22,-1,22,21,23,-1,22,23,24,-1,24,23,25,-1,24,25,26,-1,26,25,27,-1,26,27,28,-1,28,27,29,-1,28,29,30,-1,30,29,31,-1,30,31,32,-1,32,31,33,-1,32,33,34,-1,34,33,35,-1,34,35,36,-1,36,35,37,-1,36,37,38,-1,38,37,39,-1,38,39,40,-1,40,39,41,-1,40,41,42,-1,42,41,43,-1,42,43,44,-1,44,43,45,-1,44,45,46,-1,46,45,47,-1,46,47,48,-1,48,47,49,-1,48,49,50,-1,50,49,51,-1,50,51,52,-1,52,51,53,-1,52,53,54,-1,54,53,55,-1,54,55,56,-1,56,55,57,-1,56,57,58,-1,58,57,59,-1,58,59,60,-1,60,59,61,-1,60,61,62,-1,62,61,63,-1,62,63,64,-1,64,63,65,-1,64,65,66,-1,66,65,67,-1,66,67,0,-1,0,67,1,-1,0,2,68,-1,62,64,68,-1,68,64,66,-1,68,66,0,-1,56,58,68,-1,68,58,60,-1,68,60,62,-1,50,52,68,-1,68,52,54,-1,68,54,56,-1,44,46,68,-1,68,46,48,-1,68,48,50,-1,38,40,68,-1,68,40,42,-1,68,42,44,-1,32,34,68,-1,68,34,36,-1,68,36,38,-1,26,28,68,-1,68,28,30,-1,68,30,32,-1,20,22,68,-1,68,22,24,-1,68,24,26,-1,14,16,68,-1,68,16,18,-1,68,18,20,-1,8,10,68,-1,68,10,12,-1,68,12,14,-1,2,4,68,-1,68,4,6,-1,68,6,8,-1,
        ]
    }
}
Shape{
    appearance Appearance {
        material  Material 	{
            diffuseColor 0.8313725490196079 0.8392156862745098 0.8313725490196079
            specularColor 0.4980392156862745 0.5019607843137255 0.4980392156862745
            ambientIntensity 0.836
            transparency 0.0
            shininess 0.5
        }
    }
    geometry IndexedFaceSet {
        ccw TRUE
        solid FALSE
        coord DEF co Coordinate {
            point [
                0.7267 -0.4385 0.3543, 0.4383 -0.7269 0.3543, 0.7302 -0.4421 0.3478, 0.4419 -0.7304 0.3478, 0.7311 -0.443 0.3462, 0.4428 -0.7313 0.3462, 0.7346 -0.4464 0.3424, 0.4462 -0.7347 0.3424, 0.7369 -0.4487 0.3399, 0.4485 -0.737 0.3399, 0.7395 -0.4514 0.3383, 0.4512 -0.7397 0.3383, 0.7436 -0.4554 0.336, 0.4552 -0.7438 0.336, 0.745 -0.4569 0.3357, 0.4567 -0.7452 0.3357, 0.7508 -0.4626 0.3346, 0.4624 -0.751 0.3346, 0.7382 -0.4348 0.3455, 0.7367 -0.4144 0.3543, 0.7361 -0.4235 0.3533, 0.7429 -0.4144 0.3462, 0.7422 -0.4252 0.3455, 0.7511 -0.4144 0.3399, 0.7452 -0.4388 0.3396, 0.7532 -0.4434 0.3359, 0.7499 -0.4273 0.3396, 0.7589 -0.4297 0.3359, 0.7606 -0.4144 0.336, 0.7708 -0.4144 0.3346, 0.7327 -0.4317 0.3533, 0.7328 -0.4317 0.3533, 0.7361 -0.4236 0.3533, 0.7684 -0.4322 0.3346, 0.7617 -0.4484 0.3346, 0.4233 -0.7363 0.3533, 0.4142 -0.7368 0.3543, 0.4142 -0.7431 0.3462, 0.4295 -0.7591 0.3359, 0.4321 -0.7686 0.3346, 0.4482 -0.7619 0.3346, 0.4315 -0.7329 0.3533, 0.4386 -0.7453 0.3396, 0.4346 -0.7384 0.3455, 0.4433 -0.7534 0.3359, 0.4315 -0.7329 0.3533, 0.4234 -0.7363 0.3533, 0.425 -0.7424 0.3455, 0.4271 -0.7501 0.3396, 0.4142 -0.7709 0.3346, 0.4142 -0.7607 0.336, 0.4142 -0.7513 0.3399, 0.7367 0.4141 0.3543, 0.7429 0.4141 0.3462, 0.7511 0.4141 0.3399, 0.7606 0.4141 0.336, 0.7708 0.4141 0.3346, 0.6685 -0.3862 0.4724, 0.6667 -0.3948 0.4735, 0.6667 -0.3948 0.4735, 0.6633 -0.4029 0.4735, 0.6633 -0.403 0.4735, 0.6585 -0.4103 0.4724, 0.4101 -0.6587 0.4724, 0.4068 -0.6553 0.479, 0.6552 -0.407 0.479, 0.4056 -0.6542 0.4805, 0.654 -0.4058 0.4805, 0.4024 -0.651 0.4845, 0.6508 -0.4026 0.4845, 0.3998 -0.6484 0.4867, 0.6482 -0.4 0.4867, 0.3974 -0.6459 0.4887, 0.6458 -0.3976 0.4887, 0.3932 -0.6417 0.4906, 0.6415 -0.3933 0.4906, 0.3918 -0.6404 0.4913, 0.6402 -0.392 0.4913, 0.386 -0.6346 0.4921, 0.6344 -0.3862 0.4921, 0.4028 -0.6635 0.4735, 0.4027 -0.6635 0.4735, 0.3946 -0.6669 0.4735, 0.3946 -0.6669 0.4735, 0.386 -0.6687 0.4724, -0.4143 -0.7368 0.3543, -0.4143 -0.7431 0.3462, -0.4143 -0.7513 0.3399, -0.4143 -0.7607 0.336, -0.4143 -0.7709 0.3346, 0.7361 0.4232 0.3533, 0.7589 0.4293 0.3359, 0.7684 0.4319 0.3346, 0.7617 0.448 0.3346, 0.7311 0.4426 0.3462, 0.7267 0.4382 0.3543, 0.7327 0.4313 0.3533, 0.7382 0.4344 0.3455, 0.7369 0.4484 0.3399, 0.7452 0.4385 0.3396, 0.7436 0.4551 0.336, 0.7532 0.4431 0.3359, 0.7508 0.4623 0.3346, 0.7328 0.4313 0.3533, 0.7361 0.4232 0.3533, 0.7422 0.4249 0.3455, 0.7499 0.4269 0.3396, 0.6445 -0.3862 0.4906, 0.6426 -0.3862 0.4913, 0.6423 -0.3883 0.4913, 0.6598 -0.4009 0.479, 0.6628 -0.3938 0.479, 0.6505 -0.3862 0.4887, 0.6499 -0.3903 0.4887, 0.6539 -0.3862 0.4867, 0.6568 -0.3922 0.4845, 0.6576 -0.3862 0.4845, 0.6415 -0.3903 0.4913, 0.6483 -0.3942 0.4887, 0.6545 -0.3978 0.4845, 0.6621 -0.3862 0.4805, 0.6638 -0.3862 0.479, 0.3901 -0.6417 0.4913, 0.3936 -0.6629 0.479, 0.4007 -0.66 0.479, 0.394 -0.6485 0.4887, 0.3976 -0.6547 0.4845, 0.386 -0.6428 0.4913, 0.3881 -0.6425 0.4913, 0.386 -0.6447 0.4906, 0.3902 -0.6501 0.4887, 0.386 -0.6507 0.4887, 0.392 -0.657 0.4845, 0.386 -0.6541 0.4867, 0.386 -0.6639 0.479, 0.386 -0.6623 0.4805, 0.386 -0.6578 0.4845, -0.4315 -0.7329 0.3533, -0.4384 -0.7269 0.3543, -0.4428 -0.7313 0.3462, -0.4433 -0.7534 0.3359, -0.4482 -0.7619 0.3346, -0.4321 -0.7686 0.3346, -0.4234 -0.7363 0.3533, -0.425 -0.7424 0.3455, -0.4271 -0.7501 0.3396, -0.4295 -0.7591 0.3359, -0.4234 -0.7363 0.3533, -0.4315 -0.7329 0.3533, -0.4346 -0.7384 0.3455, -0.4386 -0.7453 0.3396, -0.4625 -0.751 0.3346, -0.4553 -0.7438 0.336, -0.4485 -0.737 0.3399, 0.4383 0.7265 0.3543, 0.4428 0.7309 0.3462, 0.4485 0.7367 0.3399, 0.4552 0.7434 0.336, 0.4624 0.7506 0.3346, 0.665 0.3985 0.4735, 0.6633 0.4026 0.4735, 0.6621 0.4044 0.4732, 0.6585 0.4099 0.4724, 0.6685 0.3858 0.4724, 0.6671 0.3923 0.4732, 0.6667 0.3944 0.4735, 0.6344 0.3858 0.4921, 0.6426 0.3858 0.4913, 0.6445 0.3858 0.4906, 0.6505 0.3858 0.4887, 0.6539 0.3858 0.4867, 0.6576 0.3858 0.4845, 0.6621 0.3858 0.4805, 0.6638 0.3858 0.479, -0.386 -0.6346 0.4921, -0.386 -0.6428 0.4913, -0.386 -0.6447 0.4906, -0.386 -0.6507 0.4887, -0.386 -0.6541 0.4867, -0.386 -0.6578 0.4845, -0.386 -0.6623 0.4805, -0.386 -0.6639 0.479, -0.386 -0.6687 0.4724, -0.3987 -0.6652 0.4735, -0.3946 -0.6669 0.4735, -0.3925 -0.6673 0.4732, -0.4101 -0.6587 0.4724, -0.4046 -0.6623 0.4732, -0.4028 -0.6635 0.4735, -0.7267 -0.4385 0.3543, -0.7311 -0.443 0.3462, -0.7369 -0.4487 0.3399, -0.7436 -0.4554 0.336, -0.7508 -0.4626 0.3346, 0.4315 0.7326 0.3533, 0.4433 0.753 0.3359, 0.4482 0.7616 0.3346, 0.4321 0.7683 0.3346, 0.4142 0.7427 0.3462, 0.4142 0.7365 0.3543, 0.4233 0.7359 0.3533, 0.425 0.742 0.3455, 0.4142 0.7509 0.3399, 0.4271 0.7498 0.3396, 0.4142 0.7604 0.336, 0.4295 0.7587 0.3359, 0.4142 0.7706 0.3346, 0.4234 0.7359 0.3533, 0.4315 0.7326 0.3533, 0.4346 0.738 0.3455, 0.4386 0.745 0.3396, 0.642 0.389 0.4913, 0.6412 0.3904 0.4913, 0.6588 0.4021 0.479, 0.6615 0.3971 0.479, 0.6632 0.3916 0.479, 0.6458 0.3972 0.4887, 0.6415 0.393 0.4906, 0.6402 0.3916 0.4913, 0.6424 0.3874 0.4913, 0.6478 0.3948 0.4887, 0.6492 0.392 0.4887, 0.6502 0.389 0.4887, 0.654 0.4054 0.4805, 0.6508 0.4023 0.4845, 0.6537 0.3987 0.4845, 0.6482 0.3997 0.4867, 0.6572 0.3904 0.4845, 0.6559 0.3947 0.4845, 0.6552 0.4066 0.479, -0.3892 -0.6422 0.4913, -0.3876 -0.6426 0.4913, -0.3917 -0.6634 0.479, -0.3973 -0.6617 0.479, -0.4023 -0.659 0.479, -0.4068 -0.6553 0.479, -0.3918 -0.6404 0.4913, -0.3906 -0.6414 0.4913, -0.3932 -0.6417 0.4906, -0.3891 -0.6504 0.4887, -0.3922 -0.6494 0.4887, -0.395 -0.6479 0.4887, -0.3974 -0.6459 0.4887, -0.3905 -0.6574 0.4845, -0.3989 -0.6539 0.4845, -0.3949 -0.656 0.4845, -0.3998 -0.6484 0.4867, -0.4025 -0.651 0.4845, -0.4056 -0.6542 0.4805, -0.7361 -0.4235 0.3533, -0.7367 -0.4144 0.3543, -0.7429 -0.4144 0.3462, -0.7589 -0.4297 0.3359, -0.7684 -0.4322 0.3346, -0.7618 -0.4484 0.3346, -0.7327 -0.4317 0.3533, -0.7382 -0.4348 0.3455, -0.7452 -0.4388 0.3396, -0.7532 -0.4434 0.3359, -0.7328 -0.4317 0.3533, -0.7361 -0.4236 0.3533, -0.7422 -0.4252 0.3455, -0.7499 -0.4273 0.3396, -0.7708 -0.4144 0.3346, -0.7606 -0.4144 0.336, -0.7511 -0.4144 0.3399, -0.4143 0.7365 0.3543, -0.4143 0.7427 0.3462, -0.4143 0.7509 0.3399, -0.4143 0.7604 0.336, -0.4143 0.7706 0.3346, 0.3987 0.6649 0.4735, 0.3946 0.6665 0.4735, 0.3925 0.667 0.4732, 0.386 0.6683 0.4724, 0.4101 0.6583 0.4724, 0.4045 0.662 0.4732, 0.4028 0.6632 0.4735, 0.386 0.6342 0.4921, 0.3918 0.64 0.4913, 0.3932 0.6414 0.4906, 0.3974 0.6456 0.4887, 0.3998 0.648 0.4867, 0.4024 0.6507 0.4845, 0.4056 0.6538 0.4805, 0.4068 0.655 0.479, -0.6585 -0.4103 0.4724, -0.6552 -0.407 0.479, -0.654 -0.4058 0.4805, -0.6508 -0.4026 0.4845, -0.6482 -0.4 0.4867, -0.6458 -0.3976 0.4887, -0.6416 -0.3933 0.4906, -0.6402 -0.392 0.4913, -0.6344 -0.3862 0.4921, -0.6633 -0.403 0.4735, -0.6634 -0.4029 0.4735, -0.6667 -0.3948 0.4735, -0.6667 -0.3948 0.4735, -0.6685 -0.3862 0.4724, -0.7367 0.4141 0.3543, -0.7429 0.4141 0.3462, -0.7511 0.4141 0.3399, -0.7606 0.4141 0.336, -0.7708 0.4141 0.3346, -0.7267 0.4382 0.3543, -0.4384 0.7265 0.3543, -0.7311 0.4426 0.3462, -0.4428 0.7309 0.3462, -0.7369 0.4484 0.3399, -0.4485 0.7367 0.3399, -0.7436 0.4551 0.336, -0.4553 0.7434 0.336, -0.7508 0.4623 0.3346, -0.4625 0.7506 0.3346, -0.4234 0.7359 0.3533, -0.4295 0.7587 0.3359, -0.4321 0.7683 0.3346, -0.4482 0.7616 0.3346, -0.4315 0.7326 0.3533, -0.4346 0.738 0.3455, -0.4386 0.745 0.3396, -0.4433 0.753 0.3359, -0.4315 0.7326 0.3533, -0.4234 0.7359 0.3533, -0.425 0.742 0.3455, -0.4271 0.7498 0.3396, 0.3891 0.6418 0.4913, 0.3876 0.6423 0.4913, 0.3917 0.663 0.479, 0.3972 0.6614 0.479, 0.4023 0.6586 0.479, 0.386 0.6503 0.4887, 0.386 0.6443 0.4906, 0.386 0.6424 0.4913, 0.3906 0.641 0.4913, 0.3891 0.65 0.4887, 0.3921 0.6491 0.4887, 0.3949 0.6476 0.4887, 0.386 0.6619 0.4805, 0.386 0.6575 0.4845, 0.3905 0.657 0.4845, 0.386 0.6538 0.4867, 0.3989 0.6535 0.4845, 0.3949 0.6557 0.4845, 0.386 0.6636 0.479, -0.6415 -0.3903 0.4913, -0.6628 -0.3938 0.479, -0.6598 -0.4009 0.479, -0.6483 -0.3942 0.4887, -0.6545 -0.3978 0.4845, -0.6426 -0.3862 0.4913, -0.6423 -0.3883 0.4913, -0.6445 -0.3862 0.4906, -0.6499 -0.3903 0.4887, -0.6505 -0.3862 0.4887, -0.6569 -0.3922 0.4845, -0.654 -0.3862 0.4867, -0.6638 -0.3862 0.479, -0.6621 -0.3862 0.4805, -0.6577 -0.3862 0.4845, -0.7327 0.4313 0.3533, -0.7532 0.4431 0.3359, -0.7618 0.448 0.3346, -0.7684 0.4319 0.3346, -0.7361 0.4232 0.3533, -0.7422 0.4249 0.3455, -0.7499 0.4269 0.3396, -0.7589 0.4293 0.3359, -0.7361 0.4232 0.3533, -0.7328 0.4313 0.3533, -0.7382 0.4344 0.3455, -0.7452 0.4385 0.3396, -0.3987 0.6649 0.4735, -0.4028 0.6632 0.4735, -0.4046 0.662 0.4732, -0.4101 0.6583 0.4724, -0.386 0.6683 0.4724, -0.3925 0.667 0.4732, -0.3946 0.6665 0.4735, -0.386 0.6636 0.479, -0.386 0.6619 0.4805, -0.386 0.6575 0.4845, -0.386 0.6538 0.4867, -0.386 0.6503 0.4887, -0.386 0.6443 0.4906, -0.386 0.6424 0.4913, -0.386 0.6342 0.4921, -0.6685 0.3858 0.4724, -0.6638 0.3858 0.479, -0.6621 0.3858 0.4805, -0.6577 0.3858 0.4845, -0.654 0.3858 0.4867, -0.6505 0.3858 0.4887, -0.6445 0.3858 0.4906, -0.6426 0.3858 0.4913, -0.6344 0.3858 0.4921, -0.6585 0.4099 0.4724, -0.6622 0.4044 0.4732, -0.6633 0.4026 0.4735, -0.665 0.3985 0.4735, -0.6667 0.3944 0.4735, -0.6672 0.3923 0.4732, -0.3892 0.6418 0.4913, -0.3906 0.641 0.4913, -0.4023 0.6586 0.479, -0.3973 0.6614 0.479, -0.3917 0.663 0.479, -0.3974 0.6456 0.4887, -0.3932 0.6414 0.4906, -0.3918 0.64 0.4913, -0.3876 0.6423 0.4913, -0.395 0.6476 0.4887, -0.3922 0.6491 0.4887, -0.3891 0.65 0.4887, -0.4056 0.6538 0.4805, -0.4025 0.6507 0.4845, -0.3989 0.6535 0.4845, -0.3998 0.648 0.4867, -0.3905 0.657 0.4845, -0.3949 0.6557 0.4845, -0.4068 0.655 0.479, -0.642 0.389 0.4913, -0.6425 0.3874 0.4913, -0.6632 0.3916 0.479, -0.6615 0.3971 0.479, -0.6588 0.4021 0.479, -0.6552 0.4066 0.479, -0.6402 0.3916 0.4913, -0.6412 0.3904 0.4913, -0.6416 0.393 0.4906, -0.6502 0.389 0.4887, -0.6493 0.392 0.4887, -0.6478 0.3948 0.4887, -0.6458 0.3972 0.4887, -0.6572 0.3904 0.4845, -0.6537 0.3987 0.4845, -0.6559 0.3947 0.4845, -0.6482 0.3997 0.4867, -0.6508 0.4023 0.4845, -0.654 0.4054 0.4805, -0.0365 1.0234 0.1973, -0.0287 1.0234 0.1966, -0.0417 1.0234 0.1966, -0.0204 1.0234 0.2615, -0.0217 1.0234 0.2617, 0.0008 1.0234 0.2617, -0.0417 1.0234 0.2609, -0.0417 1.0234 0.2617, -0.0389 1.0234 0.2617, -0.1933 1.0234 0.2604, -0.217 1.0234 0.1966, -0.2374 1.0234 0.1966, -0.1833 1.0234 0.0948, -0.1838 1.0234 0.1585, -0.1773 1.0234 0.1585, 0.0998 1.0234 0.1887, 0.0958 1.0234 0.1783, 0.0666 1.0234 0.1783, 0.0926 1.0234 0.1585, 0.0666 1.0234 0.1585, 0.0666 1.0234 0.1598, 0.2771 1.0234 0.1585, 0.2212 1.0234 0.1585, 0.2188 1.0234 0.1598, 0.3829 1.0234 0.1763, 0.3825 1.0234 0.1783, 0.5118 1.0234 0.1783, 0.2671 1.0234 0.2699, 0.2625 1.0234 0.2716, 0.5118 1.0234 0.2716, 0.1616 1.0234 0.2564, 0.1469 1.0234 0.2392, 0.0666 1.0234 0.2617, 0.1373 1.0234 0.2203, 0.1346 1.0234 0.2193, 0.2046 1.0234 0.2784, 0.1858 1.0234 0.2716, 0.0666 1.0234 0.2716, 0.1818 1.0234 0.2702, 0.1693 1.0234 0.2617, 0.5118 1.0234 0.2953, 0.246 1.0234 0.2779, 0.2234 1.0234 0.2805, 0.0666 1.0234 0.2953, 0.5118 1.0234 0.2617, 0.2799 1.0234 0.2617, 0.2781 1.0234 0.2632, 0.3613 1.0234 0.2228, 0.3572 1.0234 0.2265, 0.3419 1.0234 0.2366, 0.3248 1.0234 0.2426, 0.3088 1.0234 0.2442, 0.2889 1.0234 0.2541, 0.3036 1.0234 0.2439, 0.2983 1.0234 0.2433, 0.5118 1.0234 0.1966, 0.3792 1.0234 0.1943, 0.378 1.0234 0.1966, 0.3714 1.0234 0.2104, 0.3831 1.0234 0.171, 0.5118 1.0234 0.1598, 0.3819 1.0234 0.1598, 0.5118 1.0234 0.1585, 0.3818 1.0234 0.1585, 0.2975 1.0234 0.0696, 0.308 1.0234 0.0741, 0.5118 1.0234 0.0197, 0.3169 1.0234 0.0809, 0.3236 1.0234 0.0893, 0.1805 1.0234 0.125, 0.1751 1.0234 0.1508, 0.1836 1.0234 0.1238, 0.1864 1.0234 0.1219, 0.1098 1.0234 0.1171, 0.1228 1.0234 0.1064, 0.0666 1.0234 0.0197, 0.1368 1.0234 0.0998, 0.1513 1.0234 0.0969, 0.0926 1.0234 0.1583, 0.095 1.0234 0.1434, 0.101 1.0234 0.1291, 0.2421 1.0234 0.0971, 0.2476 1.0234 0.087, 0.2547 1.0234 0.0792, 0.2638 1.0234 0.0729, 0.1771 1.0234 0.1253, 0.1767 1.0234 0.1253, 0.1753 1.0234 0.125, 0.1782 1.0234 0.0971, 0.1804 1.0234 0.0975, 0.1835 1.0234 0.0986, 0.1865 1.0234 0.1006, 0.1879 1.0234 0.1021, 0.274 1.0234 0.0691, 0.285 1.0234 0.0678, 0.2868 1.0234 0.0679, 0.3755 1.0234 0.1379, 0.3815 1.0234 0.155, 0.328 1.0234 0.0991, 0.3359 1.0234 0.1016, 0.352 1.0234 0.1102, 0.3643 1.0234 0.1212, 0.366 1.0234 0.1232, 0.1913 1.0234 0.1113, 0.1913 1.0234 0.1126, 0.2391 1.0234 0.1176, 0.1905 1.0234 0.1161, 0.1888 1.0234 0.1192, 0.1302 1.0234 0.136, 0.1252 1.0234 0.1431, 0.122 1.0234 0.1512, 0.1795 1.0234 0.1585, 0.1898 1.0234 0.1049, 0.1909 1.0234 0.108, 0.2394 1.0234 0.1084, 0.2391 1.0234 0.113, 0.1744 1.0234 0.1249, 0.1539 1.0234 0.1247, 0.1457 1.0234 0.1262, 0.1377 1.0234 0.1299, 0.1309 1.0234 0.1353, 0.121 1.0234 0.1585, 0.1209 1.0234 0.1598, 0.1803 1.0234 0.1598, 0.1208 1.0234 0.16, 0.3525 1.0234 0.1598, 0.3539 1.0234 0.1647, 0.1891 1.0234 0.1751, 0.3544 1.0234 0.1717, 0.3535 1.0234 0.1783, 0.121 1.0234 0.1639, 0.1231 1.0234 0.1727, 0.126 1.0234 0.1783, 0.2678 1.0234 0.1562, 0.2582 1.0234 0.1509, 0.2503 1.0234 0.1436, 0.3053 1.0234 0.1543, 0.2952 1.0234 0.1581, 0.3522 1.0234 0.1585, 0.2913 1.0234 0.1585, 0.2844 1.0234 0.1594, 0.2788 1.0234 0.159, 0.3507 1.0234 0.1536, 0.3223 1.0234 0.1394, 0.3147 1.0234 0.1479, 0.3453 1.0234 0.1442, 0.3372 1.0234 0.1358, 0.3274 1.0234 0.1296, 0.1598 1.0234 0.1958, 0.349 1.0234 0.1928, 0.353 1.0234 0.1827, 0.1561 1.0234 0.1958, 0.1273 1.0234 0.1806, 0.1325 1.0234 0.1866, 0.1395 1.0234 0.1916, 0.1475 1.0234 0.1947, 0.3463 1.0234 0.1966, 0.2844 1.0234 0.2099, 0.2878 1.0234 0.2118, 0.1681 1.0234 0.2212, 0.1779 1.0234 0.2339, 0.1813 1.0234 0.2372, 0.1941 1.0234 0.246, 0.2084 1.0234 0.2514, 0.298 1.0234 0.2155, 0.3085 1.0234 0.2169, 0.3132 1.0234 0.2167, 0.1599 1.0234 0.1966, 0.1618 1.0234 0.2062, 0.2231 1.0234 0.2532, 0.225 1.0234 0.2532, 0.2779 1.0234 0.2235, 0.2402 1.0234 0.2511, 0.2678 1.0234 0.2358, 0.2551 1.0234 0.2451, 0.3245 1.0234 0.2141, 0.3347 1.0234 0.2088, 0.3426 1.0234 0.2018, 0.0945 1.0234 0.1747, 0.0926 1.0234 0.1603, 0.0926 1.0234 0.1598, 0.1211 1.0234 0.2124, 0.1089 1.0234 0.2018, 0.0666 1.0234 0.1966, 0.1053 1.0234 0.1966, -0.2339 1.0234 0.1157, -0.2307 1.0234 0.1091, -0.2374 1.0234 0.0197, -0.2259 1.0234 0.1034, -0.2196 1.0234 0.1547, -0.2374 1.0234 0.1585, -0.2118 1.0234 0.1576, -0.2034 1.0234 0.1585, -0.2192 1.0234 0.0987, -0.2119 1.0234 0.0959, -0.1773 1.0234 0.0197, -0.201 1.0234 0.0947, -0.2262 1.0234 0.15, -0.2284 1.0234 0.1479, -0.2324 1.0234 0.1423, -0.2347 1.0234 0.1362, -0.2357 1.0234 0.1273, -0.2355 1.0234 0.1232, -0.1773 1.0234 0.1598, -0.1838 1.0234 0.1588, -0.2021 1.0234 0.1587, -0.2374 1.0234 0.1598, -0.1702 1.0234 0.1585, -0.1702 1.0234 0.1516, -0.1713 1.0234 0.1022, -0.1712 1.0234 0.0949, -0.1579 1.0234 0.1023, -0.1682 1.0234 0.1237, -0.1682 1.0234 0.1311, -0.1579 1.0234 0.1311, -0.1579 1.0234 0.1238, -0.1453 1.0234 0.1239, -0.1451 1.0234 0.1023, -0.1579 1.0234 0.1516, -0.1455 1.0234 0.1517, -0.1453 1.0234 0.1312, -0.1702 1.0234 0.1589, -0.1579 1.0234 0.1598, -0.0978 1.0234 0.1598, -0.1373 1.0234 0.1592, -0.1579 1.0234 0.159, -0.0978 1.0234 0.1285, -0.1052 1.0234 0.1067, -0.1074 1.0234 0.1066, -0.1062 1.0234 0.1029, -0.1064 1.0234 0.1029, -0.1068 1.0234 0.1045, -0.1579 1.0234 0.0197, -0.1579 1.0234 0.095, -0.0978 1.0234 0.0197, -0.1368 1.0234 0.0951, -0.1036 1.0234 0.0813, -0.0978 1.0234 0.1585, -0.1202 1.0234 0.141, -0.1372 1.0234 0.1585, -0.1285 1.0234 0.1409, -0.1073 1.0234 0.0884, -0.0492 1.0234 0.0973, -0.0492 1.0234 0.1056, -0.0417 1.0234 0.1585, -0.0417 1.0234 0.0197, -0.0532 1.0234 0.0197, -0.0532 1.0234 0.0959, -0.0506 1.0234 0.1343, -0.0521 1.0234 0.1365, -0.0532 1.0234 0.1585, -0.0532 1.0234 0.1033, -0.0532 1.0234 0.1203, -0.0521 1.0234 0.1038, -0.053 1.0234 0.1205, -0.0517 1.0234 0.1219, -0.0508 1.0234 0.1233, -0.0499 1.0234 0.1257, -0.0495 1.0234 0.1291, -0.0497 1.0234 0.1317, -0.0548 1.0234 0.0953, -0.0775 1.0234 0.1155, -0.079 1.0234 0.1133, -0.0781 1.0234 0.1325, -0.0532 1.0234 0.1376, -0.0547 1.0234 0.1389, -0.0566 1.0234 0.14, -0.0609 1.0234 0.1417, -0.0674 1.0234 0.1424, -0.0824 1.0234 0.1585, -0.0802 1.0234 0.108, -0.0797 1.0234 0.1047, -0.0824 1.0234 0.0197, -0.0787 1.0234 0.1022, -0.0772 1.0234 0.1001, -0.0689 1.0234 0.0954, -0.0616 1.0234 0.0946, -0.073 1.0234 0.1419, -0.0782 1.0234 0.1403, -0.0749 1.0234 0.0981, -0.0731 1.0234 0.097, -0.0665 1.0234 0.1359, -0.0642 1.0234 0.1357, -0.0577 1.0234 0.1298, -0.062 1.0234 0.1352, -0.0602 1.0234 0.1342, -0.0578 1.0234 0.1287, -0.0581 1.0234 0.1275, -0.0587 1.0234 0.1264, -0.0594 1.0234 0.1255, -0.0623 1.0234 0.1237, -0.0721 1.0234 0.1352, -0.0672 1.0234 0.1215, -0.0767 1.0234 0.1334, -0.0703 1.0234 0.1203, -0.0756 1.0234 0.1173, -0.059 1.0234 0.1332, -0.0583 1.0234 0.1322, -0.0579 1.0234 0.1311, -0.0571 1.0234 0.1018, -0.0615 1.0234 0.1157, -0.0567 1.0234 0.118, -0.0624 1.0234 0.1011, -0.0628 1.0234 0.1011, -0.0668 1.0234 0.1135, -0.0669 1.0234 0.1015, -0.0719 1.0234 0.1072, -0.0718 1.0234 0.1082, -0.0689 1.0234 0.1023, -0.0697 1.0234 0.1027, -0.0706 1.0234 0.1035, -0.0713 1.0234 0.1046, -0.0717 1.0234 0.1057, -0.0715 1.0234 0.1095, -0.0709 1.0234 0.1105, -0.0699 1.0234 0.1116, -0.2374 1.0234 0.2617, -0.1773 1.0234 0.2617, -0.1844 1.0234 0.2604, -0.1579 1.0234 0.1966, -0.1596 1.0234 0.1966, -0.1773 1.0234 0.2422, -0.1596 1.0234 0.1966, -0.1579 1.0234 0.1783, -0.1687 1.0234 0.1965, -0.1773 1.0234 0.1783, -0.1687 1.0234 0.1966, -0.1773 1.0234 0.1966, -0.1773 1.0234 0.214, -0.175 1.0234 0.214, -0.2016 1.0234 0.2138, -0.2079 1.0234 0.1966, -0.2081 1.0234 0.1962, -0.2172 1.0234 0.1962, -0.2374 1.0234 0.1783, -0.0887 1.0234 0.2259, -0.0978 1.0234 0.1966, -0.0887 1.0234 0.2333, -0.0978 1.0234 0.2617, -0.0824 1.0234 0.2617, -0.0908 1.0234 0.2611, -0.0907 1.0234 0.2537, -0.0824 1.0234 0.2333, -0.0824 1.0234 0.226, -0.0658 1.0234 0.2261, -0.0824 1.0234 0.2044, -0.0656 1.0234 0.2045, -0.0824 1.0234 0.2538, -0.066 1.0234 0.2539, -0.0658 1.0234 0.2334, -0.0573 1.0234 0.1973, -0.0532 1.0234 0.1966, -0.0824 1.0234 0.1966, -0.0918 1.0234 0.2043, -0.0918 1.0234 0.197, -0.0824 1.0234 0.1971, -0.0532 1.0234 0.2617, -0.0578 1.0234 0.2613, -0.0824 1.0234 0.2612, 0.0312 1.0234 0.262, 0.0312 1.0234 0.2617, 0.0047 1.0234 0.2617, 0.0316 1.0234 0.2052, 0.006 1.0234 0.205, 0.0061 1.0234 0.1977, 0.0047 1.0234 0.1966, 0.0399 1.0234 0.198, 0.0047 1.0234 0.2716, 0.0394 1.0234 0.262, 0.0394 1.0234 0.2617, -0.0449 1.0234 0.2599, -0.0449 1.0234 0.2513, -0.031 1.0234 0.2039, -0.0383 1.0234 0.2052, -0.0417 1.0234 0.2526, -0.0417 1.0234 0.2067, -0.0442 1.0234 0.2516, -0.0446 1.0234 0.208, -0.0377 1.0234 0.2542, -0.0298 1.0234 0.2552, -0.0054 1.0234 0.229, -0.0128 1.0234 0.2094, -0.017 1.0234 0.2064, -0.0123 1.0234 0.2482, -0.0088 1.0234 0.2433, -0.0167 1.0234 0.2517, -0.0217 1.0234 0.254, -0.0273 1.0234 0.2551, -0.0066 1.0234 0.2378, -0.0055 1.0234 0.2266, -0.0065 1.0234 0.2202, -0.0215 1.0234 0.2046, -0.028 1.0234 0.2038, -0.0085 1.0234 0.215, -0.0116 1.0234 0.2106, -0.0299 1.0234 0.2626, -0.0382 1.0234 0.2619, -0.0417 1.0234 0.2716, 0.0008 1.0234 0.242, -0.0015 1.0234 0.2473, -0.0062 1.0234 0.2534, -0.0077 1.0234 0.2548, -0.0137 1.0234 0.259, 0.0016 1.0234 0.2402, 0.0031 1.0234 0.2319, 0.0033 1.0234 0.2285, -0.0229 1.0234 0.1966, -0.0159 1.0234 0.1981, 0.0008 1.0234 0.1966, -0.0099 1.0234 0.201, -0.0048 1.0234 0.2053, -0.0005 1.0234 0.2113, 0.0008 1.0234 0.2149, 0.002 1.0234 0.218, -0.0267 1.0234 0.1964, -0.0417 1.0234 0.1783, -0.0235 1.0234 0.1966, 0.0008 1.0234 0.1783, -0.0445 1.0234 0.2, -0.0434 1.0234 0.1995, -0.0417 1.0234 0.199, 0.0061 1.0234 0.1034, 0.0061 1.0234 0.0961, 0.0047 1.0234 0.0197, 0.0047 1.0234 0.1585, 0.0072 1.0234 0.1528, 0.0072 1.0234 0.1585, 0.0406 1.0234 0.0964, 0.0321 1.0234 0.1252, 0.0323 1.0234 0.1036, 0.0092 1.0234 0.125, 0.0092 1.0234 0.1323, 0.0321 1.0234 0.1325, 0.0319 1.0234 0.153, 0.0071 1.0234 0.1602, 0.0072 1.0234 0.1598, 0.0047 1.0234 0.1598, 0.0047 1.0234 0.1783, 0.0401 1.0234 0.1604, 0.0401 1.0234 0.1598, 0.0402 1.0234 0.1585, -0.0935 1.0234 0.1412, -0.0846 1.0234 0.1412, -0.0798 1.0234 0.111, -0.0858 1.0234 0.0817, -0.0857 1.0234 0.0746, -0.1003 1.0234 0.0775, -0.0978 1.0234 0.0757, -0.0975 1.0234 0.0755, -0.0903 1.0234 0.0808, -0.0919 1.0234 0.0809, -0.0978 1.0234 0.1068, -0.0874 1.0234 0.0812, -0.0944 1.0234 0.0743, -0.0909 1.0234 0.0739, -0.0891 1.0234 0.074, -0.0936 1.0234 0.0814, -0.0952 1.0234 0.0823, -0.0968 1.0234 0.0839, -0.0978 1.0234 0.0858, -0.0986 1.0234 0.0872, -0.1022 1.0234 0.0955, -0.5118 1.0234 0.1585, -0.4043 1.0234 0.1585, -0.5118 1.0234 0.0197, -0.4043 1.0234 0.0197, -0.2482 1.0234 0.0943, -0.2391 1.0234 0.0944, -0.2639 1.0234 0.1583, -0.2727 1.0234 0.1582, -0.2967 1.0234 0.094, -0.2876 1.0234 0.094, -0.2811 1.0234 0.1116, -0.2545 1.0234 0.1118, -0.4043 1.0234 0.1598, -0.5118 1.0234 0.1598, -0.4043 1.0234 0.1783, -0.4043 1.0234 0.1966, -0.5118 1.0234 0.1783, -0.5118 1.0234 0.1966, -0.4043 1.0234 0.2617, -0.5118 1.0234 0.2617, -0.156 1.0234 0.2254, -0.1544 1.0234 0.2179, -0.1529 1.0234 0.2444, -0.1552 1.0234 0.2383, -0.1579 1.0234 0.2617, -0.1562 1.0234 0.2294, -0.1512 1.0234 0.2113, -0.1464 1.0234 0.2056, -0.1397 1.0234 0.2009, -0.1226 1.0234 0.2609, -0.1324 1.0234 0.2597, -0.1401 1.0234 0.2569, -0.1324 1.0234 0.1981, -0.1215 1.0234 0.1968, -0.1039 1.0234 0.197, -0.1043 1.0234 0.261, -0.1467 1.0234 0.2522, -0.1489 1.0234 0.25, -0.0532 1.0234 0.1783, -0.0824 1.0234 0.1783, -0.0978 1.0234 0.1783, -0.0532 1.0234 0.2716, -0.0824 1.0234 0.2716, -0.0978 1.0234 0.2716, -0.1579 1.0234 0.2716, -0.1773 1.0234 0.2716, -0.2374 1.0234 0.2716, -0.4043 1.0234 0.2716, -0.5118 1.0234 0.2716, -0.0033 1.0234 0.1155, -0.0049 1.0234 0.1178, -0.0063 1.0234 0.1308, -0.0383 1.0234 0.0958, 0.0008 1.0234 0.0197, -0.0303 1.0234 0.0959, -0.0268 1.0234 0.1423, -0.0302 1.0234 0.1412, -0.0329 1.0234 0.1397, -0.035 1.0234 0.1376, -0.024 1.0234 0.1359, -0.0213 1.0234 0.1362, -0.0169 1.0234 0.1231, -0.0367 1.0234 0.1351, -0.0379 1.0234 0.1314, -0.0385 1.0234 0.1252, -0.0063 1.0234 0.1386, -0.0079 1.0234 0.1395, 0.0008 1.0234 0.1585, -0.0139 1.0234 0.1418, -0.0221 1.0234 0.1427, -0.0074 1.0234 0.1199, -0.0108 1.0234 0.1217, -0.0118 1.0234 0.1342, -0.0169 1.0234 0.1358, -0.003 1.0234 0.1018, -0.002 1.0234 0.1045, -0.0016 1.0234 0.1083, -0.0081 1.0234 0.0967, -0.0055 1.0234 0.0986, -0.0047 1.0234 0.0994, -0.0016 1.0234 0.1093, -0.0022 1.0234 0.1127, -0.0305 1.0234 0.1249, -0.0302 1.0234 0.1284, -0.0294 1.0234 0.1313, -0.0285 1.0234 0.133, -0.0303 1.0234 0.1029, -0.0301 1.0234 0.1029, -0.0201 1.0234 0.0953, -0.016 1.0234 0.0949, -0.0112 1.0234 0.0955, -0.0273 1.0234 0.1343, -0.0259 1.0234 0.1352, -0.0288 1.0234 0.101, -0.0263 1.0234 0.0983, -0.0233 1.0234 0.0964, 0.0008 1.0234 0.1598, -0.0417 1.0234 0.1598, -0.0532 1.0234 0.1598, -0.0824 1.0234 0.1598, 0.0008 1.0234 0.2716, -0.0298 1.0234 0.2626, 0.0047 1.0234 0.2953, 0.0008 1.0234 0.2953, -0.0417 1.0234 0.2953, -0.0532 1.0234 0.2953, -0.0824 1.0234 0.2953, -0.0978 1.0234 0.2953, -0.1579 1.0234 0.2953, -0.1773 1.0234 0.2953, -0.2374 1.0234 0.2953, -0.4043 1.0234 0.2953, -0.5118 1.0234 0.2953, -0.5118 0.9841 0.0197, 0.5118 0.9841 0.0197, -0.5118 0.9841 0.2953, 0.5118 0.9841 0.2953
            ]
        }
        coordIndex [
            0,1,2,-1,2,1,3,-1,2,3,4,-1,4,3,5,-1,4,5,6,-1,6,5,7,-1,6,7,8,-1,8,7,9,-1,8,9,10,-1,10,9,11,-1,10,11,12,-1,12,11,13,-1,12,13,14,-1,14,13,15,-1,14,15,16,-1,16,15,17,-1,2,4,18,-1,19,20,21,-1,21,20,22,-1,21,22,23,-1,24,25,26,-1,26,25,27,-1,26,27,28,-1,28,27,29,-1,0,2,30,-1,30,2,18,-1,30,18,31,-1,31,18,22,-1,31,22,32,-1,32,22,20,-1,4,6,18,-1,18,6,24,-1,18,24,22,-1,22,24,26,-1,22,26,23,-1,23,26,28,-1,6,8,24,-1,24,8,10,-1,24,10,25,-1,25,10,12,-1,25,12,14,-1,29,27,33,-1,33,27,25,-1,33,25,34,-1,34,25,14,-1,34,14,16,-1,35,36,37,-1,38,39,40,-1,3,1,41,-1,42,7,43,-1,43,7,5,-1,43,5,3,-1,15,13,44,-1,44,13,11,-1,44,11,42,-1,42,11,9,-1,42,9,7,-1,3,41,43,-1,43,41,45,-1,43,45,46,-1,46,47,43,-1,43,47,48,-1,43,48,42,-1,42,48,38,-1,42,38,44,-1,44,38,40,-1,44,40,15,-1,15,40,17,-1,49,39,50,-1,50,39,38,-1,50,38,51,-1,51,38,48,-1,51,48,37,-1,37,48,47,-1,37,47,35,-1,35,47,46,-1,52,19,53,-1,53,19,21,-1,53,21,54,-1,54,21,23,-1,54,23,55,-1,55,23,28,-1,55,28,56,-1,56,28,29,-1,57,58,19,-1,19,58,20,-1,20,58,32,-1,32,58,59,-1,32,59,31,-1,31,59,60,-1,31,60,30,-1,60,61,30,-1,30,61,62,-1,30,62,0,-1,63,62,64,-1,64,62,65,-1,64,65,66,-1,66,65,67,-1,66,67,68,-1,68,67,69,-1,68,69,70,-1,70,69,71,-1,70,71,72,-1,72,71,73,-1,72,73,74,-1,74,73,75,-1,74,75,76,-1,76,75,77,-1,76,77,78,-1,78,77,79,-1,63,80,1,-1,1,80,41,-1,41,80,45,-1,45,80,81,-1,45,81,46,-1,46,81,82,-1,46,82,35,-1,82,83,35,-1,35,83,84,-1,35,84,36,-1,36,85,37,-1,37,85,86,-1,37,86,51,-1,51,86,87,-1,51,87,50,-1,50,87,88,-1,50,88,49,-1,49,88,89,-1,90,52,53,-1,91,92,93,-1,94,95,96,-1,94,97,98,-1,98,97,99,-1,98,99,100,-1,100,99,101,-1,100,101,102,-1,94,96,97,-1,97,96,103,-1,97,103,104,-1,104,105,97,-1,97,105,106,-1,97,106,99,-1,99,106,91,-1,99,91,101,-1,101,91,93,-1,101,93,102,-1,56,92,55,-1,55,92,91,-1,55,91,54,-1,54,91,106,-1,54,106,53,-1,53,106,105,-1,53,105,90,-1,90,105,104,-1,107,108,109,-1,61,60,110,-1,111,59,58,-1,107,109,112,-1,112,109,113,-1,112,113,114,-1,114,113,115,-1,114,115,116,-1,79,77,117,-1,117,77,75,-1,117,75,118,-1,118,75,73,-1,118,73,119,-1,119,73,71,-1,116,115,120,-1,120,115,111,-1,120,111,121,-1,121,111,58,-1,121,58,57,-1,60,59,110,-1,110,59,111,-1,110,111,119,-1,119,111,115,-1,119,115,118,-1,118,115,113,-1,118,113,117,-1,117,113,109,-1,117,109,79,-1,108,79,109,-1,62,61,65,-1,65,61,110,-1,65,110,67,-1,67,110,119,-1,67,119,69,-1,69,119,71,-1,74,76,122,-1,83,82,123,-1,124,81,80,-1,74,122,72,-1,72,122,125,-1,72,125,70,-1,70,125,126,-1,70,126,68,-1,78,127,128,-1,128,127,129,-1,128,129,130,-1,130,129,131,-1,130,131,132,-1,132,131,133,-1,68,126,66,-1,66,126,124,-1,66,124,64,-1,64,124,80,-1,64,80,63,-1,82,81,123,-1,123,81,124,-1,123,124,132,-1,132,124,126,-1,132,126,130,-1,130,126,125,-1,130,125,128,-1,128,125,122,-1,128,122,78,-1,76,78,122,-1,84,83,134,-1,134,83,123,-1,134,123,135,-1,135,123,132,-1,135,132,136,-1,136,132,133,-1,137,138,139,-1,140,141,142,-1,86,85,143,-1,86,144,87,-1,87,144,145,-1,87,145,88,-1,88,145,146,-1,88,146,89,-1,86,143,144,-1,144,143,147,-1,144,147,148,-1,148,149,144,-1,144,149,150,-1,144,150,145,-1,145,150,140,-1,145,140,146,-1,146,140,142,-1,146,142,89,-1,151,141,152,-1,152,141,140,-1,152,140,153,-1,153,140,150,-1,153,150,139,-1,139,150,149,-1,139,149,137,-1,137,149,148,-1,154,95,155,-1,155,95,94,-1,155,94,156,-1,156,94,98,-1,156,98,157,-1,157,98,100,-1,157,100,158,-1,158,100,102,-1,90,104,159,-1,159,104,103,-1,159,103,160,-1,160,103,96,-1,160,96,161,-1,161,96,95,-1,161,95,162,-1,163,52,164,-1,164,52,90,-1,164,90,165,-1,165,90,159,-1,166,79,167,-1,167,79,108,-1,167,108,168,-1,168,108,107,-1,168,107,169,-1,169,107,112,-1,169,112,170,-1,170,112,114,-1,170,114,171,-1,171,114,116,-1,171,116,172,-1,172,116,120,-1,172,120,173,-1,173,120,121,-1,173,121,163,-1,163,121,57,-1,78,174,127,-1,127,174,175,-1,127,175,129,-1,129,175,176,-1,129,176,131,-1,131,176,177,-1,131,177,133,-1,133,177,178,-1,133,178,136,-1,136,178,179,-1,136,179,135,-1,135,179,180,-1,135,180,134,-1,134,180,181,-1,134,181,84,-1,84,181,182,-1,137,148,183,-1,183,148,147,-1,183,147,184,-1,184,147,143,-1,184,143,185,-1,185,143,85,-1,185,85,182,-1,186,138,187,-1,187,138,137,-1,187,137,188,-1,188,137,183,-1,138,189,139,-1,139,189,190,-1,139,190,153,-1,153,190,191,-1,153,191,152,-1,152,191,192,-1,152,192,151,-1,151,192,193,-1,194,154,155,-1,195,196,197,-1,198,199,200,-1,198,201,202,-1,202,201,203,-1,202,203,204,-1,204,203,205,-1,204,205,206,-1,198,200,201,-1,201,200,207,-1,201,207,208,-1,208,209,201,-1,201,209,210,-1,201,210,203,-1,203,210,195,-1,203,195,205,-1,205,195,197,-1,205,197,206,-1,158,196,157,-1,157,196,195,-1,157,195,156,-1,156,195,210,-1,156,210,155,-1,155,210,209,-1,155,209,194,-1,194,209,208,-1,166,211,212,-1,161,213,160,-1,160,213,214,-1,160,214,159,-1,159,214,165,-1,165,214,215,-1,165,215,164,-1,164,215,173,-1,164,173,163,-1,216,217,212,-1,212,217,218,-1,212,218,166,-1,166,167,219,-1,219,167,168,-1,211,166,219,-1,216,212,220,-1,220,212,211,-1,220,211,221,-1,221,211,219,-1,221,219,222,-1,222,219,168,-1,222,168,169,-1,223,224,225,-1,225,224,226,-1,169,227,222,-1,222,227,228,-1,222,228,221,-1,221,228,225,-1,221,225,220,-1,220,225,226,-1,220,226,216,-1,161,162,213,-1,213,162,229,-1,213,229,223,-1,169,170,227,-1,227,170,171,-1,227,171,172,-1,223,225,213,-1,213,225,228,-1,213,228,214,-1,214,228,227,-1,214,227,215,-1,215,227,172,-1,215,172,173,-1,174,230,231,-1,185,232,184,-1,184,232,233,-1,184,233,183,-1,183,233,188,-1,188,233,234,-1,188,234,187,-1,187,234,235,-1,187,235,186,-1,177,176,231,-1,231,176,175,-1,231,175,174,-1,174,236,237,-1,237,236,238,-1,230,174,237,-1,177,231,239,-1,239,231,230,-1,239,230,240,-1,240,230,237,-1,240,237,241,-1,241,237,238,-1,241,238,242,-1,180,179,243,-1,243,179,178,-1,242,244,241,-1,241,244,245,-1,241,245,240,-1,240,245,243,-1,240,243,239,-1,239,243,178,-1,239,178,177,-1,185,182,232,-1,232,182,181,-1,232,181,180,-1,242,246,244,-1,244,246,247,-1,244,247,248,-1,180,243,232,-1,232,243,245,-1,232,245,233,-1,233,245,244,-1,233,244,234,-1,234,244,248,-1,234,248,235,-1,249,250,251,-1,252,253,254,-1,190,189,255,-1,190,256,191,-1,191,256,257,-1,191,257,192,-1,192,257,258,-1,192,258,193,-1,190,255,256,-1,256,255,259,-1,256,259,260,-1,260,261,256,-1,256,261,262,-1,256,262,257,-1,257,262,252,-1,257,252,258,-1,258,252,254,-1,258,254,193,-1,263,253,264,-1,264,253,252,-1,264,252,265,-1,265,252,262,-1,265,262,251,-1,251,262,261,-1,251,261,249,-1,249,261,260,-1,266,199,267,-1,267,199,198,-1,267,198,268,-1,268,198,202,-1,268,202,269,-1,269,202,204,-1,269,204,270,-1,270,204,206,-1,194,208,271,-1,271,208,207,-1,271,207,272,-1,272,207,200,-1,272,200,273,-1,273,200,199,-1,273,199,274,-1,275,154,276,-1,276,154,194,-1,276,194,277,-1,277,194,271,-1,278,166,279,-1,279,166,218,-1,279,218,280,-1,280,218,217,-1,280,217,281,-1,281,217,216,-1,281,216,282,-1,282,216,226,-1,282,226,283,-1,283,226,224,-1,283,224,284,-1,284,224,223,-1,284,223,285,-1,285,223,229,-1,285,229,275,-1,275,229,162,-1,286,186,287,-1,287,186,235,-1,287,235,288,-1,288,235,248,-1,288,248,289,-1,289,248,247,-1,289,247,290,-1,290,247,246,-1,290,246,291,-1,291,246,242,-1,291,242,292,-1,292,242,238,-1,292,238,293,-1,293,238,236,-1,293,236,294,-1,294,236,174,-1,286,295,189,-1,189,295,255,-1,255,295,259,-1,259,295,296,-1,259,296,260,-1,260,296,297,-1,260,297,249,-1,297,298,249,-1,249,298,299,-1,249,299,250,-1,250,300,251,-1,251,300,301,-1,251,301,265,-1,265,301,302,-1,265,302,264,-1,264,302,303,-1,264,303,263,-1,263,303,304,-1,305,306,307,-1,307,306,308,-1,307,308,309,-1,309,308,310,-1,309,310,311,-1,311,310,312,-1,311,312,313,-1,313,312,314,-1,315,266,267,-1,316,317,318,-1,308,306,319,-1,308,320,310,-1,310,320,321,-1,310,321,312,-1,312,321,322,-1,312,322,314,-1,308,319,320,-1,320,319,323,-1,320,323,324,-1,324,325,320,-1,320,325,326,-1,320,326,321,-1,321,326,316,-1,321,316,322,-1,322,316,318,-1,322,318,314,-1,270,317,269,-1,269,317,316,-1,269,316,268,-1,268,316,326,-1,268,326,267,-1,267,326,325,-1,267,325,315,-1,315,325,324,-1,278,327,328,-1,273,329,272,-1,272,329,330,-1,272,330,271,-1,271,330,277,-1,277,330,331,-1,277,331,276,-1,276,331,285,-1,276,285,275,-1,332,333,328,-1,328,333,334,-1,328,334,278,-1,278,279,335,-1,335,279,280,-1,327,278,335,-1,332,328,336,-1,336,328,327,-1,336,327,337,-1,337,327,335,-1,337,335,338,-1,338,335,280,-1,338,280,281,-1,339,340,341,-1,341,340,342,-1,281,343,338,-1,338,343,344,-1,338,344,337,-1,337,344,341,-1,337,341,336,-1,336,341,342,-1,336,342,332,-1,273,274,329,-1,329,274,345,-1,329,345,339,-1,281,282,343,-1,343,282,283,-1,343,283,284,-1,339,341,329,-1,329,341,344,-1,329,344,330,-1,330,344,343,-1,330,343,331,-1,331,343,284,-1,331,284,285,-1,292,293,346,-1,298,297,347,-1,348,296,295,-1,292,346,291,-1,291,346,349,-1,291,349,290,-1,290,349,350,-1,290,350,289,-1,294,351,352,-1,352,351,353,-1,352,353,354,-1,354,353,355,-1,354,355,356,-1,356,355,357,-1,289,350,288,-1,288,350,348,-1,288,348,287,-1,287,348,295,-1,287,295,286,-1,297,296,347,-1,347,296,348,-1,347,348,356,-1,356,348,350,-1,356,350,354,-1,354,350,349,-1,354,349,352,-1,352,349,346,-1,352,346,294,-1,293,294,346,-1,299,298,358,-1,358,298,347,-1,358,347,359,-1,359,347,356,-1,359,356,360,-1,360,356,357,-1,361,305,307,-1,362,363,364,-1,301,300,365,-1,301,366,302,-1,302,366,367,-1,302,367,303,-1,303,367,368,-1,303,368,304,-1,301,365,366,-1,366,365,369,-1,366,369,370,-1,370,371,366,-1,366,371,372,-1,366,372,367,-1,367,372,362,-1,367,362,368,-1,368,362,364,-1,368,364,304,-1,313,363,311,-1,311,363,362,-1,311,362,309,-1,309,362,372,-1,309,372,307,-1,307,372,371,-1,307,371,361,-1,361,371,370,-1,315,324,373,-1,373,324,323,-1,373,323,374,-1,374,323,319,-1,374,319,375,-1,375,319,306,-1,375,306,376,-1,377,266,378,-1,378,266,315,-1,378,315,379,-1,379,315,373,-1,274,377,345,-1,345,377,380,-1,345,380,339,-1,339,380,381,-1,339,381,340,-1,340,381,382,-1,340,382,342,-1,342,382,383,-1,342,383,332,-1,332,383,384,-1,332,384,333,-1,333,384,385,-1,333,385,334,-1,334,385,386,-1,334,386,278,-1,278,386,387,-1,388,299,389,-1,389,299,358,-1,389,358,390,-1,390,358,359,-1,390,359,391,-1,391,359,360,-1,391,360,392,-1,392,360,357,-1,392,357,393,-1,393,357,355,-1,393,355,394,-1,394,355,353,-1,394,353,395,-1,395,353,351,-1,395,351,396,-1,396,351,294,-1,397,305,398,-1,398,305,361,-1,398,361,399,-1,399,361,370,-1,399,370,400,-1,400,370,369,-1,400,369,401,-1,401,369,365,-1,401,365,402,-1,402,365,300,-1,402,300,388,-1,387,403,404,-1,375,405,374,-1,374,405,406,-1,374,406,373,-1,373,406,379,-1,379,406,407,-1,379,407,378,-1,378,407,380,-1,378,380,377,-1,408,409,404,-1,404,409,410,-1,404,410,387,-1,387,386,411,-1,411,386,385,-1,403,387,411,-1,408,404,412,-1,412,404,403,-1,412,403,413,-1,413,403,411,-1,413,411,414,-1,414,411,385,-1,414,385,384,-1,415,416,417,-1,417,416,418,-1,384,419,414,-1,414,419,420,-1,414,420,413,-1,413,420,417,-1,413,417,412,-1,412,417,418,-1,412,418,408,-1,375,376,405,-1,405,376,421,-1,405,421,415,-1,384,383,419,-1,419,383,382,-1,419,382,381,-1,415,417,405,-1,405,417,420,-1,405,420,406,-1,406,420,419,-1,406,419,407,-1,407,419,381,-1,407,381,380,-1,396,422,423,-1,402,424,401,-1,401,424,425,-1,401,425,400,-1,400,425,399,-1,399,425,426,-1,399,426,398,-1,398,426,427,-1,398,427,397,-1,393,394,423,-1,423,394,395,-1,423,395,396,-1,396,428,429,-1,429,428,430,-1,422,396,429,-1,393,423,431,-1,431,423,422,-1,431,422,432,-1,432,422,429,-1,432,429,433,-1,433,429,430,-1,433,430,434,-1,390,391,435,-1,435,391,392,-1,434,436,433,-1,433,436,437,-1,433,437,432,-1,432,437,435,-1,432,435,431,-1,431,435,392,-1,431,392,393,-1,402,388,424,-1,424,388,389,-1,424,389,390,-1,434,438,436,-1,436,438,439,-1,436,439,440,-1,390,435,424,-1,424,435,437,-1,424,437,425,-1,425,437,436,-1,425,436,426,-1,426,436,440,-1,426,440,427,-1,396,387,428,-1,428,387,410,-1,428,410,430,-1,430,410,409,-1,430,409,434,-1,434,409,408,-1,434,408,438,-1,438,408,418,-1,438,418,439,-1,439,418,416,-1,439,416,440,-1,440,416,415,-1,440,415,427,-1,427,415,421,-1,427,421,397,-1,397,421,376,-1,441,442,443,-1,444,445,446,-1,447,448,449,-1,450,451,452,-1,453,454,455,-1,456,457,458,-1,459,460,461,-1,462,463,464,-1,465,466,467,-1,468,469,470,-1,471,472,473,-1,473,472,474,-1,473,474,475,-1,476,477,478,-1,478,477,479,-1,478,479,473,-1,473,479,480,-1,473,480,471,-1,470,469,481,-1,469,482,481,-1,481,482,483,-1,481,483,484,-1,484,483,476,-1,485,486,470,-1,470,486,487,-1,470,487,468,-1,488,489,485,-1,489,490,485,-1,485,490,491,-1,485,491,486,-1,486,491,492,-1,486,492,493,-1,493,492,494,-1,493,494,495,-1,467,466,496,-1,466,497,496,-1,496,497,498,-1,496,498,485,-1,485,498,499,-1,485,499,488,-1,465,467,500,-1,500,467,501,-1,500,501,502,-1,502,501,503,-1,502,503,504,-1,505,506,507,-1,507,506,508,-1,507,508,509,-1,510,511,512,-1,512,511,513,-1,514,515,516,-1,516,515,517,-1,516,517,518,-1,459,519,460,-1,460,519,520,-1,460,520,516,-1,516,520,521,-1,516,521,514,-1,522,523,516,-1,516,523,524,-1,516,524,525,-1,510,526,511,-1,511,526,527,-1,511,527,528,-1,518,529,516,-1,516,529,530,-1,516,530,522,-1,530,531,522,-1,522,531,532,-1,522,532,533,-1,525,534,516,-1,516,534,535,-1,516,535,507,-1,507,535,536,-1,507,536,505,-1,507,537,503,-1,503,537,538,-1,503,538,504,-1,509,539,507,-1,507,539,540,-1,507,540,541,-1,541,542,507,-1,507,542,543,-1,507,543,537,-1,544,545,546,-1,546,545,547,-1,546,547,511,-1,511,547,548,-1,511,548,513,-1,549,550,511,-1,511,550,551,-1,511,551,552,-1,533,553,522,-1,522,553,554,-1,522,554,555,-1,555,554,544,-1,555,544,556,-1,556,544,546,-1,528,557,511,-1,511,557,558,-1,511,558,559,-1,559,560,511,-1,511,560,561,-1,511,561,549,-1,551,562,552,-1,552,562,563,-1,552,563,564,-1,564,563,565,-1,566,464,567,-1,567,464,568,-1,567,568,569,-1,569,568,570,-1,565,571,564,-1,564,571,572,-1,564,572,568,-1,568,572,573,-1,568,573,570,-1,462,574,463,-1,463,574,575,-1,463,575,576,-1,577,578,579,-1,579,578,580,-1,579,580,566,-1,566,580,581,-1,566,581,464,-1,464,581,582,-1,464,582,462,-1,583,584,579,-1,579,584,585,-1,579,585,577,-1,583,586,584,-1,584,586,587,-1,584,587,588,-1,589,590,591,-1,591,570,589,-1,589,570,573,-1,589,573,592,-1,592,573,593,-1,593,594,592,-1,592,594,595,-1,592,595,596,-1,597,598,599,-1,600,601,598,-1,601,602,598,-1,598,602,603,-1,598,603,604,-1,599,605,597,-1,597,605,606,-1,597,606,607,-1,590,589,597,-1,597,589,608,-1,597,608,598,-1,598,608,609,-1,598,609,600,-1,604,610,598,-1,598,610,611,-1,598,611,612,-1,612,611,613,-1,612,613,614,-1,614,613,615,-1,616,617,607,-1,607,617,618,-1,607,618,597,-1,619,620,461,-1,461,620,621,-1,461,621,459,-1,475,622,473,-1,473,622,623,-1,473,623,624,-1,624,623,625,-1,624,625,456,-1,626,627,628,-1,628,627,629,-1,630,631,632,-1,632,631,633,-1,629,634,628,-1,628,634,635,-1,628,635,636,-1,636,635,637,-1,636,637,453,-1,630,638,631,-1,631,638,639,-1,631,639,640,-1,640,641,631,-1,631,641,642,-1,631,642,628,-1,628,642,643,-1,628,643,626,-1,455,454,644,-1,454,645,644,-1,644,645,646,-1,644,646,647,-1,647,646,633,-1,455,648,649,-1,455,650,651,-1,652,650,653,-1,653,650,455,-1,653,455,654,-1,654,455,649,-1,654,649,655,-1,653,656,652,-1,652,656,657,-1,652,657,658,-1,649,659,655,-1,655,659,660,-1,655,660,661,-1,648,455,662,-1,662,455,644,-1,662,644,663,-1,664,665,663,-1,663,665,666,-1,663,666,662,-1,667,668,669,-1,670,671,668,-1,668,671,672,-1,668,672,669,-1,453,455,636,-1,636,455,651,-1,636,651,673,-1,673,651,674,-1,673,674,675,-1,675,674,676,-1,675,676,677,-1,678,679,680,-1,680,679,681,-1,680,681,676,-1,676,681,682,-1,676,682,677,-1,683,684,685,-1,686,687,688,-1,689,690,685,-1,685,690,691,-1,692,693,694,-1,694,693,695,-1,694,695,684,-1,684,695,696,-1,684,696,697,-1,697,698,684,-1,684,698,699,-1,684,699,685,-1,685,699,700,-1,685,700,689,-1,688,687,701,-1,702,703,704,-1,690,705,691,-1,691,705,706,-1,691,706,707,-1,707,708,691,-1,691,708,709,-1,691,709,710,-1,711,712,713,-1,713,712,714,-1,713,714,715,-1,713,716,687,-1,687,716,717,-1,687,717,701,-1,709,718,710,-1,710,718,719,-1,710,719,704,-1,715,720,713,-1,713,720,721,-1,713,721,716,-1,722,723,724,-1,724,723,725,-1,724,725,726,-1,724,727,722,-1,722,727,728,-1,722,728,729,-1,729,730,722,-1,722,730,731,-1,722,731,732,-1,732,731,733,-1,732,733,734,-1,734,733,735,-1,734,735,704,-1,704,735,736,-1,704,736,702,-1,737,738,726,-1,726,738,739,-1,726,739,724,-1,740,741,692,-1,692,741,742,-1,692,742,693,-1,740,743,741,-1,741,743,744,-1,741,744,745,-1,745,744,746,-1,745,747,748,-1,746,749,745,-1,745,749,750,-1,745,750,751,-1,751,752,745,-1,745,752,753,-1,745,753,747,-1,748,754,745,-1,745,754,755,-1,745,755,756,-1,757,758,450,-1,450,758,759,-1,760,761,762,-1,763,764,765,-1,765,764,766,-1,765,766,767,-1,766,768,767,-1,767,768,769,-1,767,769,770,-1,771,769,772,-1,772,769,768,-1,772,768,773,-1,773,768,766,-1,773,766,774,-1,774,766,775,-1,774,775,451,-1,776,777,778,-1,778,777,779,-1,780,781,779,-1,779,781,782,-1,779,782,778,-1,778,782,783,-1,784,785,786,-1,786,785,787,-1,782,788,783,-1,783,788,789,-1,783,789,790,-1,791,792,793,-1,784,786,776,-1,776,786,794,-1,776,794,777,-1,777,794,795,-1,777,795,793,-1,793,795,796,-1,793,796,791,-1,797,798,780,-1,780,798,799,-1,780,799,781,-1,800,801,802,-1,802,801,803,-1,802,803,804,-1,804,805,806,-1,806,805,807,-1,800,808,809,-1,809,808,478,-1,809,478,810,-1,810,478,473,-1,810,473,807,-1,807,473,624,-1,807,624,806,-1,448,447,797,-1,797,447,811,-1,797,811,812,-1,813,814,815,-1,815,814,816,-1,815,816,817,-1,817,816,818,-1,817,818,812,-1,812,818,792,-1,812,792,797,-1,797,792,791,-1,797,791,798,-1,819,820,821,-1,815,822,823,-1,824,825,826,-1,826,825,827,-1,820,828,821,-1,821,828,827,-1,821,827,829,-1,829,827,825,-1,819,821,815,-1,815,821,830,-1,815,830,831,-1,823,832,815,-1,815,832,833,-1,815,833,813,-1,831,834,815,-1,815,834,835,-1,815,835,822,-1,836,837,838,-1,838,837,449,-1,839,840,446,-1,446,840,841,-1,841,842,446,-1,446,842,843,-1,446,843,444,-1,839,446,844,-1,844,446,802,-1,844,802,845,-1,804,806,802,-1,802,806,846,-1,802,846,845,-1,847,848,849,-1,849,848,850,-1,849,850,851,-1,851,852,849,-1,849,852,853,-1,849,853,806,-1,806,853,854,-1,806,854,846,-1,442,855,856,-1,856,855,857,-1,856,857,858,-1,818,859,792,-1,792,859,860,-1,792,860,443,-1,443,860,861,-1,443,861,441,-1,862,863,864,-1,862,865,866,-1,866,865,867,-1,864,863,516,-1,516,863,868,-1,516,868,460,-1,869,870,871,-1,871,870,862,-1,871,862,872,-1,872,862,866,-1,872,866,873,-1,873,866,874,-1,875,876,877,-1,877,876,867,-1,875,878,879,-1,879,878,458,-1,879,458,880,-1,868,881,460,-1,460,881,880,-1,460,880,461,-1,461,880,458,-1,461,458,619,-1,619,458,457,-1,669,679,667,-1,667,679,678,-1,667,678,882,-1,882,678,883,-1,703,884,704,-1,704,884,711,-1,704,711,710,-1,710,711,713,-1,710,713,885,-1,885,713,886,-1,677,887,675,-1,675,887,888,-1,675,888,889,-1,890,891,892,-1,678,710,883,-1,883,710,885,-1,883,885,892,-1,892,885,893,-1,892,893,890,-1,889,894,675,-1,675,894,895,-1,675,895,713,-1,713,895,896,-1,713,896,886,-1,891,897,892,-1,892,897,898,-1,892,898,899,-1,899,900,892,-1,892,900,901,-1,892,901,902,-1,903,904,905,-1,905,904,906,-1,907,908,628,-1,628,908,631,-1,631,908,909,-1,631,909,904,-1,904,909,910,-1,904,910,906,-1,906,910,911,-1,906,911,912,-1,913,914,912,-1,912,914,907,-1,912,907,906,-1,906,907,628,-1,633,631,647,-1,647,631,904,-1,647,904,915,-1,915,904,903,-1,915,903,916,-1,451,775,452,-1,452,775,917,-1,452,917,918,-1,918,917,919,-1,918,919,920,-1,450,452,757,-1,757,452,918,-1,757,918,921,-1,921,918,920,-1,921,920,922,-1,923,924,760,-1,925,926,927,-1,927,926,928,-1,924,929,760,-1,760,929,930,-1,760,930,931,-1,779,932,927,-1,927,932,933,-1,927,933,934,-1,931,935,760,-1,760,935,936,-1,760,936,777,-1,777,936,937,-1,777,937,779,-1,779,937,938,-1,779,938,932,-1,934,939,927,-1,927,939,940,-1,927,940,925,-1,759,758,762,-1,762,758,927,-1,762,927,760,-1,760,927,928,-1,760,928,923,-1,442,856,443,-1,443,856,941,-1,443,941,792,-1,792,941,942,-1,792,942,793,-1,793,942,943,-1,793,943,777,-1,777,943,764,-1,777,764,760,-1,760,764,763,-1,760,763,761,-1,449,448,838,-1,838,448,797,-1,838,797,944,-1,944,797,780,-1,944,780,945,-1,945,780,779,-1,945,779,946,-1,946,779,927,-1,946,927,947,-1,947,927,758,-1,947,758,948,-1,948,758,757,-1,948,757,949,-1,949,757,921,-1,949,921,950,-1,950,921,922,-1,950,922,951,-1,952,953,954,-1,686,955,956,-1,956,955,957,-1,958,959,685,-1,685,959,960,-1,685,960,961,-1,962,963,964,-1,961,965,685,-1,685,965,966,-1,685,966,967,-1,968,969,970,-1,970,969,971,-1,970,971,685,-1,685,971,972,-1,685,972,958,-1,953,973,954,-1,954,973,974,-1,954,974,975,-1,975,974,964,-1,975,964,976,-1,976,964,963,-1,688,683,686,-1,686,683,685,-1,686,685,955,-1,955,685,967,-1,977,978,956,-1,956,978,979,-1,980,981,956,-1,956,981,982,-1,956,982,977,-1,970,983,984,-1,985,986,964,-1,964,986,987,-1,964,987,988,-1,957,989,990,-1,991,992,956,-1,956,992,993,-1,956,993,980,-1,968,970,954,-1,954,970,984,-1,954,984,952,-1,988,994,964,-1,964,994,995,-1,964,995,962,-1,990,996,957,-1,957,996,997,-1,957,997,956,-1,956,997,998,-1,956,998,991,-1,862,864,865,-1,865,864,956,-1,865,956,970,-1,970,956,979,-1,970,979,983,-1,867,865,877,-1,877,865,970,-1,877,970,999,-1,999,970,685,-1,999,685,1000,-1,1000,685,691,-1,1000,691,1001,-1,1001,691,710,-1,1001,710,1002,-1,1002,710,678,-1,1002,678,664,-1,664,678,680,-1,664,680,665,-1,875,877,878,-1,878,877,999,-1,878,999,858,-1,858,999,1000,-1,858,1000,856,-1,856,1000,1001,-1,856,1001,941,-1,941,1001,1002,-1,941,1002,942,-1,942,1002,664,-1,942,664,943,-1,943,664,663,-1,943,663,764,-1,764,663,644,-1,764,644,766,-1,766,644,647,-1,766,647,775,-1,775,647,915,-1,775,915,917,-1,917,915,916,-1,917,916,919,-1,800,802,808,-1,808,802,446,-1,808,446,1003,-1,1003,446,445,-1,1003,445,838,-1,838,445,1004,-1,838,1004,836,-1,456,458,624,-1,624,458,878,-1,624,878,806,-1,806,878,858,-1,806,858,849,-1,849,858,857,-1,849,857,847,-1,476,478,484,-1,484,478,808,-1,484,808,1005,-1,1005,808,1003,-1,1005,1003,1006,-1,1006,1003,838,-1,1006,838,1007,-1,1007,838,944,-1,1007,944,1008,-1,1008,944,945,-1,1008,945,1009,-1,1009,945,946,-1,1009,946,1010,-1,1010,946,947,-1,1010,947,1011,-1,1011,947,948,-1,1011,948,1012,-1,1012,948,949,-1,1012,949,1013,-1,1013,949,950,-1,1013,950,1014,-1,1014,950,951,-1,1014,951,1015,-1,1016,1017,1018,-1,1018,1017,1019,-1,1016,905,906,-1,906,628,1016,-1,1016,628,636,-1,1016,636,673,-1,686,956,1017,-1,673,675,1016,-1,1016,675,713,-1,1016,713,1017,-1,1017,713,687,-1,1017,687,686,-1,956,864,1017,-1,1017,864,516,-1,1017,516,507,-1,
        ]
    }
}
Shape{
    appearance Appearance {
        material  Material 	{
            diffuseColor 0.0 0.0 0.0
            specularColor 0.0 0.0 0.0
            ambientIntensity 0.0
            transparency 0.0
            shininess 0.5
        }
    }
    geometry IndexedFaceSet {
        ccw TRUE
        solid FALSE
        coord DEF co Coordinate {
            point [
                0.006 1.0238 0.205, 0.0061 1.0238 0.1977, 0.006 1.0234 0.205, 0.0061 1.0234 0.1977, 0.0316 1.0238 0.2052, 0.0316 1.0234 0.2052, 0.0312 1.0238 0.262, 0.0312 1.0234 0.2617, 0.0312 1.0234 0.262, 0.0394 1.0238 0.262, 0.0394 1.0234 0.262, 0.0399 1.0234 0.198, 0.0399 1.0238 0.198, 0.0394 1.0234 0.2617, -0.0445 1.0234 0.2, -0.0445 1.0238 0.2, -0.0434 1.0238 0.1995, -0.0267 1.0238 0.1964, -0.0267 1.0234 0.1964, -0.0287 1.0234 0.1966, -0.0365 1.0238 0.1973, -0.0365 1.0234 0.1973, -0.0417 1.0234 0.199, -0.0434 1.0234 0.1995, -0.0446 1.0238 0.208, -0.0446 1.0234 0.208, -0.0417 1.0234 0.2067, -0.0383 1.0238 0.2052, -0.0383 1.0234 0.2052, -0.031 1.0234 0.2039, -0.031 1.0238 0.2039, -0.028 1.0234 0.2038, -0.028 1.0238 0.2038, -0.0215 1.0234 0.2046, -0.0215 1.0238 0.2046, -0.017 1.0234 0.2064, -0.017 1.0238 0.2064, -0.0128 1.0234 0.2094, -0.0128 1.0238 0.2094, -0.0116 1.0234 0.2106, -0.0116 1.0238 0.2106, -0.0085 1.0234 0.215, -0.0085 1.0238 0.215, -0.0065 1.0234 0.2202, -0.0065 1.0238 0.2202, -0.0055 1.0234 0.2266, -0.0055 1.0238 0.2266, -0.0054 1.0234 0.229, -0.0054 1.0238 0.229, -0.0066 1.0234 0.2378, -0.0066 1.0238 0.2378, -0.0088 1.0234 0.2433, -0.0088 1.0238 0.2433, -0.0123 1.0234 0.2482, -0.0123 1.0238 0.2482, -0.0167 1.0234 0.2517, -0.0167 1.0238 0.2517, -0.0217 1.0234 0.254, -0.0217 1.0238 0.254, -0.0273 1.0234 0.2551, -0.0273 1.0238 0.2551, -0.0298 1.0234 0.2552, -0.0298 1.0238 0.2552, -0.0449 1.0234 0.2513, -0.0449 1.0238 0.2513, -0.0442 1.0238 0.2516, -0.0377 1.0234 0.2542, -0.0377 1.0238 0.2542, -0.0417 1.0234 0.2526, -0.0442 1.0234 0.2516, -0.0449 1.0238 0.2599, -0.0449 1.0234 0.2599, -0.0389 1.0234 0.2617, -0.0382 1.0238 0.2619, -0.0417 1.0234 0.2609, -0.0382 1.0234 0.2619, -0.0299 1.0234 0.2626, -0.0299 1.0238 0.2626, -0.0298 1.0234 0.2626, -0.0298 1.0238 0.2626, -0.0204 1.0238 0.2615, -0.0217 1.0234 0.2617, -0.0204 1.0234 0.2615, -0.0137 1.0234 0.259, -0.0137 1.0238 0.259, -0.0077 1.0234 0.2548, -0.0077 1.0238 0.2548, -0.0062 1.0234 0.2534, -0.0062 1.0238 0.2534, -0.0015 1.0234 0.2473, -0.0015 1.0238 0.2473, 0.0008 1.0234 0.242, 0.0016 1.0238 0.2402, 0.0016 1.0234 0.2402, 0.0031 1.0234 0.2319, 0.0031 1.0238 0.2319, 0.0033 1.0234 0.2285, 0.0033 1.0238 0.2285, -0.0048 1.0234 0.2053, -0.0048 1.0238 0.2053, -0.0005 1.0238 0.2113, 0.002 1.0234 0.218, 0.002 1.0238 0.218, 0.0008 1.0234 0.2149, -0.0005 1.0234 0.2113, -0.0235 1.0234 0.1966, -0.0229 1.0238 0.1966, -0.0229 1.0234 0.1966, -0.0159 1.0238 0.1981, -0.0159 1.0234 0.1981, -0.0099 1.0238 0.201, -0.0099 1.0234 0.201, -0.0918 1.0238 0.2043, -0.0918 1.0238 0.197, -0.0918 1.0234 0.2043, -0.0918 1.0234 0.197, -0.0656 1.0234 0.2045, -0.0656 1.0238 0.2045, -0.0824 1.0234 0.2044, -0.0658 1.0238 0.2261, -0.0658 1.0234 0.2261, -0.0887 1.0234 0.2259, -0.0887 1.0238 0.2259, -0.0824 1.0234 0.226, -0.0887 1.0238 0.2333, -0.0887 1.0234 0.2333, -0.0658 1.0234 0.2334, -0.0658 1.0238 0.2334, -0.0824 1.0234 0.2333, -0.066 1.0238 0.2539, -0.066 1.0234 0.2539, -0.0907 1.0234 0.2537, -0.0907 1.0238 0.2537, -0.0824 1.0234 0.2538, -0.0908 1.0238 0.2611, -0.0908 1.0234 0.2611, -0.0578 1.0234 0.2613, -0.0578 1.0238 0.2613, -0.0824 1.0234 0.2612, -0.0573 1.0238 0.1973, -0.0573 1.0234 0.1973, -0.0824 1.0234 0.1971, -0.1438 1.0238 0.2146, -0.1406 1.0238 0.2107, -0.1464 1.0238 0.2056, -0.1394 1.0238 0.2096, -0.1397 1.0238 0.2009, -0.1351 1.0238 0.2069, -0.1324 1.0238 0.1981, -0.1296 1.0238 0.205, -0.1215 1.0238 0.1968, -0.1215 1.0238 0.2041, -0.1039 1.0238 0.197, -0.1122 1.0238 0.2042, -0.1043 1.0238 0.261, -0.1125 1.0238 0.2536, -0.1226 1.0238 0.2609, -0.1222 1.0238 0.2535, -0.1324 1.0238 0.2597, -0.1304 1.0238 0.2526, -0.1401 1.0238 0.2569, -0.136 1.0238 0.2505, -0.1467 1.0238 0.2522, -0.1406 1.0238 0.2474, -0.1489 1.0238 0.25, -0.1424 1.0238 0.2456, -0.1529 1.0238 0.2444, -0.1448 1.0238 0.2421, -0.1552 1.0238 0.2383, -0.1466 1.0238 0.2374, -0.1562 1.0238 0.2294, -0.1475 1.0238 0.2293, -0.156 1.0238 0.2254, -0.1473 1.0238 0.2252, -0.1544 1.0238 0.2179, -0.146 1.0238 0.2194, -0.1512 1.0238 0.2113, -0.1215 1.0234 0.1968, -0.1039 1.0234 0.197, -0.1324 1.0234 0.1981, -0.1397 1.0234 0.2009, -0.1464 1.0234 0.2056, -0.1512 1.0234 0.2113, -0.1544 1.0234 0.2179, -0.156 1.0234 0.2254, -0.1562 1.0234 0.2294, -0.1552 1.0234 0.2383, -0.1529 1.0234 0.2444, -0.1489 1.0234 0.25, -0.1467 1.0234 0.2522, -0.1401 1.0234 0.2569, -0.1324 1.0234 0.2597, -0.1226 1.0234 0.2609, -0.1043 1.0234 0.261, -0.1222 1.0234 0.2535, -0.1125 1.0234 0.2536, -0.1122 1.0234 0.2042, -0.1215 1.0234 0.2041, -0.1406 1.0234 0.2107, -0.1394 1.0234 0.2096, -0.1351 1.0234 0.2069, -0.1296 1.0234 0.205, -0.1475 1.0234 0.2293, -0.1473 1.0234 0.2252, -0.146 1.0234 0.2194, -0.1438 1.0234 0.2146, -0.1406 1.0234 0.2474, -0.1424 1.0234 0.2456, -0.1448 1.0234 0.2421, -0.1466 1.0234 0.2374, -0.1304 1.0234 0.2526, -0.136 1.0234 0.2505
            ]
        }
        coordIndex [
            0,1,2,-1,2,1,3,-1,4,0,5,-1,5,0,2,-1,4,5,6,-1,6,5,7,-1,6,7,8,-1,9,6,10,-1,10,6,8,-1,11,12,13,-1,13,12,9,-1,13,9,10,-1,1,12,3,-1,3,12,11,-1,6,9,4,-1,4,9,12,-1,4,12,0,-1,0,12,1,-1,14,15,16,-1,17,18,19,-1,17,19,20,-1,19,21,20,-1,20,21,22,-1,20,22,16,-1,16,22,23,-1,16,23,14,-1,24,15,25,-1,25,15,14,-1,24,25,26,-1,24,26,27,-1,26,28,27,-1,27,28,29,-1,27,29,30,-1,30,29,31,-1,30,31,32,-1,32,31,33,-1,32,33,34,-1,34,33,35,-1,34,35,36,-1,36,35,37,-1,36,37,38,-1,38,37,39,-1,38,39,40,-1,40,39,41,-1,40,41,42,-1,42,41,43,-1,42,43,44,-1,44,43,45,-1,44,45,46,-1,46,45,47,-1,46,47,48,-1,48,47,49,-1,48,49,50,-1,50,49,51,-1,50,51,52,-1,52,51,53,-1,52,53,54,-1,54,53,55,-1,54,55,56,-1,56,55,57,-1,56,57,58,-1,58,57,59,-1,58,59,60,-1,60,59,61,-1,60,61,62,-1,63,64,65,-1,62,61,66,-1,62,66,67,-1,67,66,68,-1,67,68,65,-1,65,68,69,-1,65,69,63,-1,70,64,71,-1,71,64,63,-1,72,73,74,-1,74,73,70,-1,74,70,71,-1,72,75,73,-1,73,75,76,-1,73,76,77,-1,77,76,78,-1,77,78,79,-1,80,79,81,-1,81,79,78,-1,81,82,80,-1,80,82,83,-1,80,83,84,-1,84,83,85,-1,84,85,86,-1,86,85,87,-1,86,87,88,-1,88,87,89,-1,88,89,90,-1,90,89,91,-1,90,91,92,-1,91,93,92,-1,92,93,94,-1,92,94,95,-1,95,94,96,-1,95,96,97,-1,98,99,100,-1,97,96,101,-1,97,101,102,-1,102,101,103,-1,102,103,100,-1,100,103,104,-1,100,104,98,-1,18,17,105,-1,105,17,106,-1,105,106,107,-1,107,106,108,-1,107,108,109,-1,109,108,110,-1,109,110,111,-1,111,110,99,-1,111,99,98,-1,65,64,70,-1,56,86,54,-1,54,86,88,-1,54,88,52,-1,52,88,90,-1,52,90,50,-1,65,70,67,-1,67,70,73,-1,67,73,62,-1,62,73,77,-1,62,77,60,-1,60,77,79,-1,60,79,58,-1,58,79,80,-1,58,80,56,-1,56,80,84,-1,56,84,86,-1,97,48,95,-1,95,48,50,-1,95,50,92,-1,92,50,90,-1,15,24,16,-1,16,24,27,-1,16,27,20,-1,20,27,30,-1,20,30,17,-1,17,30,32,-1,17,32,106,-1,106,32,34,-1,106,34,108,-1,108,34,36,-1,108,36,110,-1,110,36,38,-1,110,38,99,-1,99,38,40,-1,99,40,100,-1,100,40,42,-1,100,42,102,-1,102,42,44,-1,102,44,97,-1,97,44,46,-1,97,46,48,-1,112,113,114,-1,114,113,115,-1,116,117,118,-1,118,117,112,-1,118,112,114,-1,119,117,120,-1,120,117,116,-1,121,122,123,-1,123,122,119,-1,123,119,120,-1,124,122,125,-1,125,122,121,-1,126,127,128,-1,128,127,124,-1,128,124,125,-1,129,127,130,-1,130,127,126,-1,131,132,133,-1,133,132,129,-1,133,129,130,-1,134,132,135,-1,135,132,131,-1,136,137,138,-1,138,137,134,-1,138,134,135,-1,139,137,140,-1,140,137,136,-1,115,113,141,-1,141,113,139,-1,141,139,140,-1,139,113,112,-1,112,117,139,-1,139,117,119,-1,139,119,137,-1,132,134,129,-1,129,134,137,-1,129,137,127,-1,127,137,119,-1,127,119,124,-1,124,119,122,-1,142,143,144,-1,144,143,145,-1,144,145,146,-1,146,145,147,-1,146,147,148,-1,148,147,149,-1,148,149,150,-1,150,149,151,-1,150,151,152,-1,152,151,153,-1,152,153,154,-1,154,153,155,-1,154,155,156,-1,156,155,157,-1,156,157,158,-1,158,157,159,-1,158,159,160,-1,160,159,161,-1,160,161,162,-1,162,161,163,-1,162,163,164,-1,164,163,165,-1,164,165,166,-1,166,165,167,-1,166,167,168,-1,168,167,169,-1,168,169,170,-1,170,169,171,-1,170,171,172,-1,172,171,173,-1,172,173,174,-1,174,173,175,-1,174,175,176,-1,176,175,142,-1,176,142,144,-1,150,152,177,-1,177,152,178,-1,150,177,179,-1,150,179,148,-1,148,179,180,-1,148,180,146,-1,146,180,181,-1,146,181,144,-1,144,181,182,-1,144,182,176,-1,176,182,183,-1,176,183,174,-1,174,183,184,-1,174,184,172,-1,172,184,185,-1,172,185,170,-1,170,185,186,-1,170,186,168,-1,168,186,187,-1,168,187,166,-1,166,187,188,-1,166,188,164,-1,164,188,189,-1,164,189,162,-1,162,189,190,-1,162,190,160,-1,160,190,191,-1,160,191,158,-1,158,191,192,-1,158,192,156,-1,154,156,193,-1,193,156,192,-1,152,154,178,-1,178,154,193,-1,157,155,194,-1,194,155,195,-1,155,153,195,-1,195,153,196,-1,153,151,196,-1,196,151,197,-1,143,198,199,-1,143,199,145,-1,145,199,200,-1,145,200,147,-1,147,200,201,-1,147,201,149,-1,149,201,197,-1,149,197,151,-1,171,202,203,-1,171,203,173,-1,173,203,204,-1,173,204,175,-1,175,204,205,-1,175,205,142,-1,142,205,198,-1,142,198,143,-1,163,206,207,-1,163,207,165,-1,165,207,208,-1,165,208,167,-1,167,208,209,-1,167,209,169,-1,169,209,202,-1,169,202,171,-1,157,194,210,-1,157,210,159,-1,159,210,211,-1,159,211,161,-1,161,211,206,-1,161,206,163,-1,
        ]
    }
}
Shape{
    appearance Appearance {
        material  Material 	{
            diffuseColor 0.8313725490196079 0.8392156862745098 0.8313725490196079
            specularColor 0.4980392156862745 0.5019607843137255 0.4980392156862745
            ambientIntensity 0.836
            transparency 0.0
            shininess 0.5
        }
    }
    geometry IndexedFaceSet {
        ccw TRUE
        solid FALSE
        coord DEF co Coordinate {
            point [
                -0.1125 1.0234 0.2536, -0.1122 1.0234 0.2042, -0.1222 1.0234 0.2535, -0.1215 1.0234 0.2041, -0.1296 1.0234 0.205, -0.1351 1.0234 0.2069, -0.1394 1.0234 0.2096, -0.1406 1.0234 0.2107, -0.1438 1.0234 0.2146, -0.146 1.0234 0.2194, -0.1473 1.0234 0.2252, -0.1475 1.0234 0.2293, -0.1466 1.0234 0.2374, -0.1448 1.0234 0.2421, -0.1424 1.0234 0.2456, -0.1406 1.0234 0.2474, -0.1304 1.0234 0.2526, -0.136 1.0234 0.2505
            ]
        }
        coordIndex [
            0,1,2,-1,2,1,3,-1,2,3,4,-1,4,5,2,-1,2,5,6,-1,2,6,7,-1,7,8,2,-1,2,8,9,-1,2,9,10,-1,10,11,2,-1,2,11,12,-1,2,12,13,-1,13,14,2,-1,2,14,15,-1,2,15,16,-1,16,15,17,-1,
        ]
    }
}
Shape{
    appearance Appearance {
        material  Material 	{
            diffuseColor 0.0 0.0 0.0
            specularColor 0.0 0.0 0.0
            ambientIntensity 0.0
            transparency 0.0
            shininess 0.5
        }
    }
    geometry IndexedFaceSet {
        ccw TRUE
        solid FALSE
        coord DEF co Coordinate {
            point [
                -0.1776 1.0238 0.2212, -0.1874 1.0238 0.2478, -0.1844 1.0238 0.2604, -0.1596 1.0238 0.1966, -0.1687 1.0238 0.1965, -0.175 1.0238 0.214, -0.188 1.0238 0.2497, -0.1885 1.0238 0.2522, -0.1933 1.0238 0.2604, -0.1887 1.0238 0.2522, -0.1892 1.0238 0.2495, -0.1897 1.0238 0.2477, -0.1991 1.0238 0.221, -0.2172 1.0238 0.1962, -0.2081 1.0238 0.1962, -0.2016 1.0238 0.2138, -0.1933 1.0234 0.2604, -0.217 1.0234 0.1966, -0.2172 1.0234 0.1962, -0.1844 1.0234 0.2604, -0.1596 1.0234 0.1966, -0.1596 1.0234 0.1966, -0.1773 1.0234 0.2422, -0.1687 1.0234 0.1965, -0.175 1.0234 0.214, -0.1687 1.0234 0.1966, -0.2016 1.0234 0.2138, -0.1773 1.0234 0.214, -0.2079 1.0234 0.1966, -0.2081 1.0234 0.1962, -0.1776 1.0234 0.2212, -0.1991 1.0234 0.221, -0.1897 1.0234 0.2477, -0.1887 1.0234 0.2522, -0.1892 1.0234 0.2495, -0.1885 1.0234 0.2522, -0.1874 1.0234 0.2478, -0.188 1.0234 0.2497
            ]
        }
        coordIndex [
            0,1,2,-1,3,4,5,-1,1,6,2,-1,2,6,7,-1,2,7,8,-1,8,7,9,-1,8,9,10,-1,10,11,8,-1,8,11,12,-1,8,12,13,-1,14,13,15,-1,15,13,12,-1,15,12,5,-1,5,12,0,-1,5,0,3,-1,3,0,2,-1,16,8,17,-1,17,8,13,-1,17,13,18,-1,2,8,19,-1,19,8,16,-1,20,21,3,-1,20,3,22,-1,22,3,2,-1,22,2,19,-1,4,3,23,-1,23,3,21,-1,24,5,25,-1,25,5,4,-1,25,4,23,-1,26,15,27,-1,27,15,5,-1,27,5,24,-1,15,26,14,-1,14,26,28,-1,14,28,29,-1,13,14,18,-1,18,14,29,-1,0,12,30,-1,30,12,31,-1,12,11,31,-1,31,11,32,-1,9,33,34,-1,9,34,10,-1,10,34,32,-1,10,32,11,-1,9,7,33,-1,33,7,35,-1,1,36,37,-1,1,37,6,-1,6,37,35,-1,6,35,7,-1,1,0,36,-1,36,0,30,-1,
        ]
    }
}
Shape{
    appearance Appearance {
        material  Material 	{
            diffuseColor 0.8313725490196079 0.8392156862745098 0.8313725490196079
            specularColor 0.4980392156862745 0.5019607843137255 0.4980392156862745
            ambientIntensity 0.836
            transparency 0.0
            shininess 0.5
        }
    }
    geometry IndexedFaceSet {
        ccw TRUE
        solid FALSE
        coord DEF co Coordinate {
            point [
                -0.1887 1.0234 0.2522, -0.1885 1.0234 0.2522, -0.1892 1.0234 0.2495, -0.188 1.0234 0.2497, -0.1897 1.0234 0.2477, -0.1874 1.0234 0.2478, -0.1991 1.0234 0.221, -0.1776 1.0234 0.2212
            ]
        }
        coordIndex [
            0,1,2,-1,2,1,3,-1,2,3,4,-1,4,3,5,-1,4,5,6,-1,6,5,7,-1,
        ]
    }
}
Shape{
    appearance Appearance {
        material  Material 	{
            diffuseColor 0.0 0.0 0.0
            specularColor 0.0 0.0 0.0
            ambientIntensity 0.0
            transparency 0.0
            shininess 0.5
        }
    }
    geometry IndexedFaceSet {
        ccw TRUE
        solid FALSE
        coord DEF co Coordinate {
            point [
                0.0061 1.0238 0.1034, 0.0061 1.0238 0.0961, 0.0061 1.0234 0.1034, 0.0061 1.0234 0.0961, 0.0323 1.0238 0.1036, 0.0323 1.0234 0.1036, 0.0321 1.0238 0.1252, 0.0321 1.0234 0.1252, 0.0092 1.0238 0.125, 0.0092 1.0234 0.125, 0.0092 1.0238 0.1323, 0.0092 1.0234 0.1323, 0.0321 1.0238 0.1325, 0.0321 1.0234 0.1325, 0.0319 1.0238 0.153, 0.0319 1.0234 0.153, 0.0072 1.0238 0.1528, 0.0072 1.0234 0.1528, 0.0072 1.0234 0.1585, 0.0071 1.0238 0.1602, 0.0072 1.0234 0.1598, 0.0071 1.0234 0.1602, 0.0401 1.0238 0.1604, 0.0401 1.0234 0.1604, 0.0406 1.0234 0.0964, 0.0406 1.0238 0.0964, 0.0402 1.0234 0.1585, 0.0401 1.0234 0.1598, -0.0303 1.0238 0.0959, -0.0383 1.0238 0.0958, -0.0303 1.0238 0.1029, -0.0385 1.0238 0.1252, -0.0305 1.0238 0.1249, -0.0129 1.0238 0.1155, -0.0148 1.0238 0.1163, -0.0301 1.0238 0.1029, -0.0259 1.0238 0.1042, -0.0288 1.0238 0.101, -0.0236 1.0238 0.1026, -0.0197 1.0238 0.1175, -0.0304 1.0238 0.1188, -0.0304 1.0238 0.1144, -0.0304 1.0238 0.1139, -0.0298 1.0238 0.1103, -0.0287 1.0238 0.1075, -0.0269 1.0238 0.1051, -0.0302 1.0238 0.1284, -0.0379 1.0238 0.1314, -0.0294 1.0238 0.1313, -0.0367 1.0238 0.1351, -0.0285 1.0238 0.133, -0.035 1.0238 0.1376, -0.0273 1.0238 0.1343, -0.0329 1.0238 0.1397, -0.0259 1.0238 0.1352, -0.0302 1.0238 0.1412, -0.024 1.0238 0.1359, -0.0268 1.0238 0.1423, -0.0213 1.0238 0.1362, -0.0221 1.0238 0.1427, -0.0169 1.0238 0.1358, -0.0139 1.0238 0.1418, -0.0118 1.0238 0.1342, -0.0079 1.0238 0.1395, -0.0063 1.0238 0.1308, -0.0063 1.0238 0.1386, -0.0114 1.0238 0.1042, -0.0055 1.0238 0.0986, -0.0121 1.0238 0.1036, -0.0081 1.0238 0.0967, -0.0136 1.0238 0.1025, -0.0112 1.0238 0.0955, -0.0155 1.0238 0.1018, -0.016 1.0238 0.0949, -0.0182 1.0238 0.1014, -0.0201 1.0238 0.0953, -0.0212 1.0238 0.1018, -0.0233 1.0238 0.0964, -0.0263 1.0238 0.0983, -0.0098 1.0238 0.1102, -0.0016 1.0238 0.1093, -0.0098 1.0238 0.1089, -0.0016 1.0238 0.1083, -0.01 1.0238 0.1071, -0.002 1.0238 0.1045, -0.0105 1.0238 0.1056, -0.003 1.0238 0.1018, -0.0047 1.0238 0.0994, -0.0169 1.0238 0.1231, -0.0108 1.0238 0.1217, -0.0119 1.0238 0.1147, -0.0074 1.0238 0.1199, -0.011 1.0238 0.1135, -0.0049 1.0238 0.1178, -0.0102 1.0238 0.112, -0.0033 1.0238 0.1155, -0.0022 1.0238 0.1127, -0.0221 1.0234 0.1427, -0.0139 1.0234 0.1418, -0.0079 1.0234 0.1395, -0.0063 1.0234 0.1386, -0.0063 1.0234 0.1308, -0.0118 1.0234 0.1342, -0.0169 1.0234 0.1358, -0.0213 1.0234 0.1362, -0.024 1.0234 0.1359, -0.0259 1.0234 0.1352, -0.0273 1.0234 0.1343, -0.0285 1.0234 0.133, -0.0294 1.0234 0.1313, -0.0302 1.0234 0.1284, -0.0305 1.0234 0.1249, -0.0169 1.0234 0.1231, -0.0108 1.0234 0.1217, -0.0074 1.0234 0.1199, -0.0049 1.0234 0.1178, -0.0033 1.0234 0.1155, -0.0022 1.0234 0.1127, -0.0016 1.0234 0.1093, -0.0016 1.0234 0.1083, -0.002 1.0234 0.1045, -0.003 1.0234 0.1018, -0.0047 1.0234 0.0994, -0.0055 1.0234 0.0986, -0.0081 1.0234 0.0967, -0.0112 1.0234 0.0955, -0.016 1.0234 0.0949, -0.0201 1.0234 0.0953, -0.0233 1.0234 0.0964, -0.0263 1.0234 0.0983, -0.0288 1.0234 0.101, -0.0301 1.0234 0.1029, -0.0303 1.0234 0.1029, -0.0303 1.0234 0.0959, -0.0383 1.0234 0.0958, -0.0385 1.0234 0.1252, -0.0379 1.0234 0.1314, -0.0367 1.0234 0.1351, -0.035 1.0234 0.1376, -0.0329 1.0234 0.1397, -0.0302 1.0234 0.1412, -0.0268 1.0234 0.1423, -0.0119 1.0234 0.1147, -0.0129 1.0234 0.1155, -0.0148 1.0234 0.1163, -0.0197 1.0234 0.1175, -0.0098 1.0234 0.1089, -0.0098 1.0234 0.1102, -0.0102 1.0234 0.112, -0.011 1.0234 0.1135, -0.0121 1.0234 0.1036, -0.0114 1.0234 0.1042, -0.0105 1.0234 0.1056, -0.01 1.0234 0.1071, -0.0182 1.0234 0.1014, -0.0155 1.0234 0.1018, -0.0136 1.0234 0.1025, -0.0269 1.0234 0.1051, -0.0259 1.0234 0.1042, -0.0236 1.0234 0.1026, -0.0212 1.0234 0.1018, -0.0304 1.0234 0.1144, -0.0304 1.0234 0.1139, -0.0298 1.0234 0.1103, -0.0287 1.0234 0.1075, -0.0304 1.0234 0.1188
            ]
        }
        coordIndex [
            0,1,2,-1,2,1,3,-1,4,0,5,-1,5,0,2,-1,6,4,7,-1,7,4,5,-1,8,6,9,-1,9,6,7,-1,10,8,11,-1,11,8,9,-1,12,10,13,-1,13,10,11,-1,14,12,15,-1,15,12,13,-1,16,14,17,-1,17,14,15,-1,16,17,18,-1,16,18,19,-1,19,18,20,-1,19,20,21,-1,22,19,23,-1,23,19,21,-1,24,25,26,-1,26,25,22,-1,26,22,27,-1,27,22,23,-1,1,25,3,-1,3,25,24,-1,25,1,0,-1,0,4,25,-1,25,4,6,-1,25,6,22,-1,16,19,14,-1,14,19,22,-1,14,22,12,-1,12,22,6,-1,12,6,10,-1,10,6,8,-1,28,29,30,-1,30,29,31,-1,32,33,34,-1,35,36,37,-1,37,36,38,-1,39,40,31,-1,31,40,41,-1,41,42,31,-1,31,42,43,-1,31,43,30,-1,30,43,44,-1,30,44,35,-1,35,44,45,-1,35,45,36,-1,34,39,32,-1,32,39,31,-1,32,31,46,-1,46,31,47,-1,46,47,48,-1,48,47,49,-1,48,49,50,-1,50,49,51,-1,50,51,52,-1,52,51,53,-1,52,53,54,-1,54,53,55,-1,54,55,56,-1,56,55,57,-1,56,57,58,-1,58,57,59,-1,58,59,60,-1,60,59,61,-1,60,61,62,-1,62,61,63,-1,62,63,64,-1,64,63,65,-1,66,67,68,-1,68,67,69,-1,68,69,70,-1,70,69,71,-1,70,71,72,-1,72,71,73,-1,72,73,74,-1,74,73,75,-1,74,75,76,-1,76,75,77,-1,76,77,38,-1,38,77,78,-1,38,78,37,-1,79,80,81,-1,81,80,82,-1,81,82,83,-1,83,82,84,-1,83,84,85,-1,85,84,86,-1,85,86,66,-1,66,86,87,-1,66,87,67,-1,32,88,33,-1,33,88,89,-1,33,89,90,-1,90,89,91,-1,90,91,92,-1,92,91,93,-1,92,93,94,-1,94,93,95,-1,94,95,79,-1,79,95,96,-1,79,96,80,-1,59,97,98,-1,59,98,61,-1,61,98,99,-1,61,99,63,-1,63,99,100,-1,63,100,65,-1,64,65,101,-1,101,65,100,-1,64,101,102,-1,64,102,62,-1,62,102,103,-1,62,103,60,-1,60,103,104,-1,60,104,58,-1,58,104,105,-1,58,105,56,-1,56,105,106,-1,56,106,54,-1,54,106,107,-1,54,107,52,-1,52,107,108,-1,52,108,50,-1,50,108,109,-1,50,109,48,-1,48,109,110,-1,48,110,46,-1,46,110,111,-1,46,111,32,-1,88,32,112,-1,112,32,111,-1,88,112,113,-1,88,113,89,-1,89,113,114,-1,89,114,91,-1,91,114,115,-1,91,115,93,-1,93,115,116,-1,93,116,95,-1,95,116,117,-1,95,117,96,-1,96,117,118,-1,96,118,80,-1,80,118,119,-1,80,119,82,-1,82,119,120,-1,82,120,84,-1,84,120,121,-1,84,121,86,-1,86,121,122,-1,86,122,87,-1,87,122,123,-1,87,123,67,-1,67,123,124,-1,67,124,69,-1,69,124,125,-1,69,125,71,-1,71,125,126,-1,71,126,73,-1,73,126,127,-1,73,127,75,-1,75,127,128,-1,75,128,77,-1,77,128,129,-1,77,129,78,-1,78,129,130,-1,78,130,37,-1,37,130,131,-1,37,131,35,-1,30,35,132,-1,132,35,131,-1,28,30,133,-1,133,30,132,-1,29,28,134,-1,134,28,133,-1,31,29,135,-1,135,29,134,-1,31,135,136,-1,31,136,47,-1,47,136,137,-1,47,137,49,-1,49,137,138,-1,49,138,51,-1,51,138,139,-1,51,139,53,-1,53,139,140,-1,53,140,55,-1,55,140,141,-1,55,141,57,-1,57,141,97,-1,57,97,59,-1,90,142,143,-1,90,143,33,-1,33,143,144,-1,33,144,34,-1,34,144,145,-1,34,145,39,-1,81,146,147,-1,81,147,79,-1,79,147,148,-1,79,148,94,-1,94,148,149,-1,94,149,92,-1,92,149,142,-1,92,142,90,-1,68,150,151,-1,68,151,66,-1,66,151,152,-1,66,152,85,-1,85,152,153,-1,85,153,83,-1,83,153,146,-1,83,146,81,-1,74,154,155,-1,74,155,72,-1,72,155,156,-1,72,156,70,-1,70,156,150,-1,70,150,68,-1,45,157,158,-1,45,158,36,-1,36,158,159,-1,36,159,38,-1,38,159,160,-1,38,160,76,-1,76,160,154,-1,76,154,74,-1,41,161,162,-1,41,162,42,-1,42,162,163,-1,42,163,43,-1,43,163,164,-1,43,164,44,-1,44,164,157,-1,44,157,45,-1,41,40,161,-1,161,40,165,-1,40,39,165,-1,165,39,145,-1,
        ]
    }
}
Shape{
    appearance Appearance {
        material  Material 	{
            diffuseColor 0.8313725490196079 0.8392156862745098 0.8313725490196079
            specularColor 0.4980392156862745 0.5019607843137255 0.4980392156862745
            ambientIntensity 0.836
            transparency 0.0
            shininess 0.5
        }
    }
    geometry IndexedFaceSet {
        ccw TRUE
        solid FALSE
        coord DEF co Coordinate {
            point [
                -0.0304 1.0234 0.1139, -0.0304 1.0234 0.1144, -0.0119 1.0234 0.1147, -0.0304 1.0234 0.1188, -0.0197 1.0234 0.1175, -0.0148 1.0234 0.1163, -0.0129 1.0234 0.1155, -0.0298 1.0234 0.1103, -0.011 1.0234 0.1135, -0.0287 1.0234 0.1075, -0.0114 1.0234 0.1042, -0.0121 1.0234 0.1036, -0.0259 1.0234 0.1042, -0.0105 1.0234 0.1056, -0.0236 1.0234 0.1026, -0.0212 1.0234 0.1018, -0.0182 1.0234 0.1014, -0.0102 1.0234 0.112, -0.0098 1.0234 0.1102, -0.0269 1.0234 0.1051, -0.0098 1.0234 0.1089, -0.01 1.0234 0.1071, -0.0136 1.0234 0.1025, -0.0155 1.0234 0.1018
            ]
        }
        coordIndex [
            0,1,2,-1,1,3,4,-1,4,5,1,-1,1,5,6,-1,1,6,2,-1,0,2,7,-1,7,2,8,-1,7,8,9,-1,10,11,12,-1,10,12,13,-1,14,12,15,-1,15,12,16,-1,8,17,9,-1,9,17,18,-1,9,18,19,-1,19,18,20,-1,19,20,12,-1,12,20,21,-1,12,21,13,-1,11,22,12,-1,12,22,23,-1,12,23,16,-1,
        ]
    }
}
Shape{
    appearance Appearance {
        material  Material 	{
            diffuseColor 0.0 0.0 0.0
            specularColor 0.0 0.0 0.0
            ambientIntensity 0.0
            transparency 0.0
            shininess 0.5
        }
    }
    geometry IndexedFaceSet {
        ccw TRUE
        solid FALSE
        coord DEF co Coordinate {
            point [
                -0.0492 1.0234 0.1056, -0.0492 1.0238 0.1056, -0.0521 1.0238 0.1038, -0.0624 1.0238 0.1011, -0.0624 1.0234 0.1011, -0.0571 1.0234 0.1018, -0.0571 1.0238 0.1018, -0.0532 1.0234 0.1033, -0.0521 1.0234 0.1038, -0.0492 1.0238 0.0973, -0.0492 1.0234 0.0973, -0.0616 1.0234 0.0946, -0.0616 1.0238 0.0946, -0.0548 1.0238 0.0953, -0.0532 1.0234 0.0959, -0.0548 1.0234 0.0953, -0.0689 1.0234 0.0954, -0.0689 1.0238 0.0954, -0.0731 1.0234 0.097, -0.0731 1.0238 0.097, -0.0749 1.0234 0.0981, -0.0749 1.0238 0.0981, -0.0772 1.0234 0.1001, -0.0772 1.0238 0.1001, -0.0787 1.0234 0.1022, -0.0787 1.0238 0.1022, -0.0797 1.0234 0.1047, -0.0797 1.0238 0.1047, -0.0802 1.0234 0.108, -0.0802 1.0238 0.108, -0.0798 1.0234 0.111, -0.0798 1.0238 0.111, -0.079 1.0234 0.1133, -0.079 1.0238 0.1133, -0.0775 1.0234 0.1155, -0.0775 1.0238 0.1155, -0.0756 1.0234 0.1173, -0.0756 1.0238 0.1173, -0.0703 1.0234 0.1203, -0.0703 1.0238 0.1203, -0.0672 1.0234 0.1215, -0.0672 1.0238 0.1215, -0.0623 1.0234 0.1237, -0.0623 1.0238 0.1237, -0.0594 1.0234 0.1255, -0.0594 1.0238 0.1255, -0.0587 1.0234 0.1264, -0.0587 1.0238 0.1264, -0.0581 1.0234 0.1275, -0.0581 1.0238 0.1275, -0.0578 1.0234 0.1287, -0.0578 1.0238 0.1287, -0.0577 1.0234 0.1298, -0.0577 1.0238 0.1298, -0.0579 1.0234 0.1311, -0.0579 1.0238 0.1311, -0.0583 1.0234 0.1322, -0.0583 1.0238 0.1322, -0.059 1.0234 0.1332, -0.059 1.0238 0.1332, -0.0602 1.0234 0.1342, -0.0602 1.0238 0.1342, -0.062 1.0234 0.1352, -0.062 1.0238 0.1352, -0.0642 1.0234 0.1357, -0.0642 1.0238 0.1357, -0.0665 1.0234 0.1359, -0.0665 1.0238 0.1359, -0.0721 1.0234 0.1352, -0.0721 1.0238 0.1352, -0.0767 1.0234 0.1334, -0.0767 1.0238 0.1334, -0.0781 1.0234 0.1325, -0.0781 1.0238 0.1325, -0.0782 1.0238 0.1403, -0.0782 1.0234 0.1403, -0.073 1.0234 0.1419, -0.073 1.0238 0.1419, -0.0674 1.0234 0.1424, -0.0674 1.0238 0.1424, -0.0609 1.0234 0.1417, -0.0609 1.0238 0.1417, -0.0566 1.0234 0.14, -0.0566 1.0238 0.14, -0.0547 1.0234 0.1389, -0.0547 1.0238 0.1389, -0.0521 1.0238 0.1365, -0.0532 1.0234 0.1376, -0.0521 1.0234 0.1365, -0.0506 1.0234 0.1343, -0.0506 1.0238 0.1343, -0.0497 1.0234 0.1317, -0.0497 1.0238 0.1317, -0.0495 1.0234 0.1291, -0.0495 1.0238 0.1291, -0.0499 1.0234 0.1257, -0.0499 1.0238 0.1257, -0.0508 1.0234 0.1233, -0.0508 1.0238 0.1233, -0.0517 1.0234 0.1219, -0.0517 1.0238 0.1219, -0.0615 1.0234 0.1157, -0.0615 1.0238 0.1157, -0.0567 1.0238 0.118, -0.053 1.0234 0.1205, -0.053 1.0238 0.1205, -0.0532 1.0234 0.1203, -0.0567 1.0234 0.118, -0.0668 1.0234 0.1135, -0.0668 1.0238 0.1135, -0.0699 1.0234 0.1116, -0.0699 1.0238 0.1116, -0.0709 1.0234 0.1105, -0.0709 1.0238 0.1105, -0.0715 1.0234 0.1095, -0.0715 1.0238 0.1095, -0.0718 1.0234 0.1082, -0.0718 1.0238 0.1082, -0.0719 1.0234 0.1072, -0.0719 1.0238 0.1072, -0.0717 1.0234 0.1057, -0.0717 1.0238 0.1057, -0.0713 1.0234 0.1046, -0.0713 1.0238 0.1046, -0.0706 1.0234 0.1035, -0.0706 1.0238 0.1035, -0.0697 1.0234 0.1027, -0.0697 1.0238 0.1027, -0.0689 1.0234 0.1023, -0.0689 1.0238 0.1023, -0.0669 1.0234 0.1015, -0.0669 1.0238 0.1015, -0.0628 1.0234 0.1011, -0.0628 1.0238 0.1011, -0.1202 1.0238 0.141, -0.1285 1.0238 0.1409, -0.1202 1.0234 0.141, -0.1285 1.0234 0.1409, -0.1074 1.0238 0.1066, -0.1074 1.0234 0.1066, -0.1068 1.0234 0.1045, -0.1068 1.0238 0.1045, -0.1064 1.0234 0.1029, -0.1064 1.0238 0.1029, -0.1062 1.0238 0.1029, -0.1062 1.0234 0.1029, -0.1052 1.0238 0.1067, -0.1052 1.0234 0.1067, -0.0935 1.0234 0.1412, -0.0935 1.0238 0.1412, -0.0978 1.0234 0.1285, -0.0846 1.0238 0.1412, -0.0846 1.0234 0.1412, -0.1022 1.0234 0.0955, -0.1022 1.0238 0.0955, -0.0978 1.0234 0.1068, -0.0986 1.0238 0.0872, -0.0986 1.0234 0.0872, -0.0978 1.0234 0.0858, -0.0968 1.0238 0.0839, -0.0968 1.0234 0.0839, -0.0952 1.0234 0.0823, -0.0952 1.0238 0.0823, -0.0936 1.0234 0.0814, -0.0936 1.0238 0.0814, -0.0919 1.0234 0.0809, -0.0919 1.0238 0.0809, -0.0903 1.0234 0.0808, -0.0903 1.0238 0.0808, -0.0874 1.0234 0.0812, -0.0874 1.0238 0.0812, -0.0858 1.0234 0.0817, -0.0858 1.0238 0.0817, -0.0857 1.0238 0.0746, -0.0857 1.0234 0.0746, -0.0891 1.0234 0.074, -0.0891 1.0238 0.074, -0.0909 1.0234 0.0739, -0.0909 1.0238 0.0739, -0.0944 1.0234 0.0743, -0.0944 1.0238 0.0743, -0.0975 1.0234 0.0755, -0.0975 1.0238 0.0755, -0.0978 1.0234 0.0757, -0.1003 1.0238 0.0775, -0.1003 1.0234 0.0775, -0.1036 1.0234 0.0813, -0.1036 1.0238 0.0813, -0.1073 1.0234 0.0884, -0.1073 1.0238 0.0884, -0.1713 1.0238 0.1022, -0.1712 1.0238 0.0949, -0.1713 1.0234 0.1022, -0.1712 1.0234 0.0949, -0.1451 1.0234 0.1023, -0.1451 1.0238 0.1023, -0.1579 1.0234 0.1023, -0.1453 1.0238 0.1239, -0.1453 1.0234 0.1239, -0.1682 1.0234 0.1237, -0.1682 1.0238 0.1237, -0.1579 1.0234 0.1238, -0.1682 1.0238 0.1311, -0.1682 1.0234 0.1311, -0.1453 1.0234 0.1312, -0.1453 1.0238 0.1312, -0.1579 1.0234 0.1311, -0.1455 1.0238 0.1517, -0.1455 1.0234 0.1517, -0.1702 1.0234 0.1516, -0.1702 1.0238 0.1516, -0.1579 1.0234 0.1516, -0.1702 1.0238 0.1589, -0.1702 1.0234 0.1585, -0.1702 1.0234 0.1589, -0.1373 1.0234 0.1592, -0.1373 1.0238 0.1592, -0.1579 1.0234 0.159, -0.1368 1.0234 0.0951, -0.1368 1.0238 0.0951, -0.1372 1.0234 0.1585, -0.1579 1.0234 0.095, -0.2233 1.0238 0.1124, -0.2201 1.0238 0.1085, -0.2259 1.0238 0.1034, -0.2189 1.0238 0.1074, -0.2192 1.0238 0.0987, -0.2146 1.0238 0.1047, -0.2119 1.0238 0.0959, -0.2091 1.0238 0.1028, -0.201 1.0238 0.0947, -0.201 1.0238 0.102, -0.1833 1.0238 0.0948, -0.1917 1.0238 0.102, -0.1838 1.0238 0.1588, -0.192 1.0238 0.1514, -0.2021 1.0238 0.1587, -0.2017 1.0238 0.1513, -0.2118 1.0238 0.1576, -0.2099 1.0238 0.1504, -0.2196 1.0238 0.1547, -0.2155 1.0238 0.1483, -0.2262 1.0238 0.15, -0.2201 1.0238 0.1452, -0.2284 1.0238 0.1479, -0.2219 1.0238 0.1435, -0.2324 1.0238 0.1423, -0.2243 1.0238 0.1399, -0.2347 1.0238 0.1362, -0.2261 1.0238 0.1352, -0.2357 1.0238 0.1273, -0.227 1.0238 0.1271, -0.2355 1.0238 0.1232, -0.2268 1.0238 0.123, -0.2339 1.0238 0.1157, -0.2255 1.0238 0.1172, -0.2307 1.0238 0.1091, -0.201 1.0234 0.0947, -0.1833 1.0234 0.0948, -0.2119 1.0234 0.0959, -0.2192 1.0234 0.0987, -0.2259 1.0234 0.1034, -0.2307 1.0234 0.1091, -0.2339 1.0234 0.1157, -0.2355 1.0234 0.1232, -0.2357 1.0234 0.1273, -0.2347 1.0234 0.1362, -0.2324 1.0234 0.1423, -0.2284 1.0234 0.1479, -0.2262 1.0234 0.15, -0.2021 1.0234 0.1587, -0.2034 1.0234 0.1585, -0.2118 1.0234 0.1576, -0.2196 1.0234 0.1547, -0.1838 1.0234 0.1588, -0.1838 1.0234 0.1585, -0.2017 1.0234 0.1513, -0.192 1.0234 0.1514, -0.1917 1.0234 0.102, -0.201 1.0234 0.102, -0.2201 1.0234 0.1085, -0.2189 1.0234 0.1074, -0.2146 1.0234 0.1047, -0.2091 1.0234 0.1028, -0.227 1.0234 0.1271, -0.2268 1.0234 0.123, -0.2255 1.0234 0.1172, -0.2233 1.0234 0.1124, -0.2201 1.0234 0.1452, -0.2219 1.0234 0.1435, -0.2243 1.0234 0.1399, -0.2261 1.0234 0.1352, -0.2099 1.0234 0.1504, -0.2155 1.0234 0.1483
            ]
        }
        coordIndex [
            0,1,2,-1,3,4,5,-1,3,5,6,-1,6,5,7,-1,6,7,2,-1,2,7,8,-1,2,8,0,-1,9,1,10,-1,10,1,0,-1,11,12,13,-1,9,10,14,-1,9,14,13,-1,13,14,15,-1,13,15,11,-1,12,11,16,-1,12,16,17,-1,17,16,18,-1,17,18,19,-1,19,18,20,-1,19,20,21,-1,21,20,22,-1,21,22,23,-1,23,22,24,-1,23,24,25,-1,25,24,26,-1,25,26,27,-1,27,26,28,-1,27,28,29,-1,29,28,30,-1,29,30,31,-1,31,30,32,-1,31,32,33,-1,33,32,34,-1,33,34,35,-1,35,34,36,-1,35,36,37,-1,37,36,38,-1,37,38,39,-1,39,38,40,-1,39,40,41,-1,41,40,42,-1,41,42,43,-1,43,42,44,-1,43,44,45,-1,45,44,46,-1,45,46,47,-1,47,46,48,-1,47,48,49,-1,49,48,50,-1,49,50,51,-1,51,50,52,-1,51,52,53,-1,53,52,54,-1,53,54,55,-1,55,54,56,-1,55,56,57,-1,57,56,58,-1,57,58,59,-1,59,58,60,-1,59,60,61,-1,61,60,62,-1,61,62,63,-1,63,62,64,-1,63,64,65,-1,65,64,66,-1,65,66,67,-1,67,66,68,-1,67,68,69,-1,69,68,70,-1,69,70,71,-1,71,70,72,-1,71,72,73,-1,74,73,75,-1,75,73,72,-1,74,75,76,-1,74,76,77,-1,77,76,78,-1,77,78,79,-1,79,78,80,-1,79,80,81,-1,81,80,82,-1,81,82,83,-1,83,82,84,-1,83,84,85,-1,86,85,87,-1,87,85,84,-1,87,88,86,-1,86,88,89,-1,86,89,90,-1,90,89,91,-1,90,91,92,-1,92,91,93,-1,92,93,94,-1,94,93,95,-1,94,95,96,-1,96,95,97,-1,96,97,98,-1,98,97,99,-1,98,99,100,-1,101,102,103,-1,100,99,104,-1,100,104,105,-1,105,104,106,-1,105,106,103,-1,103,106,107,-1,103,107,101,-1,102,101,108,-1,102,108,109,-1,109,108,110,-1,109,110,111,-1,111,110,112,-1,111,112,113,-1,113,112,114,-1,113,114,115,-1,115,114,116,-1,115,116,117,-1,117,116,118,-1,117,118,119,-1,119,118,120,-1,119,120,121,-1,121,120,122,-1,121,122,123,-1,123,122,124,-1,123,124,125,-1,125,124,126,-1,125,126,127,-1,127,126,128,-1,127,128,129,-1,129,128,130,-1,129,130,131,-1,131,130,132,-1,131,132,133,-1,133,132,4,-1,133,4,3,-1,57,59,85,-1,85,59,83,-1,83,59,61,-1,83,61,81,-1,123,23,25,-1,109,41,102,-1,102,41,43,-1,94,96,49,-1,49,96,98,-1,49,98,47,-1,47,98,100,-1,47,100,45,-1,45,100,105,-1,45,105,43,-1,43,105,103,-1,43,103,102,-1,123,25,121,-1,121,25,27,-1,121,27,119,-1,119,27,29,-1,119,29,117,-1,117,29,31,-1,117,31,115,-1,115,31,33,-1,115,33,113,-1,113,33,35,-1,113,35,111,-1,111,35,37,-1,111,37,109,-1,109,37,39,-1,109,39,41,-1,23,123,21,-1,21,123,125,-1,21,125,19,-1,12,3,13,-1,13,3,6,-1,13,6,9,-1,9,6,2,-1,9,2,1,-1,61,63,81,-1,81,63,65,-1,81,65,79,-1,79,65,67,-1,79,67,77,-1,77,67,69,-1,77,69,74,-1,74,69,71,-1,74,71,73,-1,125,127,19,-1,19,127,129,-1,19,129,17,-1,17,129,131,-1,17,131,12,-1,12,131,133,-1,12,133,3,-1,85,86,57,-1,57,86,90,-1,57,90,55,-1,55,90,92,-1,55,92,53,-1,53,92,94,-1,53,94,51,-1,51,94,49,-1,134,135,136,-1,136,135,137,-1,138,134,139,-1,139,134,136,-1,138,139,140,-1,138,140,141,-1,141,140,142,-1,141,142,143,-1,144,143,145,-1,145,143,142,-1,146,144,147,-1,147,144,145,-1,148,149,150,-1,150,149,146,-1,150,146,147,-1,151,149,152,-1,152,149,148,-1,153,154,155,-1,155,154,151,-1,155,151,152,-1,156,154,157,-1,157,154,153,-1,156,157,158,-1,156,158,159,-1,158,160,159,-1,159,160,161,-1,159,161,162,-1,162,161,163,-1,162,163,164,-1,164,163,165,-1,164,165,166,-1,166,165,167,-1,166,167,168,-1,168,167,169,-1,168,169,170,-1,170,169,171,-1,170,171,172,-1,173,172,174,-1,174,172,171,-1,173,174,175,-1,173,175,176,-1,176,175,177,-1,176,177,178,-1,178,177,179,-1,178,179,180,-1,180,179,181,-1,180,181,182,-1,182,181,183,-1,182,183,184,-1,183,185,184,-1,184,185,186,-1,184,186,187,-1,187,186,188,-1,187,188,189,-1,135,189,137,-1,137,189,188,-1,141,143,189,-1,135,134,189,-1,189,134,138,-1,189,138,141,-1,149,151,146,-1,146,151,154,-1,146,154,144,-1,143,144,189,-1,189,144,154,-1,189,154,187,-1,154,156,187,-1,187,156,159,-1,187,159,184,-1,184,159,162,-1,184,162,182,-1,182,162,164,-1,182,164,180,-1,180,164,166,-1,180,166,178,-1,178,166,168,-1,178,168,176,-1,176,168,170,-1,176,170,173,-1,173,170,172,-1,190,191,192,-1,192,191,193,-1,194,195,196,-1,196,195,190,-1,196,190,192,-1,197,195,198,-1,198,195,194,-1,199,200,201,-1,201,200,197,-1,201,197,198,-1,202,200,203,-1,203,200,199,-1,204,205,206,-1,206,205,202,-1,206,202,203,-1,207,205,208,-1,208,205,204,-1,209,210,211,-1,211,210,207,-1,211,207,208,-1,210,209,212,-1,212,209,213,-1,212,213,214,-1,215,216,217,-1,217,216,212,-1,217,212,214,-1,218,219,220,-1,220,219,216,-1,220,216,215,-1,193,191,221,-1,221,191,219,-1,221,219,218,-1,219,191,190,-1,190,195,219,-1,219,195,197,-1,219,197,216,-1,210,212,207,-1,207,212,216,-1,207,216,205,-1,205,216,197,-1,205,197,202,-1,202,197,200,-1,222,223,224,-1,224,223,225,-1,224,225,226,-1,226,225,227,-1,226,227,228,-1,228,227,229,-1,228,229,230,-1,230,229,231,-1,230,231,232,-1,232,231,233,-1,232,233,234,-1,234,233,235,-1,234,235,236,-1,236,235,237,-1,236,237,238,-1,238,237,239,-1,238,239,240,-1,240,239,241,-1,240,241,242,-1,242,241,243,-1,242,243,244,-1,244,243,245,-1,244,245,246,-1,246,245,247,-1,246,247,248,-1,248,247,249,-1,248,249,250,-1,250,249,251,-1,250,251,252,-1,252,251,253,-1,252,253,254,-1,254,253,255,-1,254,255,256,-1,256,255,222,-1,256,222,224,-1,230,232,257,-1,257,232,258,-1,230,257,259,-1,230,259,228,-1,228,259,260,-1,228,260,226,-1,226,260,261,-1,226,261,224,-1,224,261,262,-1,224,262,256,-1,256,262,263,-1,256,263,254,-1,254,263,264,-1,254,264,252,-1,252,264,265,-1,252,265,250,-1,250,265,266,-1,250,266,248,-1,248,266,267,-1,248,267,246,-1,246,267,268,-1,246,268,244,-1,244,268,269,-1,244,269,242,-1,270,236,271,-1,271,236,238,-1,271,238,272,-1,272,238,240,-1,272,240,273,-1,273,240,242,-1,273,242,269,-1,234,236,274,-1,274,236,270,-1,258,232,275,-1,275,232,234,-1,275,234,274,-1,237,235,276,-1,276,235,277,-1,235,233,277,-1,277,233,278,-1,233,231,278,-1,278,231,279,-1,223,280,281,-1,223,281,225,-1,225,281,282,-1,225,282,227,-1,227,282,283,-1,227,283,229,-1,229,283,279,-1,229,279,231,-1,251,284,285,-1,251,285,253,-1,253,285,286,-1,253,286,255,-1,255,286,287,-1,255,287,222,-1,222,287,280,-1,222,280,223,-1,243,288,289,-1,243,289,245,-1,245,289,290,-1,245,290,247,-1,247,290,291,-1,247,291,249,-1,249,291,284,-1,249,284,251,-1,237,276,292,-1,237,292,239,-1,239,292,293,-1,239,293,241,-1,241,293,288,-1,241,288,243,-1,
        ]
    }
}
Shape{
    appearance Appearance {
        material  Material 	{
            diffuseColor 0.8313725490196079 0.8392156862745098 0.8313725490196079
            specularColor 0.4980392156862745 0.5019607843137255 0.4980392156862745
            ambientIntensity 0.836
            transparency 0.0
            shininess 0.5
        }
    }
    geometry IndexedFaceSet {
        ccw TRUE
        solid FALSE
        coord DEF co Coordinate {
            point [
                -0.192 1.0234 0.1514, -0.1917 1.0234 0.102, -0.2017 1.0234 0.1513, -0.201 1.0234 0.102, -0.2091 1.0234 0.1028, -0.2146 1.0234 0.1047, -0.2189 1.0234 0.1074, -0.2201 1.0234 0.1085, -0.2233 1.0234 0.1124, -0.2255 1.0234 0.1172, -0.2268 1.0234 0.123, -0.227 1.0234 0.1271, -0.2261 1.0234 0.1352, -0.2243 1.0234 0.1399, -0.2219 1.0234 0.1435, -0.2201 1.0234 0.1452, -0.2099 1.0234 0.1504, -0.2155 1.0234 0.1483
            ]
        }
        coordIndex [
            0,1,2,-1,2,1,3,-1,2,3,4,-1,4,5,2,-1,2,5,6,-1,2,6,7,-1,7,8,2,-1,2,8,9,-1,2,9,10,-1,10,11,2,-1,2,11,12,-1,2,12,13,-1,13,14,2,-1,2,14,15,-1,2,15,16,-1,16,15,17,-1,
        ]
    }
}
Shape{
    appearance Appearance {
        material  Material 	{
            diffuseColor 0.0 0.0 0.0
            specularColor 0.0 0.0 0.0
            ambientIntensity 0.0
            transparency 0.0
            shininess 0.5
        }
    }
    geometry IndexedFaceSet {
        ccw TRUE
        solid FALSE
        coord DEF co Coordinate {
            point [
                -0.2571 1.0238 0.119, -0.2669 1.0238 0.1456, -0.2639 1.0238 0.1583, -0.2391 1.0238 0.0944, -0.2482 1.0238 0.0943, -0.2545 1.0238 0.1118, -0.2675 1.0238 0.1475, -0.268 1.0238 0.15, -0.2727 1.0238 0.1582, -0.2682 1.0238 0.15, -0.2687 1.0238 0.1473, -0.2692 1.0238 0.1456, -0.2786 1.0238 0.1189, -0.2967 1.0238 0.094, -0.2876 1.0238 0.094, -0.2811 1.0238 0.1116, -0.2727 1.0234 0.1582, -0.2967 1.0234 0.094, -0.2639 1.0234 0.1583, -0.2391 1.0234 0.0944, -0.2482 1.0234 0.0943, -0.2545 1.0234 0.1118, -0.2811 1.0234 0.1116, -0.2876 1.0234 0.094, -0.2571 1.0234 0.119, -0.2786 1.0234 0.1189, -0.2692 1.0234 0.1456, -0.2682 1.0234 0.15, -0.2687 1.0234 0.1473, -0.268 1.0234 0.15, -0.2669 1.0234 0.1456, -0.2675 1.0234 0.1475
            ]
        }
        coordIndex [
            0,1,2,-1,3,4,5,-1,1,6,2,-1,2,6,7,-1,2,7,8,-1,8,7,9,-1,8,9,10,-1,10,11,8,-1,8,11,12,-1,8,12,13,-1,14,13,15,-1,15,13,12,-1,15,12,5,-1,5,12,0,-1,5,0,3,-1,3,0,2,-1,8,13,16,-1,16,13,17,-1,2,8,18,-1,18,8,16,-1,3,2,19,-1,19,2,18,-1,4,3,20,-1,20,3,19,-1,5,4,21,-1,21,4,20,-1,15,5,22,-1,22,5,21,-1,14,15,23,-1,23,15,22,-1,13,14,17,-1,17,14,23,-1,0,12,24,-1,24,12,25,-1,12,11,25,-1,25,11,26,-1,9,27,28,-1,9,28,10,-1,10,28,26,-1,10,26,11,-1,9,7,27,-1,27,7,29,-1,1,30,31,-1,1,31,6,-1,6,31,29,-1,6,29,7,-1,1,0,30,-1,30,0,24,-1,
        ]
    }
}
Shape{
    appearance Appearance {
        material  Material 	{
            diffuseColor 0.8313725490196079 0.8392156862745098 0.8313725490196079
            specularColor 0.4980392156862745 0.5019607843137255 0.4980392156862745
            ambientIntensity 0.836
            transparency 0.0
            shininess 0.5
        }
    }
    geometry IndexedFaceSet {
        ccw TRUE
        solid FALSE
        coord DEF co Coordinate {
            point [
                -0.2682 1.0234 0.15, -0.268 1.0234 0.15, -0.2687 1.0234 0.1473, -0.2675 1.0234 0.1475, -0.2692 1.0234 0.1456, -0.2669 1.0234 0.1456, -0.2786 1.0234 0.1189, -0.2571 1.0234 0.119
            ]
        }
        coordIndex [
            0,1,2,-1,2,1,3,-1,2,3,4,-1,4,3,5,-1,4,5,6,-1,6,5,7,-1,
        ]
    }
}
Shape{
    appearance Appearance {
        material  Material 	{
            diffuseColor 0.0 0.0 0.0
            specularColor 0.0 0.0 0.0
            ambientIntensity 0.0
            transparency 0.0
            shininess 0.5
        }
    }
    geometry IndexedFaceSet {
        ccw TRUE
        solid FALSE
        coord DEF co Coordinate {
            point [
                0.3236 1.0238 0.0893, 0.3169 1.0238 0.0809, 0.3274 1.0238 0.1296, 0.1751 1.0238 0.1508, 0.1891 1.0238 0.1751, 0.2503 1.0238 0.1436, 0.2813 1.0238 0.1302, 0.277 1.0238 0.1287, 0.1208 1.0238 0.16, 0.122 1.0238 0.1512, 0.095 1.0238 0.1434, 0.2734 1.0238 0.1262, 0.2705 1.0238 0.1229, 0.2391 1.0238 0.1176, 0.3372 1.0238 0.1358, 0.3359 1.0238 0.1016, 0.328 1.0238 0.0991, 0.2685 1.0238 0.1192, 0.2675 1.0238 0.115, 0.2391 1.0238 0.113, 0.2675 1.0238 0.1107, 0.2971 1.0238 0.0997, 0.2934 1.0238 0.0972, 0.308 1.0238 0.0741, 0.2892 1.0238 0.0956, 0.1598 1.0238 0.1958, 0.1561 1.0238 0.1958, 0.1373 1.0238 0.2203, 0.1475 1.0238 0.1947, 0.1346 1.0238 0.2193, 0.1395 1.0238 0.1916, 0.1211 1.0238 0.2124, 0.1089 1.0238 0.2018, 0.2878 1.0238 0.2118, 0.2844 1.0238 0.2099, 0.2983 1.0238 0.2433, 0.2779 1.0238 0.2235, 0.2889 1.0238 0.2541, 0.2678 1.0238 0.2358, 0.2781 1.0238 0.2632, 0.2551 1.0238 0.2451, 0.2671 1.0238 0.2699, 0.2888 1.0238 0.1303, 0.2952 1.0238 0.1581, 0.2929 1.0238 0.1289, 0.3053 1.0238 0.1543, 0.2965 1.0238 0.1265, 0.3147 1.0238 0.1479, 0.2995 1.0238 0.1233, 0.3223 1.0238 0.1394, 0.3017 1.0238 0.1194, 0.3028 1.0238 0.115, 0.101 1.0238 0.1291, 0.1252 1.0238 0.1431, 0.1098 1.0238 0.1171, 0.246 1.0238 0.2779, 0.2402 1.0238 0.2511, 0.2234 1.0238 0.2805, 0.1616 1.0238 0.2564, 0.1779 1.0238 0.2339, 0.1469 1.0238 0.2392, 0.1681 1.0238 0.2212, 0.1618 1.0238 0.2062, 0.3453 1.0238 0.1442, 0.3643 1.0238 0.1212, 0.352 1.0238 0.1102, 0.353 1.0238 0.1827, 0.3829 1.0238 0.1763, 0.3544 1.0238 0.1717, 0.3831 1.0238 0.171, 0.3539 1.0238 0.1647, 0.3815 1.0238 0.155, 0.3507 1.0238 0.1536, 0.3755 1.0238 0.1379, 0.366 1.0238 0.1232, 0.2678 1.0238 0.1562, 0.2788 1.0238 0.159, 0.2844 1.0238 0.1594, 0.1325 1.0238 0.1866, 0.1273 1.0238 0.1806, 0.0998 1.0238 0.1887, 0.1231 1.0238 0.1727, 0.0945 1.0238 0.1747, 0.121 1.0238 0.1639, 0.0926 1.0238 0.1603, 0.0926 1.0238 0.1583, 0.1302 1.0238 0.136, 0.1309 1.0238 0.1353, 0.1228 1.0238 0.1064, 0.1377 1.0238 0.1299, 0.1368 1.0238 0.0998, 0.1457 1.0238 0.1262, 0.1513 1.0238 0.0969, 0.1539 1.0238 0.1247, 0.1782 1.0238 0.0971, 0.1744 1.0238 0.1249, 0.1804 1.0238 0.0975, 0.298 1.0238 0.2155, 0.3036 1.0238 0.2439, 0.3085 1.0238 0.2169, 0.3088 1.0238 0.2442, 0.3132 1.0238 0.2167, 0.3248 1.0238 0.2426, 0.3245 1.0238 0.2141, 0.3419 1.0238 0.2366, 0.3347 1.0238 0.2088, 0.3572 1.0238 0.2265, 0.3426 1.0238 0.2018, 0.3613 1.0238 0.2228, 0.349 1.0238 0.1928, 0.3714 1.0238 0.2104, 0.3792 1.0238 0.1943, 0.225 1.0238 0.2532, 0.2231 1.0238 0.2532, 0.2046 1.0238 0.2784, 0.2084 1.0238 0.2514, 0.1818 1.0238 0.2702, 0.1941 1.0238 0.246, 0.1813 1.0238 0.2372, 0.2999 1.0238 0.1031, 0.3018 1.0238 0.1068, 0.3028 1.0238 0.1111, 0.285 1.0238 0.1307, 0.2582 1.0238 0.1509, 0.2975 1.0238 0.0696, 0.2868 1.0238 0.0679, 0.2853 1.0238 0.0951, 0.285 1.0238 0.0678, 0.2814 1.0238 0.0955, 0.274 1.0238 0.0691, 0.2774 1.0238 0.0969, 0.2638 1.0238 0.0729, 0.2738 1.0238 0.0992, 0.2547 1.0238 0.0792, 0.2708 1.0238 0.1024, 0.2476 1.0238 0.087, 0.2686 1.0238 0.1063, 0.2421 1.0238 0.0971, 0.2394 1.0238 0.1084, 0.1767 1.0238 0.1253, 0.1879 1.0238 0.1021, 0.1865 1.0238 0.1006, 0.1805 1.0238 0.125, 0.1836 1.0238 0.1238, 0.1913 1.0238 0.1126, 0.1913 1.0238 0.1113, 0.1909 1.0238 0.108, 0.1898 1.0238 0.1049, 0.1753 1.0238 0.125, 0.1835 1.0238 0.0986, 0.1771 1.0238 0.1253, 0.1864 1.0238 0.1219, 0.1888 1.0238 0.1192, 0.1905 1.0238 0.1161, 0.0926 1.0234 0.1603, 0.0945 1.0234 0.1747, 0.1053 1.0234 0.1966, 0.0958 1.0234 0.1783, 0.0998 1.0234 0.1887, 0.1089 1.0234 0.2018, 0.1211 1.0234 0.2124, 0.1346 1.0234 0.2193, 0.1373 1.0234 0.2203, 0.1469 1.0234 0.2392, 0.1616 1.0234 0.2564, 0.2234 1.0234 0.2805, 0.1693 1.0234 0.2617, 0.1818 1.0234 0.2702, 0.1858 1.0234 0.2716, 0.2046 1.0234 0.2784, 0.2781 1.0234 0.2632, 0.246 1.0234 0.2779, 0.2625 1.0234 0.2716, 0.2671 1.0234 0.2699, 0.2983 1.0234 0.2433, 0.2799 1.0234 0.2617, 0.2889 1.0234 0.2541, 0.3036 1.0234 0.2439, 0.3088 1.0234 0.2442, 0.3248 1.0234 0.2426, 0.3419 1.0234 0.2366, 0.3572 1.0234 0.2265, 0.3613 1.0234 0.2228, 0.3831 1.0234 0.171, 0.3714 1.0234 0.2104, 0.378 1.0234 0.1966, 0.3792 1.0234 0.1943, 0.3825 1.0234 0.1783, 0.3829 1.0234 0.1763, 0.3818 1.0234 0.1585, 0.3819 1.0234 0.1598, 0.3815 1.0234 0.155, 0.3755 1.0234 0.1379, 0.366 1.0234 0.1232, 0.3643 1.0234 0.1212, 0.352 1.0234 0.1102, 0.3359 1.0234 0.1016, 0.328 1.0234 0.0991, 0.3236 1.0234 0.0893, 0.3169 1.0234 0.0809, 0.308 1.0234 0.0741, 0.2975 1.0234 0.0696, 0.2868 1.0234 0.0679, 0.285 1.0234 0.0678, 0.274 1.0234 0.0691, 0.2638 1.0234 0.0729, 0.2547 1.0234 0.0792, 0.2476 1.0234 0.087, 0.2421 1.0234 0.0971, 0.2394 1.0234 0.1084, 0.2391 1.0234 0.113, 0.2391 1.0234 0.1176, 0.1751 1.0234 0.1508, 0.1891 1.0234 0.1751, 0.1803 1.0234 0.1598, 0.1795 1.0234 0.1585, 0.2212 1.0234 0.1585, 0.2503 1.0234 0.1436, 0.2188 1.0234 0.1598, 0.2844 1.0234 0.1594, 0.2582 1.0234 0.1509, 0.2678 1.0234 0.1562, 0.2771 1.0234 0.1585, 0.2788 1.0234 0.159, 0.2913 1.0234 0.1585, 0.2952 1.0234 0.1581, 0.3053 1.0234 0.1543, 0.3147 1.0234 0.1479, 0.3223 1.0234 0.1394, 0.3274 1.0234 0.1296, 0.3525 1.0234 0.1598, 0.3522 1.0234 0.1585, 0.3507 1.0234 0.1536, 0.3453 1.0234 0.1442, 0.3372 1.0234 0.1358, 0.3539 1.0234 0.1647, 0.3544 1.0234 0.1717, 0.3535 1.0234 0.1783, 0.353 1.0234 0.1827, 0.349 1.0234 0.1928, 0.3463 1.0234 0.1966, 0.3426 1.0234 0.2018, 0.3347 1.0234 0.2088, 0.3245 1.0234 0.2141, 0.3132 1.0234 0.2167, 0.3085 1.0234 0.2169, 0.298 1.0234 0.2155, 0.2878 1.0234 0.2118, 0.2844 1.0234 0.2099, 0.2779 1.0234 0.2235, 0.2678 1.0234 0.2358, 0.2551 1.0234 0.2451, 0.2402 1.0234 0.2511, 0.225 1.0234 0.2532, 0.2231 1.0234 0.2532, 0.2084 1.0234 0.2514, 0.1941 1.0234 0.246, 0.1813 1.0234 0.2372, 0.1779 1.0234 0.2339, 0.1681 1.0234 0.2212, 0.1618 1.0234 0.2062, 0.1599 1.0234 0.1966, 0.1598 1.0234 0.1958, 0.1561 1.0234 0.1958, 0.1475 1.0234 0.1947, 0.1395 1.0234 0.1916, 0.1325 1.0234 0.1866, 0.1273 1.0234 0.1806, 0.126 1.0234 0.1783, 0.1231 1.0234 0.1727, 0.121 1.0234 0.1639, 0.1208 1.0234 0.16, 0.1209 1.0234 0.1598, 0.121 1.0234 0.1585, 0.122 1.0234 0.1512, 0.1252 1.0234 0.1431, 0.1302 1.0234 0.136, 0.1309 1.0234 0.1353, 0.1377 1.0234 0.1299, 0.1457 1.0234 0.1262, 0.1539 1.0234 0.1247, 0.1744 1.0234 0.1249, 0.1753 1.0234 0.125, 0.1767 1.0234 0.1253, 0.1771 1.0234 0.1253, 0.1805 1.0234 0.125, 0.1836 1.0234 0.1238, 0.1864 1.0234 0.1219, 0.1888 1.0234 0.1192, 0.1905 1.0234 0.1161, 0.1913 1.0234 0.1126, 0.1913 1.0234 0.1113, 0.1909 1.0234 0.108, 0.1898 1.0234 0.1049, 0.1879 1.0234 0.1021, 0.1865 1.0234 0.1006, 0.1835 1.0234 0.0986, 0.1804 1.0234 0.0975, 0.1782 1.0234 0.0971, 0.1513 1.0234 0.0969, 0.1368 1.0234 0.0998, 0.1228 1.0234 0.1064, 0.1098 1.0234 0.1171, 0.101 1.0234 0.1291, 0.095 1.0234 0.1434, 0.0926 1.0234 0.1583, 0.0926 1.0234 0.1585, 0.0926 1.0234 0.1598, 0.285 1.0234 0.1307, 0.2813 1.0234 0.1302, 0.277 1.0234 0.1287, 0.2734 1.0234 0.1262, 0.2705 1.0234 0.1229, 0.2685 1.0234 0.1192, 0.2675 1.0234 0.115, 0.2675 1.0234 0.1107, 0.2686 1.0234 0.1063, 0.2708 1.0234 0.1024, 0.2738 1.0234 0.0992, 0.2774 1.0234 0.0969, 0.2814 1.0234 0.0955, 0.2853 1.0234 0.0951, 0.2892 1.0234 0.0956, 0.2934 1.0234 0.0972, 0.2971 1.0234 0.0997, 0.2999 1.0234 0.1031, 0.3018 1.0234 0.1068, 0.3028 1.0234 0.1111, 0.3028 1.0234 0.115, 0.3017 1.0234 0.1194, 0.2995 1.0234 0.1233, 0.2965 1.0234 0.1265, 0.2929 1.0234 0.1289, 0.2888 1.0234 0.1303
            ]
        }
        coordIndex [
            0,1,2,-1,3,4,5,-1,6,7,3,-1,8,9,10,-1,7,11,3,-1,3,11,12,-1,3,12,13,-1,14,15,2,-1,2,15,16,-1,2,16,0,-1,12,17,13,-1,13,17,18,-1,13,18,19,-1,19,18,20,-1,21,1,22,-1,22,1,23,-1,22,23,24,-1,25,26,27,-1,27,26,28,-1,27,28,29,-1,29,28,30,-1,29,30,31,-1,31,30,32,-1,33,34,35,-1,35,34,36,-1,35,36,37,-1,37,36,38,-1,37,38,39,-1,39,38,40,-1,39,40,41,-1,42,43,44,-1,44,43,45,-1,44,45,46,-1,46,45,47,-1,46,47,48,-1,48,47,49,-1,48,49,50,-1,50,49,2,-1,50,2,51,-1,10,9,52,-1,52,9,53,-1,52,53,54,-1,41,40,55,-1,55,40,56,-1,55,56,57,-1,58,59,60,-1,60,59,61,-1,60,61,27,-1,27,61,62,-1,27,62,25,-1,63,64,14,-1,14,64,65,-1,14,65,15,-1,66,67,68,-1,68,67,69,-1,68,69,70,-1,70,69,71,-1,70,71,72,-1,72,71,73,-1,72,73,63,-1,63,73,74,-1,63,74,64,-1,75,76,42,-1,42,76,77,-1,42,77,43,-1,30,78,32,-1,32,78,79,-1,32,79,80,-1,80,79,81,-1,80,81,82,-1,82,81,83,-1,82,83,84,-1,84,83,8,-1,84,8,85,-1,85,8,10,-1,53,86,54,-1,54,86,87,-1,54,87,88,-1,88,87,89,-1,88,89,90,-1,90,89,91,-1,90,91,92,-1,92,91,93,-1,92,93,94,-1,94,93,95,-1,94,95,96,-1,33,35,97,-1,97,35,98,-1,97,98,99,-1,99,98,100,-1,99,100,101,-1,101,100,102,-1,101,102,103,-1,103,102,104,-1,103,104,105,-1,105,104,106,-1,105,106,107,-1,107,106,108,-1,107,108,109,-1,109,108,110,-1,109,110,66,-1,66,110,111,-1,66,111,67,-1,56,112,57,-1,57,112,113,-1,57,113,114,-1,114,113,115,-1,114,115,116,-1,116,115,117,-1,116,117,58,-1,58,117,118,-1,58,118,59,-1,21,119,1,-1,1,119,120,-1,1,120,2,-1,2,120,121,-1,2,121,51,-1,6,3,122,-1,122,3,5,-1,122,5,42,-1,42,5,123,-1,42,123,75,-1,23,124,24,-1,24,124,125,-1,24,125,126,-1,126,125,127,-1,126,127,128,-1,128,127,129,-1,128,129,130,-1,130,129,131,-1,130,131,132,-1,132,131,133,-1,132,133,134,-1,134,133,135,-1,134,135,136,-1,136,135,137,-1,136,137,20,-1,20,137,138,-1,20,138,19,-1,139,140,141,-1,142,143,144,-1,145,146,139,-1,139,146,147,-1,139,147,140,-1,95,148,96,-1,96,148,139,-1,96,139,149,-1,149,139,141,-1,145,139,144,-1,144,139,150,-1,144,150,142,-1,143,151,144,-1,144,151,152,-1,144,152,153,-1,84,154,155,-1,156,32,80,-1,84,155,82,-1,82,155,157,-1,82,157,80,-1,80,157,158,-1,80,158,156,-1,156,159,32,-1,32,159,160,-1,32,160,31,-1,31,160,161,-1,31,161,29,-1,29,161,162,-1,29,162,27,-1,27,162,163,-1,27,163,60,-1,60,163,164,-1,60,164,58,-1,165,57,114,-1,58,164,166,-1,58,166,116,-1,166,167,116,-1,116,167,168,-1,116,168,114,-1,114,168,169,-1,114,169,165,-1,170,39,41,-1,57,165,171,-1,57,171,55,-1,55,171,172,-1,55,172,41,-1,41,172,173,-1,41,173,170,-1,174,35,37,-1,39,170,175,-1,39,175,37,-1,37,175,176,-1,37,176,174,-1,35,174,177,-1,35,177,98,-1,98,177,178,-1,98,178,100,-1,100,178,179,-1,100,179,102,-1,102,179,180,-1,102,180,104,-1,104,180,181,-1,104,181,106,-1,106,181,182,-1,106,182,108,-1,183,69,67,-1,108,182,184,-1,108,184,110,-1,110,184,185,-1,110,185,111,-1,185,186,111,-1,111,186,187,-1,111,187,67,-1,67,187,188,-1,67,188,183,-1,189,71,190,-1,190,71,69,-1,190,69,183,-1,189,191,71,-1,71,191,192,-1,71,192,73,-1,73,192,193,-1,73,193,74,-1,74,193,194,-1,74,194,64,-1,64,194,195,-1,64,195,65,-1,65,195,196,-1,65,196,15,-1,15,196,197,-1,15,197,16,-1,16,197,198,-1,16,198,0,-1,0,198,199,-1,0,199,1,-1,1,199,200,-1,1,200,23,-1,23,200,201,-1,23,201,124,-1,124,201,202,-1,124,202,125,-1,125,202,203,-1,125,203,127,-1,127,203,204,-1,127,204,129,-1,129,204,205,-1,129,205,131,-1,131,205,206,-1,131,206,133,-1,133,206,207,-1,133,207,135,-1,135,207,208,-1,135,208,137,-1,137,208,209,-1,137,209,138,-1,138,209,210,-1,138,210,19,-1,13,19,211,-1,211,19,210,-1,3,13,212,-1,212,13,211,-1,213,4,214,-1,214,4,3,-1,214,3,215,-1,215,3,212,-1,216,217,5,-1,216,5,218,-1,218,5,4,-1,218,4,213,-1,219,77,76,-1,5,217,220,-1,5,220,123,-1,123,220,221,-1,123,221,75,-1,75,221,222,-1,75,222,76,-1,76,222,223,-1,76,223,219,-1,43,77,224,-1,224,77,219,-1,224,225,43,-1,43,225,226,-1,43,226,45,-1,45,226,227,-1,45,227,47,-1,47,227,228,-1,47,228,49,-1,49,228,229,-1,49,229,2,-1,230,70,231,-1,231,70,72,-1,231,72,232,-1,232,72,63,-1,232,63,233,-1,233,63,14,-1,233,14,234,-1,234,14,2,-1,234,2,229,-1,230,235,70,-1,70,235,236,-1,70,236,68,-1,66,68,237,-1,237,68,236,-1,237,238,66,-1,66,238,239,-1,66,239,109,-1,109,239,240,-1,109,240,107,-1,240,241,107,-1,107,241,242,-1,107,242,105,-1,105,242,243,-1,105,243,103,-1,103,243,244,-1,103,244,101,-1,101,244,245,-1,101,245,99,-1,99,245,246,-1,99,246,97,-1,97,246,247,-1,97,247,33,-1,33,247,248,-1,33,248,34,-1,34,248,249,-1,34,249,36,-1,36,249,250,-1,36,250,38,-1,38,250,251,-1,38,251,40,-1,40,251,252,-1,40,252,56,-1,56,252,253,-1,56,253,112,-1,112,253,254,-1,112,254,113,-1,113,254,255,-1,113,255,115,-1,115,255,256,-1,115,256,117,-1,117,256,257,-1,117,257,118,-1,118,257,258,-1,118,258,59,-1,59,258,259,-1,59,259,61,-1,61,259,260,-1,61,260,62,-1,62,260,25,-1,25,260,261,-1,25,261,262,-1,26,25,263,-1,263,25,262,-1,26,263,264,-1,26,264,28,-1,28,264,265,-1,28,265,30,-1,30,265,266,-1,30,266,78,-1,78,266,267,-1,78,267,79,-1,79,267,268,-1,79,268,81,-1,268,269,81,-1,81,269,270,-1,81,270,83,-1,83,270,271,-1,83,271,8,-1,271,272,8,-1,8,272,273,-1,8,273,9,-1,273,274,9,-1,9,274,275,-1,9,275,53,-1,53,275,276,-1,53,276,86,-1,86,276,277,-1,86,277,87,-1,87,277,278,-1,87,278,89,-1,89,278,279,-1,89,279,91,-1,91,279,280,-1,91,280,93,-1,95,93,281,-1,281,93,280,-1,95,281,282,-1,95,282,148,-1,148,282,283,-1,148,283,139,-1,139,283,284,-1,139,284,150,-1,150,284,285,-1,150,285,142,-1,142,285,286,-1,142,286,143,-1,143,286,287,-1,143,287,151,-1,151,287,288,-1,151,288,152,-1,152,288,289,-1,152,289,153,-1,153,289,290,-1,153,290,144,-1,144,290,291,-1,144,291,145,-1,145,291,292,-1,145,292,146,-1,146,292,293,-1,146,293,147,-1,147,293,294,-1,147,294,140,-1,140,294,295,-1,140,295,141,-1,141,295,296,-1,141,296,149,-1,149,296,297,-1,149,297,96,-1,96,297,298,-1,96,298,94,-1,92,94,299,-1,299,94,298,-1,92,299,300,-1,92,300,90,-1,90,300,301,-1,90,301,88,-1,88,301,302,-1,88,302,54,-1,54,302,303,-1,54,303,52,-1,52,303,304,-1,52,304,10,-1,10,304,305,-1,10,305,85,-1,85,305,306,-1,85,306,84,-1,84,306,307,-1,84,307,154,-1,122,308,309,-1,122,309,6,-1,6,309,310,-1,6,310,7,-1,7,310,311,-1,7,311,11,-1,11,311,312,-1,11,312,12,-1,12,312,313,-1,12,313,17,-1,17,313,314,-1,17,314,18,-1,18,314,315,-1,18,315,20,-1,20,315,316,-1,20,316,136,-1,136,316,317,-1,136,317,134,-1,134,317,318,-1,134,318,132,-1,132,318,319,-1,132,319,130,-1,130,319,320,-1,130,320,128,-1,128,320,321,-1,128,321,126,-1,126,321,322,-1,126,322,24,-1,24,322,323,-1,24,323,22,-1,22,323,324,-1,22,324,21,-1,21,324,325,-1,21,325,119,-1,119,325,326,-1,119,326,120,-1,120,326,327,-1,120,327,121,-1,121,327,328,-1,121,328,51,-1,51,328,329,-1,51,329,50,-1,50,329,330,-1,50,330,48,-1,48,330,331,-1,48,331,46,-1,46,331,332,-1,46,332,44,-1,44,332,333,-1,44,333,42,-1,42,333,308,-1,42,308,122,-1,
        ]
    }
}
Shape{
    appearance Appearance {
        material  Material 	{
            diffuseColor 0.8313725490196079 0.8392156862745098 0.8313725490196079
            specularColor 0.4980392156862745 0.5019607843137255 0.4980392156862745
            ambientIntensity 0.836
            transparency 0.0
            shininess 0.5
        }
    }
    geometry IndexedFaceSet {
        ccw TRUE
        solid FALSE
        coord DEF co Coordinate {
            point [
                0.3028 1.0234 0.1111, 0.2888 1.0234 0.1303, 0.3028 1.0234 0.115, 0.2929 1.0234 0.1289, 0.2675 1.0234 0.115, 0.2685 1.0234 0.1192, 0.2774 1.0234 0.0969, 0.2705 1.0234 0.1229, 0.2734 1.0234 0.1262, 0.2965 1.0234 0.1265, 0.2995 1.0234 0.1233, 0.3017 1.0234 0.1194, 0.3018 1.0234 0.1068, 0.2999 1.0234 0.1031, 0.2971 1.0234 0.0997, 0.2738 1.0234 0.0992, 0.2708 1.0234 0.1024, 0.2675 1.0234 0.1107, 0.2686 1.0234 0.1063, 0.2853 1.0234 0.0951, 0.285 1.0234 0.1307, 0.2814 1.0234 0.0955, 0.2813 1.0234 0.1302, 0.277 1.0234 0.1287, 0.2934 1.0234 0.0972, 0.2892 1.0234 0.0956, 1.0236 -0.512 0.0197, 1.0236 0.5116 0.0197, 1.0236 -0.512 0.2953, 1.0236 0.5116 0.2953, 0.9842 0.5116 0.0197, 0.9842 -0.512 0.0197, 0.9842 0.5116 0.2953, 0.9842 -0.512 0.2953, -0.5118 -1.0238 0.0197, 0.5118 -1.0238 0.0197, -0.5118 -1.0238 0.2953, 0.5118 -1.0238 0.2953, 0.5118 -0.9844 0.0197, -0.5118 -0.9844 0.0197, 0.5118 -0.9844 0.2953, -0.5118 -0.9844 0.2953, -0.9843 -0.512 0.0197, -0.9843 0.5116 0.0197, -0.9843 -0.512 0.2953, -0.9843 0.5116 0.2953, -1.0236 0.5116 0.0197, -1.0236 -0.512 0.0197, -1.0236 0.5116 0.2953, -1.0236 -0.512 0.2953
            ]
        }
        coordIndex [
            0,1,2,-1,2,1,3,-1,4,5,6,-1,6,5,7,-1,6,7,8,-1,3,9,2,-1,2,9,10,-1,2,10,11,-1,0,12,1,-1,1,12,13,-1,1,13,14,-1,6,15,4,-1,4,15,16,-1,4,16,17,-1,17,16,18,-1,1,19,20,-1,20,19,21,-1,20,21,22,-1,22,21,6,-1,22,6,23,-1,23,6,8,-1,14,24,1,-1,1,24,25,-1,1,25,19,-1,26,27,28,-1,28,27,29,-1,30,31,32,-1,32,31,33,-1,31,30,26,-1,26,30,27,-1,34,35,36,-1,36,35,37,-1,38,39,40,-1,40,39,41,-1,34,39,35,-1,35,39,38,-1,42,43,44,-1,44,43,45,-1,46,47,48,-1,48,47,49,-1,47,46,42,-1,42,46,43,-1,
        ]
    }
}